image_id,file,pixel_type_ar,pixel_type,gender,class,weapon,species,culture
spr_00000,data/full_all/00579.png,طباخ_جزار,cook_butcher,male,npc_civilian,none_visible,human,middle_eastern
spr_00001,data/full_all/00580.png,طباخ_جزار,cook_butcher,male,npc_civilian,none_visible,human,middle_eastern
spr_00002,data/full_all/00581.png,فارس_محارب,knight_warrior,male,warrior,melee_blade,human,middle_eastern
spr_00003,data/full_all/00582.png,فارس_محارب,knight_warrior,male,warrior,melee_blade,human,middle_eastern
spr_00004,data/full_all/00583.png,رامي_قوس,archer,male,archer,ranged_bow,human,middle_eastern
spr_00005,data/full_all/00584.png,رامي_قوس,archer,male,archer,ranged_bow,human,middle_eastern
spr_00006,data/full_all/00585.png,فارس_محارب,knight_warrior,male,warrior,melee_blade,human,middle_eastern
spr_00007,data/full_all/00586.png,طباخ_جزار,cook_butcher,male,npc_civilian,none_visible,human,middle_eastern
spr_00008,data/full_all/00587.png,طباخ_جزار,cook_butcher,male,npc_civilian,none_visible,human,middle_eastern
spr_00009,data/full_all/00588.png,طباخ_جزار,cook_butcher,male,npc_civilian,none_visible,human,middle_eastern
spr_00010,data/full_all/00589.png,كائن_وردي,pink_creature,ambiguous,animal_pet,none_visible,animal_anthro,generic_western
spr_00011,data/full_all/00590.png,طباخ_جزار,cook_butcher,male,npc_civilian,none_visible,human,middle_eastern
spr_00012,data/full_all/00591.png,طباخ_جزار,cook_butcher,male,npc_civilian,none_visible,human,middle_eastern
spr_00013,data/full_all/00592.png,بنت_عادية,girl_casual,female,npc_civilian,none_visible,human,middle_eastern
spr_00014,data/full_all/00593.png,رامي_قوس,archer,male,archer,ranged_bow,human,middle_eastern
spr_00015,data/full_all/00594.png,طباخ_جزار,cook_butcher,male,npc_civilian,none_visible,human,middle_eastern
spr_00016,data/full_all/00595.png,طباخ_جزار,cook_butcher,male,npc_civilian,none_visible,human,middle_eastern
spr_00017,data/full_all/00596.png,رامي_قوس,archer,male,archer,ranged_bow,human,middle_eastern
spr_00018,data/full_all/00597.png,طباخ_جزار,cook_butcher,male,npc_civilian,none_visible,human,middle_eastern
spr_00019,data/full_all/00598.png,رامي_قوس,archer,male,archer,ranged_bow,human,middle_eastern
spr_00020,data/full_all/00599.png,بنت_عادية,girl_casual,female,npc_civilian,none_visible,human,middle_eastern
spr_00021,data/full_all/00600.png,رامي_قوس,archer,male,archer,ranged_bow,human,middle_eastern
spr_00022,data/full_all/00601.png,طباخ_جزار,cook_butcher,male,npc_civilian,none_visible,human,middle_eastern
spr_00023,data/full_all/00602.png,رامي_قوس,archer,male,archer,ranged_bow,human,middle_eastern
spr_00024,data/full_all/00603.png,فارس_محارب,knight_warrior,male,warrior,melee_blade,human,middle_eastern
spr_00025,data/full_all/00604.png,رامي_قوس,archer,male,archer,ranged_bow,human,middle_eastern
spr_00026,data/full_all/00605.png,فارس_محارب,knight_warrior,male,warrior,melee_blade,human,middle_eastern
spr_00027,data/full_all/00606.png,لص_ملثم,rogue_hooded,male,rogue,melee_blade,human,generic_western
spr_00028,data/full_all/00607.png,فارس_محارب,knight_warrior,male,warrior,shield_tank,human,middle_eastern
spr_00029,data/full_all/00608.png,لص_ملثم,rogue_hooded,male,rogue,melee_blade,human,generic_western
spr_00030,data/full_all/00609.png,ولد_عادي,boy_casual,male,npc_civilian,none_visible,human,generic_western
spr_00031,data/full_all/00610.png,ولد_عادي,boy_casual,male,npc_civilian,none_visible,human,generic_western
spr_00032,data/full_all/00611.png,بنت_فستان,girl_dress,female,npc_civilian,none_visible,human,middle_eastern
spr_00033,data/full_all/00612.png,بنت_فستان,girl_dress,female,npc_civilian,none_visible,human,middle_eastern
spr_00034,data/full_all/00613.png,بنت_فستان,girl_dress,female,npc_civilian,none_visible,human,middle_eastern
spr_00035,data/full_all/00614.png,بنت_عادية,girl_casual,female,npc_civilian,none_visible,human,east_asian
spr_00036,data/full_all/00615.png,بنت_عادية,girl_casual,female,npc_civilian,none_visible,human,east_asian
spr_00037,data/full_all/00616.png,بنت_عادية,girl_casual,female,npc_civilian,none_visible,human,east_asian
spr_00038,data/full_all/00617.png,كاوبوي,cowboy,male,npc_civilian,none_visible,human,generic_western
spr_00039,data/full_all/00618.png,كاوبوي,cowboy,male,npc_civilian,none_visible,human,generic_western
spr_00040,data/full_all/00619.png,طائر_مجسم,bird_anthro,ambiguous,animal_pet,none_visible,animal_anthro,generic_western
spr_00041,data/full_all/00620.png,سلايم_كتلة,blob_slime,ambiguous,unknown,none_visible,humanoid,generic_western
spr_00042,data/full_all/00621.png,رامي_قوس,archer,male,archer,ranged_bow,human,middle_eastern
spr_00043,data/full_all/00622.png,بنت_فستان,girl_dress,female,npc_civilian,none_visible,human,middle_eastern
spr_00044,data/full_all/00623.png,كائن_وردي,pink_creature,ambiguous,animal_pet,none_visible,animal_anthro,generic_western
spr_00045,data/full_all/00624.png,رامي_قوس,archer,male,archer,ranged_bow,human,middle_eastern
spr_00046,data/full_all/00625.png,فارس_محارب,knight_warrior,male,warrior,melee_blade,human,middle_eastern
spr_00047,data/full_all/00626.png,تاجر,shopkeeper,male,npc_civilian,none_visible,human,middle_eastern
spr_00048,data/full_all/00627.png,رامي_قوس,archer,male,archer,ranged_bow,human,middle_eastern
spr_00049,data/full_all/00628.png,بنت_عادية,girl_casual,female,npc_civilian,none_visible,human,middle_eastern
spr_00050,data/full_all/00629.png,طباخ_جزار,cook_butcher,male,npc_civilian,none_visible,human,middle_eastern
spr_00051,data/full_all/00630.png,ولد_عادي,boy_casual,male,npc_civilian,none_visible,human,middle_eastern
spr_00052,data/full_all/00631.png,طائر_مجسم,bird_anthro,ambiguous,animal_pet,none_visible,animal_anthro,generic_western
spr_00053,data/full_all/00632.png,طباخ_جزار,cook_butcher,male,npc_civilian,none_visible,human,middle_eastern
spr_00054,data/full_all/00633.png,طائر_مجسم,bird_anthro,ambiguous,animal_pet,none_visible,animal_anthro,generic_western
spr_00055,data/full_all/00634.png,طائر_مجسم,bird_anthro,ambiguous,animal_pet,none_visible,animal_anthro,generic_western
spr_00056,data/full_all/00635.png,طائر_مجسم,bird_anthro,ambiguous,animal_pet,none_visible,animal_anthro,generic_western
spr_00057,data/full_all/00636.png,رامي_قوس,archer,male,archer,ranged_bow,human,middle_eastern
spr_00058,data/full_all/00637.png,رامي_قوس,archer,male,archer,ranged_bow,human,middle_eastern
spr_00059,data/full_all/00638.png,كائن_وردي,pink_creature,ambiguous,animal_pet,none_visible,animal_anthro,generic_western
spr_00060,data/full_all/00639.png,بنت_فستان,girl_dress,female,npc_civilian,none_visible,human,middle_eastern
spr_00061,data/full_all/00640.png,فارس_محارب,knight_warrior,male,warrior,shield_tank,human,middle_eastern
spr_00062,data/full_all/00641.png,سلايم_كتلة,blob_slime,ambiguous,unknown,none_visible,humanoid,generic_western
spr_00063,data/full_all/00642.png,رامي_قوس,archer,male,archer,ranged_bow,human,middle_eastern
spr_00064,data/full_all/00643.png,بورتريه_رأس,head_portrait,female,unknown,none_visible,human,generic_western
spr_00065,data/full_all/00644.png,بنت_عادية,girl_casual,female,npc_civilian,none_visible,human,east_asian
spr_00066,data/full_all/00645.png,بطة_مجسمة,duck_anthro,ambiguous,animal_pet,none_visible,animal_anthro,generic_western
spr_00067,data/full_all/00646.png,رامي_قوس,archer,male,archer,ranged_bow,human,middle_eastern
spr_00068,data/full_all/00647.png,سلايم_كتلة,blob_slime,ambiguous,unknown,none_visible,humanoid,generic_western
spr_00069,data/full_all/00648.png,سلايم_كتلة,blob_slime,ambiguous,unknown,none_visible,humanoid,generic_western
spr_00070,data/full_all/00649.png,فارس_محارب,knight_warrior,male,warrior,melee_blade,human,middle_eastern
spr_00071,data/full_all/00650.png,فارس_محارب,knight_warrior,male,warrior,shield_tank,human,middle_eastern
spr_00072,data/full_all/00651.png,سلايم_كتلة,blob_slime,ambiguous,unknown,none_visible,humanoid,generic_western
spr_00073,data/full_all/00652.png,بنت_عادية,girl_casual,female,npc_civilian,none_visible,human,east_asian
spr_00074,data/full_all/00653.png,ساحر,mage_caster,female,mage,magic_caster,human,middle_eastern
spr_00075,data/full_all/00654.png,فارس_محارب,knight_warrior,male,warrior,melee_blade,human,middle_eastern
spr_00076,data/full_all/00655.png,سلايم_كتلة,blob_slime,ambiguous,unknown,none_visible,humanoid,generic_western
spr_00077,data/full_all/00656.png,فارس_محارب,knight_warrior,male,warrior,shield_tank,human,middle_eastern
spr_00078,data/full_all/00657.png,وحش_بوس,monster_boss,male,warrior,dual_wield,monster_creature,generic_western
spr_00079,data/full_all/00658.png,وحش_بوس,monster_boss,male,warrior,dual_wield,monster_creature,generic_western
spr_00080,data/full_all/00659.png,وحش_بوس,monster_boss,male,warrior,dual_wield,monster_creature,generic_western
spr_00081,data/full_all/00660.png,فارس_محارب,knight_warrior,male,warrior,shield_tank,human,middle_eastern
spr_00082,data/full_all/00661.png,بورتريه_رأس,head_portrait,ambiguous,unknown,none_visible,humanoid,generic_western
spr_00083,data/full_all/00662.png,فارس_محارب,knight_warrior,male,warrior,shield_tank,human,middle_eastern
spr_00084,data/full_all/00663.png,بنت_فستان,girl_dress,female,npc_civilian,none_visible,human,middle_eastern
spr_00085,data/full_all/00664.png,طباخ_جزار,cook_butcher,male,npc_civilian,none_visible,human,middle_eastern
spr_00086,data/full_all/00665.png,ولد_عادي,boy_casual,male,npc_civilian,none_visible,human,generic_western
spr_00087,data/full_all/00666.png,بنت_فستان,girl_dress,female,npc_civilian,none_visible,human,middle_eastern
spr_00088,data/full_all/00667.png,بنت_عادية,girl_casual,female,npc_civilian,none_visible,human,east_asian
spr_00089,data/full_all/00668.png,سلايم_كتلة,blob_slime,ambiguous,unknown,none_visible,humanoid,generic_western
spr_00090,data/full_all/00669.png,كائن_وردي,pink_creature,ambiguous,animal_pet,none_visible,animal_anthro,generic_western
spr_00091,data/full_all/00670.png,كائن_وردي,pink_creature,ambiguous,animal_pet,none_visible,animal_anthro,generic_western
spr_00092,data/full_all/00671.png,فارس_محارب,knight_warrior,male,warrior,shield_tank,human,middle_eastern
spr_00093,data/full_all/00672.png,لص_ملثم,rogue_hooded,male,rogue,melee_blade,human,generic_western
spr_00094,data/full_all/00673.png,بنت_عادية,girl_casual,female,npc_civilian,none_visible,human,east_asian
spr_00095,data/full_all/00674.png,بنت_عادية,girl_casual,female,npc_civilian,none_visible,human,east_asian
spr_00096,data/full_all/00675.png,طائر_مجسم,bird_anthro,ambiguous,animal_pet,none_visible,animal_anthro,generic_western
spr_00097,data/full_all/00676.png,ساحر,mage_caster,female,mage,magic_caster,human,middle_eastern
spr_00098,data/full_all/00677.png,رامي_قوس,archer,male,archer,ranged_bow,human,middle_eastern
spr_00099,data/full_all/00678.png,سلايم_كتلة,blob_slime,ambiguous,unknown,none_visible,humanoid,generic_western
spr_00100,data/full_all/00679.png,وحش_بوس,monster_boss,male,boss,dual_wield,monster_creature,generic_western
spr_00101,data/full_all/00680.png,ساحر,mage_caster,female,mage,magic_caster,human,middle_eastern
spr_00102,data/full_all/00681.png,بنت_فستان,girl_dress,female,npc_civilian,none_visible,human,middle_eastern
spr_00103,data/full_all/00682.png,بورتريه_رأس,head_portrait,ambiguous,unknown,none_visible,humanoid,generic_western
spr_00104,data/full_all/00683.png,فارس_محارب,knight_warrior,male,warrior,melee_blade,human,middle_eastern
spr_00105,data/full_all/00684.png,ولد_عادي,boy_casual,male,npc_civilian,none_visible,human,generic_western
spr_00106,data/full_all/00685.png,بورتريه_رأس,head_portrait,ambiguous,unknown,none_visible,humanoid,generic_western
spr_00107,data/full_all/00686.png,كاوبوي,cowboy,male,npc_civilian,none_visible,human,generic_western
spr_00108,data/full_all/00687.png,طباخ_جزار,cook_butcher,male,npc_civilian,none_visible,human,middle_eastern
spr_00109,data/full_all/00688.png,طائر_مجسم,bird_anthro,ambiguous,animal_pet,none_visible,animal_anthro,generic_western
spr_00110,data/full_all/00689.png,وحش_بوس,monster_boss,male,boss,dual_wield,monster_creature,generic_western
spr_00111,data/full_all/00690.png,لص_ملثم,rogue_hooded,male,rogue,melee_blade,human,generic_western
spr_00112,data/full_all/00691.png,بنت_فستان,girl_dress,female,npc_civilian,none_visible,human,middle_eastern
spr_00113,data/full_all/00692.png,رامي_قوس,archer,male,archer,ranged_bow,human,middle_eastern
spr_00114,data/full_all/00693.png,طباخ_جزار,cook_butcher,male,npc_civilian,none_visible,human,middle_eastern
spr_00115,data/full_all/00694.png,طائر_مجسم,bird_anthro,ambiguous,animal_pet,none_visible,animal_anthro,generic_western
spr_00116,data/full_all/00695.png,بنت_فستان,girl_dress,female,npc_civilian,none_visible,human,middle_eastern
spr_00117,data/full_all/00696.png,ولد_عادي,boy_casual,male,npc_civilian,none_visible,human,generic_western
spr_00118,data/full_all/00697.png,بطة_مجسمة,duck_anthro,ambiguous,animal_pet,none_visible,animal_anthro,generic_western
spr_00119,data/full_all/00698.png,طائر_مجسم,bird_anthro,ambiguous,animal_pet,none_visible,animal_anthro,generic_western
spr_00120,data/full_all/00699.png,طائر_مجسم,bird_anthro,ambiguous,animal_pet,none_visible,animal_anthro,generic_western
spr_00121,data/full_all/00700.png,طائر_مجسم,bird_anthro,ambiguous,animal_pet,none_visible,animal_anthro,generic_western
spr_00122,data/full_all/00701.png,سلايم_كتلة,blob_slime,ambiguous,unknown,none_visible,humanoid,generic_western
spr_00123,data/full_all/00702.png,طائر_مجسم,bird_anthro,ambiguous,animal_pet,none_visible,animal_anthro,generic_western
spr_00124,data/full_all/00703.png,طائر_مجسم,bird_anthro,ambiguous,animal_pet,none_visible,animal_anthro,generic_western
spr_00125,data/full_all/00704.png,رداء_أبيض,white_robe,ambiguous,cleric_healer,none_visible,human,generic_western
spr_00126,data/full_all/00705.png,ساحر,mage_caster,male,mage,magic_caster,human,middle_eastern
spr_00127,data/full_all/00706.png,فارس_محارب,knight_warrior,male,warrior,melee_blade,human,middle_eastern
spr_00128,data/full_all/00707.png,رامي_قوس,archer,male,archer,ranged_bow,human,middle_eastern
spr_00129,data/full_all/00708.png,ولد_عادي,boy_casual,male,npc_civilian,none_visible,human,generic_western
spr_00130,data/full_all/00709.png,ساحر,mage_caster,male,mage,magic_caster,human,middle_eastern
spr_00131,data/full_all/00710.png,فارس_محارب,knight_warrior,male,warrior,shield_tank,human,middle_eastern
spr_00132,data/full_all/00711.png,روبوت,robot_mech,not_applicable,mech_unit,tech_gadget,robot_android,generic_western
spr_00133,data/full_all/00712.png,ساحر,mage_caster,male,mage,magic_caster,human,middle_eastern
spr_00134,data/full_all/00713.png,ولد_عادي,boy_casual,male,npc_civilian,none_visible,human,generic_western
spr_00135,data/full_all/00714.png,كاوبوي,cowboy,male,npc_civilian,none_visible,human,generic_western
spr_00136,data/full_all/00715.png,طائر_مجسم,bird_anthro,ambiguous,animal_pet,none_visible,animal_anthro,generic_western
spr_00137,data/full_all/00716.png,طباخ_جزار,cook_butcher,male,npc_civilian,none_visible,human,middle_eastern
spr_00138,data/full_all/00717.png,طباخ_جزار,cook_butcher,male,npc_civilian,none_visible,human,middle_eastern
spr_00139,data/full_all/00718.png,رداء_أبيض,white_robe,ambiguous,cleric_healer,none_visible,human,generic_western
spr_00140,data/full_all/00719.png,بنت_فستان,girl_dress,female,npc_civilian,none_visible,human,middle_eastern
spr_00141,data/full_all/00720.png,طائر_مجسم,bird_anthro,ambiguous,animal_pet,none_visible,animal_anthro,generic_western
spr_00142,data/full_all/00721.png,طائر_مجسم,bird_anthro,ambiguous,animal_pet,none_visible,animal_anthro,generic_western
spr_00143,data/full_all/00722.png,بنت_فستان,girl_dress,female,npc_civilian,none_visible,human,middle_eastern
spr_00144,data/full_all/00723.png,فارس_محارب,knight_warrior,male,warrior,shield_tank,human,middle_eastern
spr_00145,data/full_all/00724.png,فارس_محارب,knight_warrior,male,warrior,shield_tank,human,middle_eastern
spr_00146,data/full_all/00725.png,فارس_محارب,knight_warrior,male,warrior,shield_tank,human,middle_eastern
spr_00147,data/full_all/00726.png,رامي_قوس,archer,male,archer,ranged_bow,human,middle_eastern
spr_00148,data/full_all/00727.png,روبوت,robot_mech,not_applicable,mech_unit,tech_gadget,robot_android,generic_western
spr_00149,data/full_all/00728.png,رامي_قوس,archer,male,archer,ranged_bow,human,middle_eastern
spr_00150,data/full_all/00729.png,ساحر,mage_caster,male,mage,magic_caster,human,middle_eastern
spr_00151,data/full_all/00730.png,طباخ_جزار,cook_butcher,male,npc_civilian,none_visible,human,middle_eastern
spr_00152,data/full_all/00731.png,ساحر,mage_caster,male,mage,magic_caster,human,middle_eastern
spr_00153,data/full_all/00732.png,بطة_مجسمة,duck_anthro,ambiguous,animal_pet,none_visible,animal_anthro,generic_western
spr_00154,data/full_all/00733.png,سلايم_كتلة,blob_slime,ambiguous,unknown,none_visible,humanoid,generic_western
spr_00155,data/full_all/00734.png,ساحر,mage_caster,female,mage,magic_caster,human,middle_eastern
spr_00156,data/full_all/00735.png,طائر_مجسم,bird_anthro,ambiguous,animal_pet,none_visible,animal_anthro,generic_western
spr_00157,data/full_all/00736.png,ساحر,mage_caster,female,mage,magic_caster,human,middle_eastern
spr_00158,data/full_all/00737.png,طباخ_جزار,cook_butcher,male,npc_civilian,none_visible,human,middle_eastern
spr_00159,data/full_all/00738.png,ولد_عادي,boy_casual,male,npc_civilian,none_visible,human,generic_western
spr_00160,data/full_all/00739.png,طائر_مجسم,bird_anthro,ambiguous,animal_pet,none_visible,animal_anthro,generic_western
spr_00161,data/full_all/00740.png,سلايم_كتلة,blob_slime,ambiguous,unknown,none_visible,humanoid,generic_western
spr_00162,data/full_all/00741.png,فارس_محارب,knight_warrior,male,warrior,shield_tank,human,middle_eastern
spr_00163,data/full_all/00742.png,سلايم_كتلة,blob_slime,ambiguous,unknown,none_visible,humanoid,generic_western
spr_00164,data/full_all/00743.png,بطة_مجسمة,duck_anthro,ambiguous,animal_pet,none_visible,animal_anthro,generic_western
spr_00165,data/full_all/00744.png,طائر_مجسم,bird_anthro,ambiguous,animal_pet,none_visible,animal_anthro,generic_western
spr_00166,data/full_all/00745.png,سلايم_كتلة,blob_slime,ambiguous,unknown,none_visible,humanoid,generic_western
spr_00167,data/full_all/00746.png,طائر_مجسم,bird_anthro,ambiguous,animal_pet,none_visible,animal_anthro,generic_western
spr_00168,data/full_all/00747.png,رداء_أبيض,white_robe,ambiguous,cleric_healer,none_visible,human,generic_western
spr_00169,data/full_all/00748.png,ولد_عادي,boy_casual,male,npc_civilian,none_visible,human,generic_western
spr_00170,data/full_all/00749.png,بنت_عادية,girl_casual,female,npc_civilian,none_visible,human,generic_western
spr_00171,data/full_all/00750.png,ساحر,mage_caster,male,mage,magic_caster,human,middle_eastern
spr_00172,data/full_all/00751.png,روبوت,robot_mech,not_applicable,mech_unit,tech_gadget,robot_android,generic_western
spr_00173,data/full_all/00752.png,ساحر,mage_caster,male,mage,magic_caster,human,middle_eastern
spr_00174,data/full_all/00753.png,طائر_مجسم,bird_anthro,ambiguous,animal_pet,none_visible,animal_anthro,generic_western
spr_00175,data/full_all/00754.png,طائر_مجسم,bird_anthro,ambiguous,animal_pet,none_visible,animal_anthro,generic_western
spr_00176,data/full_all/00755.png,سلايم_كتلة,blob_slime,ambiguous,unknown,none_visible,humanoid,generic_western
spr_00177,data/full_all/00756.png,طائر_مجسم,bird_anthro,ambiguous,animal_pet,none_visible,animal_anthro,generic_western
spr_00178,data/full_all/00757.png,بنت_فستان,girl_dress,female,npc_civilian,none_visible,human,middle_eastern
spr_00179,data/full_all/00758.png,طائر_مجسم,bird_anthro,ambiguous,animal_pet,none_visible,animal_anthro,generic_western
spr_00180,data/full_all/00759.png,رامي_قوس,archer,male,archer,ranged_bow,human,middle_eastern
spr_00181,data/full_all/00760.png,فارس_محارب,knight_warrior,male,warrior,shield_tank,human,middle_eastern
spr_00182,data/full_all/00761.png,فارس_محارب,knight_warrior,male,warrior,shield_tank,human,middle_eastern
spr_00183,data/full_all/00762.png,ساحر,mage_caster,male,mage,magic_caster,human,middle_eastern
spr_00184,data/full_all/00763.png,ولد_عادي,boy_casual,male,npc_civilian,none_visible,human,generic_western
spr_00185,data/full_all/00764.png,فارس_محارب,knight_warrior,male,warrior,melee_blade,human,middle_eastern
spr_00186,data/full_all/00765.png,فارس_محارب,knight_warrior,male,warrior,melee_blade,human,middle_eastern
spr_00187,data/full_all/00766.png,رامي_قوس,archer,male,archer,ranged_bow,human,middle_eastern
spr_00188,data/full_all/00767.png,فارس_محارب,knight_warrior,male,warrior,melee_blade,human,middle_eastern
spr_00189,data/full_all/00768.png,فارس_محارب,knight_warrior,male,warrior,melee_blade,human,middle_eastern
spr_00190,data/full_all/00769.png,فارس_محارب,knight_warrior,male,warrior,melee_blade,human,middle_eastern
spr_00191,data/full_all/00770.png,فارس_محارب,knight_warrior,male,warrior,melee_blade,human,middle_eastern
spr_00192,data/full_all/00771.png,فارس_محارب,knight_warrior,male,warrior,melee_blade,human,middle_eastern
spr_00193,data/full_all/00772.png,تاجر,shopkeeper,male,npc_civilian,none_visible,human,middle_eastern
spr_00194,data/full_all/00773.png,فارس_محارب,knight_warrior,male,warrior,melee_blade,human,middle_eastern
spr_00195,data/full_all/00774.png,فارس_محارب,knight_warrior,male,warrior,melee_blade,human,middle_eastern
spr_00196,data/full_all/00775.png,تاجر,shopkeeper,male,npc_civilian,none_visible,human,middle_eastern
spr_00197,data/full_all/00776.png,طباخ_جزار,cook_butcher,male,npc_civilian,none_visible,human,middle_eastern
spr_00198,data/full_all/00777.png,طباخ_جزار,cook_butcher,male,npc_civilian,none_visible,human,middle_eastern
spr_00199,data/full_all/00778.png,رامي_قوس,archer,male,archer,ranged_bow,human,middle_eastern
spr_00200,data/full_all/00779.png,تاجر,shopkeeper,male,npc_civilian,none_visible,human,middle_eastern
spr_00201,data/full_all/00780.png,بنت_عادية,girl_casual,female,npc_civilian,none_visible,human,middle_eastern
spr_00202,data/full_all/00781.png,بنت_عادية,girl_casual,female,npc_civilian,none_visible,human,middle_eastern
spr_00203,data/full_all/00782.png,سبرايت_غير_محدد,unknown_sprite,ambiguous,unknown,none_visible,human,generic_western
spr_00204,data/full_all/00783.png,طباخ_جزار,cook_butcher,male,npc_civilian,none_visible,human,middle_eastern
spr_00205,data/full_all/00784.png,طباخ_جزار,cook_butcher,male,npc_civilian,none_visible,human,middle_eastern
spr_00206,data/full_all/00785.png,طباخ_جزار,cook_butcher,male,npc_civilian,none_visible,human,middle_eastern
spr_00207,data/full_all/00786.png,فارس_محارب,knight_warrior,male,warrior,melee_blade,human,middle_eastern
spr_00208,data/full_all/00787.png,فارس_محارب,knight_warrior,male,warrior,melee_blade,human,middle_eastern
spr_00209,data/full_all/00788.png,رامي_قوس,archer,male,archer,ranged_bow,human,middle_eastern
spr_00210,data/full_all/00789.png,طباخ_جزار,cook_butcher,male,npc_civilian,none_visible,human,middle_eastern
spr_00211,data/full_all/00790.png,فارس_محارب,knight_warrior,male,warrior,melee_blade,human,middle_eastern
spr_00212,data/full_all/00791.png,تاجر,shopkeeper,male,npc_civilian,none_visible,human,middle_eastern
spr_00213,data/full_all/00792.png,تاجر,shopkeeper,male,npc_civilian,none_visible,human,middle_eastern
spr_00214,data/full_all/00793.png,فارس_محارب,knight_warrior,male,warrior,melee_blade,human,middle_eastern
spr_00215,data/full_all/00794.png,طباخ_جزار,cook_butcher,male,npc_civilian,none_visible,human,middle_eastern
spr_00216,data/full_all/00795.png,تاجر,shopkeeper,male,npc_civilian,none_visible,human,middle_eastern
spr_00217,data/full_all/00796.png,تاجر,shopkeeper,male,npc_civilian,none_visible,human,middle_eastern
spr_00218,data/full_all/00797.png,بنت_عادية,girl_casual,female,npc_civilian,none_visible,human,middle_eastern
spr_00219,data/full_all/00798.png,طباخ_جزار,cook_butcher,male,npc_civilian,none_visible,human,middle_eastern
spr_00220,data/full_all/00799.png,رامي_قوس,archer,male,archer,ranged_bow,human,middle_eastern
spr_00221,data/full_all/00800.png,فارس_محارب,knight_warrior,male,warrior,shield_tank,human,middle_eastern
spr_00222,data/full_all/00801.png,سلايم_كتلة,blob_slime,ambiguous,unknown,none_visible,humanoid,generic_western
spr_00223,data/full_all/00802.png,سلايم_كتلة,blob_slime,ambiguous,unknown,none_visible,humanoid,generic_western
spr_00224,data/full_all/00803.png,سلايم_كتلة,blob_slime,ambiguous,unknown,none_visible,humanoid,generic_western
spr_00225,data/full_all/00804.png,سلايم_كتلة,blob_slime,ambiguous,unknown,none_visible,humanoid,generic_western
spr_00226,data/full_all/00805.png,بنت_عادية,girl_casual,female,npc_civilian,none_visible,human,east_asian
spr_00227,data/full_all/00806.png,سلايم_كتلة,blob_slime,ambiguous,unknown,none_visible,humanoid,generic_western
spr_00228,data/full_all/00807.png,سلايم_كتلة,blob_slime,ambiguous,unknown,none_visible,humanoid,generic_western
spr_00229,data/full_all/00808.png,بنت_عادية,girl_casual,female,npc_civilian,none_visible,human,east_asian
spr_00230,data/full_all/00809.png,بنت_عادية,girl_casual,female,npc_civilian,none_visible,human,east_asian
spr_00231,data/full_all/00810.png,سلايم_كتلة,blob_slime,ambiguous,unknown,none_visible,humanoid,generic_western
spr_00232,data/full_all/00811.png,بنت_عادية,girl_casual,female,npc_civilian,none_visible,human,middle_eastern
spr_00233,data/full_all/00812.png,سلايم_كتلة,blob_slime,ambiguous,unknown,none_visible,humanoid,generic_western
spr_00234,data/full_all/00813.png,سلايم_كتلة,blob_slime,ambiguous,unknown,none_visible,humanoid,generic_western
spr_00235,data/full_all/00814.png,سلايم_كتلة,blob_slime,ambiguous,unknown,none_visible,humanoid,generic_western
spr_00236,data/full_all/00815.png,بنت_عادية,girl_casual,female,npc_civilian,none_visible,human,east_asian
spr_00237,data/full_all/00816.png,فارس_محارب,knight_warrior,male,warrior,shield_tank,human,middle_eastern
spr_00238,data/full_all/00817.png,بنت_عادية,girl_casual,female,npc_civilian,none_visible,human,middle_eastern
spr_00239,data/full_all/00818.png,تاجر,shopkeeper,male,npc_civilian,none_visible,human,middle_eastern
spr_00240,data/full_all/00819.png,فارس_محارب,knight_warrior,male,warrior,melee_blade,human,middle_eastern
spr_00241,data/full_all/00820.png,تاجر,shopkeeper,male,npc_civilian,none_visible,human,middle_eastern
spr_00242,data/full_all/00821.png,سلايم_كتلة,blob_slime,ambiguous,unknown,none_visible,humanoid,generic_western
spr_00243,data/full_all/00822.png,سلايم_كتلة,blob_slime,ambiguous,unknown,none_visible,humanoid,generic_western
spr_00244,data/full_all/00823.png,فارس_محارب,knight_warrior,male,warrior,shield_tank,human,middle_eastern
spr_00245,data/full_all/00824.png,بنت_عادية,girl_casual,female,npc_civilian,none_visible,human,east_asian
spr_00246,data/full_all/00825.png,سلايم_كتلة,blob_slime,ambiguous,unknown,none_visible,humanoid,generic_western
spr_00247,data/full_all/00826.png,طباخ_جزار,cook_butcher,male,npc_civilian,none_visible,human,middle_eastern
spr_00248,data/full_all/00827.png,طباخ_جزار,cook_butcher,male,npc_civilian,none_visible,human,middle_eastern
spr_00249,data/full_all/00828.png,طباخ_جزار,cook_butcher,male,npc_civilian,none_visible,human,middle_eastern
spr_00250,data/full_all/00829.png,طباخ_جزار,cook_butcher,male,npc_civilian,none_visible,human,middle_eastern
spr_00251,data/full_all/00830.png,طباخ_جزار,cook_butcher,male,npc_civilian,none_visible,human,middle_eastern
spr_00252,data/full_all/00831.png,طباخ_جزار,cook_butcher,male,npc_civilian,none_visible,human,middle_eastern
spr_00253,data/full_all/00832.png,بنت_عادية,girl_casual,female,npc_civilian,none_visible,human,middle_eastern
spr_00254,data/full_all/00833.png,طباخ_جزار,cook_butcher,male,npc_civilian,none_visible,human,middle_eastern
spr_00255,data/full_all/00834.png,فارس_محارب,knight_warrior,male,warrior,shield_tank,human,middle_eastern
spr_00256,data/full_all/00835.png,طباخ_جزار,cook_butcher,male,npc_civilian,none_visible,human,middle_eastern
spr_00257,data/full_all/00836.png,طباخ_جزار,cook_butcher,male,npc_civilian,none_visible,human,middle_eastern
spr_00258,data/full_all/00837.png,سلايم_كتلة,blob_slime,ambiguous,unknown,none_visible,humanoid,generic_western
spr_00259,data/full_all/00838.png,سلايم_كتلة,blob_slime,ambiguous,unknown,none_visible,humanoid,generic_western
spr_00260,data/full_all/00839.png,طباخ_جزار,cook_butcher,male,npc_civilian,none_visible,human,middle_eastern
spr_00261,data/full_all/00840.png,طباخ_جزار,cook_butcher,male,npc_civilian,none_visible,human,middle_eastern
spr_00262,data/full_all/00841.png,رامي_قوس,archer,male,archer,ranged_bow,human,middle_eastern
spr_00263,data/full_all/00842.png,طباخ_جزار,cook_butcher,male,npc_civilian,none_visible,human,middle_eastern
spr_00264,data/full_all/00843.png,طباخ_جزار,cook_butcher,male,npc_civilian,none_visible,human,middle_eastern
spr_00265,data/full_all/00844.png,طباخ_جزار,cook_butcher,male,npc_civilian,none_visible,human,middle_eastern
spr_00266,data/full_all/00845.png,بنت_عادية,girl_casual,female,npc_civilian,none_visible,human,east_asian
spr_00267,data/full_all/00846.png,سلايم_كتلة,blob_slime,ambiguous,unknown,none_visible,humanoid,generic_western
spr_00268,data/full_all/00847.png,بنت_عادية,girl_casual,female,npc_civilian,none_visible,human,east_asian
spr_00269,data/full_all/00848.png,طباخ_جزار,cook_butcher,male,npc_civilian,none_visible,human,middle_eastern
spr_00270,data/full_all/00849.png,رامي_قوس,archer,male,archer,ranged_bow,human,middle_eastern
spr_00271,data/full_all/00850.png,طباخ_جزار,cook_butcher,male,npc_civilian,none_visible,human,middle_eastern
spr_00272,data/full_all/00851.png,طباخ_جزار,cook_butcher,male,npc_civilian,none_visible,human,middle_eastern
spr_00273,data/full_all/00852.png,بنت_عادية,girl_casual,female,npc_civilian,none_visible,human,middle_eastern
spr_00274,data/full_all/00853.png,فارس_محارب,knight_warrior,male,warrior,melee_blade,human,middle_eastern
spr_00275,data/full_all/00854.png,رامي_قوس,archer,male,archer,ranged_bow,human,middle_eastern
spr_00276,data/full_all/00855.png,طباخ_جزار,cook_butcher,male,npc_civilian,none_visible,human,middle_eastern
spr_00277,data/full_all/00856.png,رامي_قوس,archer,male,archer,ranged_bow,human,middle_eastern
spr_00278,data/full_all/00857.png,رامي_قوس,archer,male,archer,ranged_bow,human,middle_eastern
spr_00279,data/full_all/00858.png,رامي_قوس,archer,male,archer,ranged_bow,human,middle_eastern
spr_00280,data/full_all/00859.png,بنت_عادية,girl_casual,female,npc_civilian,none_visible,human,east_asian
spr_00281,data/full_all/00860.png,سلايم_كتلة,blob_slime,ambiguous,unknown,none_visible,humanoid,generic_western
spr_00282,data/full_all/00861.png,طباخ_جزار,cook_butcher,male,npc_civilian,none_visible,human,middle_eastern
spr_00283,data/full_all/00862.png,طباخ_جزار,cook_butcher,male,npc_civilian,none_visible,human,middle_eastern
spr_00284,data/full_all/00863.png,رامي_قوس,archer,male,archer,ranged_bow,human,middle_eastern
spr_00285,data/full_all/00864.png,رامي_قوس,archer,male,archer,ranged_bow,human,middle_eastern
spr_00286,data/full_all/00865.png,رامي_قوس,archer,male,archer,ranged_bow,human,middle_eastern
spr_00287,data/full_all/00866.png,رامي_قوس,archer,male,archer,ranged_bow,human,middle_eastern
spr_00288,data/full_all/00867.png,بنت_عادية,girl_casual,female,npc_civilian,none_visible,human,middle_eastern
spr_00289,data/full_all/00868.png,طباخ_جزار,cook_butcher,male,npc_civilian,none_visible,human,middle_eastern
spr_00290,data/full_all/00869.png,طباخ_جزار,cook_butcher,male,npc_civilian,none_visible,human,middle_eastern
spr_00291,data/full_all/00870.png,بنت_عادية,girl_casual,female,npc_civilian,none_visible,human,east_asian
spr_00292,data/full_all/00871.png,بنت_عادية,girl_casual,female,npc_civilian,none_visible,human,east_asian
spr_00293,data/full_all/00872.png,فارس_محارب,knight_warrior,male,warrior,melee_blade,human,middle_eastern
spr_00294,data/full_all/00873.png,فارس_محارب,knight_warrior,male,warrior,melee_blade,human,middle_eastern
spr_00295,data/full_all/00874.png,رامي_قوس,archer,male,archer,ranged_bow,human,middle_eastern
spr_00296,data/full_all/00875.png,كائن_وردي,pink_creature,ambiguous,animal_pet,none_visible,animal_anthro,generic_western
spr_00297,data/full_all/00876.png,طباخ_جزار,cook_butcher,male,npc_civilian,none_visible,human,middle_eastern
spr_00298,data/full_all/00877.png,رامي_قوس,archer,male,archer,ranged_bow,human,middle_eastern
spr_00299,data/full_all/00878.png,طباخ_جزار,cook_butcher,male,npc_civilian,none_visible,human,middle_eastern
spr_00300,data/full_all/00879.png,رامي_قوس,archer,male,archer,ranged_bow,human,middle_eastern
spr_00301,data/full_all/00880.png,طباخ_جزار,cook_butcher,male,npc_civilian,none_visible,human,middle_eastern
spr_00302,data/full_all/00881.png,طباخ_جزار,cook_butcher,male,npc_civilian,none_visible,human,middle_eastern
spr_00303,data/full_all/00882.png,فارس_محارب,knight_warrior,male,warrior,melee_blade,human,middle_eastern
spr_00304,data/full_all/00883.png,فارس_محارب,knight_warrior,male,warrior,melee_blade,human,middle_eastern
spr_00305,data/full_all/00884.png,بنت_عادية,girl_casual,female,npc_civilian,none_visible,human,middle_eastern
spr_00306,data/full_all/00885.png,طباخ_جزار,cook_butcher,male,npc_civilian,none_visible,human,middle_eastern
spr_00307,data/full_all/00886.png,رامي_قوس,archer,male,archer,ranged_bow,human,middle_eastern
spr_00308,data/full_all/00887.png,رامي_قوس,archer,male,archer,ranged_bow,human,middle_eastern
spr_00309,data/full_all/00888.png,فارس_محارب,knight_warrior,male,warrior,melee_blade,human,middle_eastern
spr_00310,data/full_all/00889.png,بنت_عادية,girl_casual,female,npc_civilian,none_visible,human,east_asian
spr_00311,data/full_all/00890.png,سلايم_كتلة,blob_slime,ambiguous,unknown,none_visible,humanoid,generic_western
spr_00312,data/full_all/00891.png,فارس_محارب,knight_warrior,male,warrior,melee_blade,human,middle_eastern
spr_00313,data/full_all/00892.png,بنت_عادية,girl_casual,female,npc_civilian,none_visible,human,middle_eastern
spr_00314,data/full_all/00893.png,رامي_قوس,archer,male,archer,ranged_bow,human,middle_eastern
spr_00315,data/full_all/00894.png,بنت_عادية,girl_casual,female,npc_civilian,none_visible,human,middle_eastern
spr_00316,data/full_all/00895.png,فارس_محارب,knight_warrior,male,warrior,melee_blade,human,middle_eastern
spr_00317,data/full_all/00896.png,بنت_عادية,girl_casual,female,npc_civilian,none_visible,human,middle_eastern
spr_00318,data/full_all/00897.png,بنت_عادية,girl_casual,female,npc_civilian,none_visible,human,east_asian
spr_00319,data/full_all/00898.png,فارس_محارب,knight_warrior,male,warrior,melee_blade,human,middle_eastern
spr_00320,data/full_all/00899.png,بنت_عادية,girl_casual,female,npc_civilian,none_visible,human,east_asian
spr_00321,data/full_all/00900.png,طباخ_جزار,cook_butcher,male,npc_civilian,none_visible,human,middle_eastern
spr_00322,data/full_all/00901.png,طباخ_جزار,cook_butcher,male,npc_civilian,none_visible,human,middle_eastern
spr_00323,data/full_all/00902.png,بنت_عادية,girl_casual,female,npc_civilian,none_visible,human,east_asian
spr_00324,data/full_all/00903.png,طباخ_جزار,cook_butcher,male,npc_civilian,none_visible,human,middle_eastern
spr_00325,data/full_all/00904.png,فارس_محارب,knight_warrior,male,warrior,melee_blade,human,middle_eastern
spr_00326,data/full_all/00905.png,رامي_قوس,archer,male,archer,ranged_bow,human,middle_eastern
spr_00327,data/full_all/00906.png,رامي_قوس,archer,male,archer,ranged_bow,human,middle_eastern
spr_00328,data/full_all/00907.png,فارس_محارب,knight_warrior,male,warrior,melee_blade,human,middle_eastern
spr_00329,data/full_all/00908.png,طباخ_جزار,cook_butcher,male,npc_civilian,none_visible,human,middle_eastern
spr_00330,data/full_all/00909.png,طباخ_جزار,cook_butcher,male,npc_civilian,none_visible,human,middle_eastern
spr_00331,data/full_all/00910.png,فارس_محارب,knight_warrior,male,warrior,shield_tank,human,middle_eastern
spr_00332,data/full_all/00911.png,سبرايت_غير_محدد,unknown_sprite,ambiguous,unknown,none_visible,human,generic_western
spr_00333,data/full_all/00912.png,فارس_محارب,knight_warrior,male,warrior,melee_blade,human,middle_eastern
spr_00334,data/full_all/00913.png,رامي_قوس,archer,male,archer,ranged_bow,human,middle_eastern
spr_00335,data/full_all/00914.png,بنت_عادية,girl_casual,female,npc_civilian,none_visible,human,east_asian
spr_00336,data/full_all/00915.png,فارس_محارب,knight_warrior,male,warrior,shield_tank,human,middle_eastern
spr_00337,data/full_all/00916.png,بنت_عادية,girl_casual,female,npc_civilian,none_visible,human,east_asian
spr_00338,data/full_all/00917.png,طباخ_جزار,cook_butcher,male,npc_civilian,none_visible,human,middle_eastern
spr_00339,data/full_all/00918.png,طباخ_جزار,cook_butcher,male,npc_civilian,none_visible,human,middle_eastern
spr_00340,data/full_all/00919.png,طباخ_جزار,cook_butcher,male,npc_civilian,none_visible,human,middle_eastern
spr_00341,data/full_all/00920.png,طباخ_جزار,cook_butcher,male,npc_civilian,none_visible,human,middle_eastern
spr_00342,data/full_all/00921.png,فارس_محارب,knight_warrior,male,warrior,shield_tank,human,middle_eastern
spr_00343,data/full_all/00922.png,طباخ_جزار,cook_butcher,male,npc_civilian,none_visible,human,middle_eastern
spr_00344,data/full_all/00923.png,بنت_عادية,girl_casual,female,npc_civilian,none_visible,human,middle_eastern
spr_00345,data/full_all/00924.png,فارس_محارب,knight_warrior,male,warrior,melee_blade,human,middle_eastern
spr_00346,data/full_all/00925.png,طباخ_جزار,cook_butcher,male,npc_civilian,none_visible,human,middle_eastern
spr_00347,data/full_all/00926.png,طباخ_جزار,cook_butcher,male,npc_civilian,none_visible,human,middle_eastern
spr_00348,data/full_all/00927.png,فارس_محارب,knight_warrior,male,warrior,melee_blade,human,middle_eastern
spr_00349,data/full_all/00928.png,رامي_قوس,archer,male,archer,ranged_bow,human,middle_eastern
spr_00350,data/full_all/00929.png,طباخ_جزار,cook_butcher,male,npc_civilian,none_visible,human,middle_eastern
spr_00351,data/full_all/00930.png,رامي_قوس,archer,male,archer,ranged_bow,human,middle_eastern
spr_00352,data/full_all/00931.png,رامي_قوس,archer,male,archer,ranged_bow,human,middle_eastern
spr_00353,data/full_all/00932.png,فارس_محارب,knight_warrior,male,warrior,melee_blade,human,middle_eastern
spr_00354,data/full_all/00933.png,رامي_قوس,archer,male,archer,ranged_bow,human,middle_eastern
spr_00355,data/full_all/00934.png,طباخ_جزار,cook_butcher,male,npc_civilian,none_visible,human,middle_eastern
spr_00356,data/full_all/00935.png,رامي_قوس,archer,male,archer,ranged_bow,human,middle_eastern
spr_00357,data/full_all/00936.png,طباخ_جزار,cook_butcher,male,npc_civilian,none_visible,human,middle_eastern
spr_00358,data/full_all/00937.png,رامي_قوس,archer,male,archer,ranged_bow,human,middle_eastern
spr_00359,data/full_all/00938.png,فارس_محارب,knight_warrior,male,warrior,shield_tank,human,middle_eastern
spr_00360,data/full_all/00939.png,طباخ_جزار,cook_butcher,male,npc_civilian,none_visible,human,middle_eastern
spr_00361,data/full_all/00940.png,بنت_عادية,girl_casual,female,npc_civilian,none_visible,human,middle_eastern
spr_00362,data/full_all/00941.png,رامي_قوس,archer,male,archer,ranged_bow,human,middle_eastern
spr_00363,data/full_all/00942.png,تاجر,shopkeeper,male,npc_civilian,none_visible,human,middle_eastern
spr_00364,data/full_all/00943.png,تاجر,shopkeeper,male,npc_civilian,none_visible,human,middle_eastern
spr_00365,data/full_all/00944.png,طباخ_جزار,cook_butcher,male,npc_civilian,none_visible,human,middle_eastern
spr_00366,data/full_all/00945.png,طباخ_جزار,cook_butcher,male,npc_civilian,none_visible,human,middle_eastern
spr_00367,data/full_all/00946.png,طباخ_جزار,cook_butcher,male,npc_civilian,none_visible,human,middle_eastern
spr_00368,data/full_all/00947.png,طباخ_جزار,cook_butcher,male,npc_civilian,none_visible,human,middle_eastern
spr_00369,data/full_all/00948.png,طباخ_جزار,cook_butcher,male,npc_civilian,none_visible,human,middle_eastern
spr_00370,data/full_all/00949.png,طباخ_جزار,cook_butcher,male,npc_civilian,none_visible,human,middle_eastern
spr_00371,data/full_all/00950.png,سبرايت_غير_محدد,unknown_sprite,ambiguous,unknown,none_visible,human,generic_western
spr_00372,data/full_all/00951.png,فارس_محارب,knight_warrior,male,warrior,shield_tank,human,middle_eastern
spr_00373,data/full_all/00952.png,سلايم_كتلة,blob_slime,ambiguous,unknown,none_visible,humanoid,generic_western
spr_00374,data/full_all/00953.png,فارس_محارب,knight_warrior,male,warrior,melee_blade,human,middle_eastern
spr_00375,data/full_all/00954.png,بنت_عادية,girl_casual,female,npc_civilian,none_visible,human,middle_eastern
spr_00376,data/full_all/00955.png,سلايم_كتلة,blob_slime,ambiguous,unknown,none_visible,humanoid,generic_western
spr_00377,data/full_all/00956.png,رامي_قوس,archer,male,archer,ranged_bow,human,middle_eastern
spr_00378,data/full_all/00957.png,فارس_محارب,knight_warrior,male,warrior,melee_blade,human,middle_eastern
spr_00379,data/full_all/00958.png,ولد_عادي,boy_casual,male,npc_civilian,none_visible,human,middle_eastern
spr_00380,data/full_all/00959.png,بنت_عادية,girl_casual,female,npc_civilian,none_visible,human,middle_eastern
spr_00381,data/full_all/00960.png,طباخ_جزار,cook_butcher,male,npc_civilian,none_visible,human,middle_eastern
spr_00382,data/full_all/00961.png,فارس_محارب,knight_warrior,male,warrior,melee_blade,human,middle_eastern
spr_00383,data/full_all/00962.png,طباخ_جزار,cook_butcher,male,npc_civilian,none_visible,human,middle_eastern
spr_00384,data/full_all/00963.png,طباخ_جزار,cook_butcher,male,npc_civilian,none_visible,human,middle_eastern
spr_00385,data/full_all/00964.png,بنت_عادية,girl_casual,female,npc_civilian,none_visible,human,middle_eastern
spr_00386,data/full_all/00965.png,بنت_عادية,girl_casual,female,npc_civilian,none_visible,human,middle_eastern
spr_00387,data/full_all/00966.png,تاجر,shopkeeper,male,npc_civilian,none_visible,human,middle_eastern
spr_00388,data/full_all/00967.png,طباخ_جزار,cook_butcher,male,npc_civilian,none_visible,human,middle_eastern
spr_00389,data/full_all/00968.png,ولد_عادي,boy_casual,male,npc_civilian,none_visible,human,middle_eastern
spr_00390,data/full_all/00969.png,طباخ_جزار,cook_butcher,male,npc_civilian,none_visible,human,middle_eastern
spr_00391,data/full_all/00970.png,رامي_قوس,archer,male,archer,ranged_bow,human,middle_eastern
spr_00392,data/full_all/00971.png,تاجر,shopkeeper,male,npc_civilian,none_visible,human,middle_eastern
spr_00393,data/full_all/00972.png,رامي_قوس,archer,male,archer,ranged_bow,human,middle_eastern
spr_00394,data/full_all/00973.png,طباخ_جزار,cook_butcher,male,npc_civilian,none_visible,human,middle_eastern
spr_00395,data/full_all/00974.png,رامي_قوس,archer,male,archer,ranged_bow,human,middle_eastern
spr_00396,data/full_all/00975.png,طباخ_جزار,cook_butcher,male,npc_civilian,none_visible,human,middle_eastern
spr_00397,data/full_all/00976.png,رامي_قوس,archer,male,archer,ranged_bow,human,middle_eastern
spr_00398,data/full_all/00977.png,بنت_عادية,girl_casual,female,npc_civilian,none_visible,human,middle_eastern
spr_00399,data/full_all/00978.png,فارس_محارب,knight_warrior,male,warrior,melee_blade,human,middle_eastern
spr_00400,data/full_all/00979.png,بنت_عادية,girl_casual,female,npc_civilian,none_visible,human,middle_eastern
spr_00401,data/full_all/00980.png,طباخ_جزار,cook_butcher,male,npc_civilian,none_visible,human,middle_eastern
spr_00402,data/full_all/00981.png,طباخ_جزار,cook_butcher,male,npc_civilian,none_visible,human,middle_eastern
spr_00403,data/full_all/00982.png,بنت_عادية,girl_casual,female,npc_civilian,none_visible,human,east_asian
spr_00404,data/full_all/00983.png,طباخ_جزار,cook_butcher,male,npc_civilian,none_visible,human,middle_eastern
spr_00405,data/full_all/00984.png,طباخ_جزار,cook_butcher,male,npc_civilian,none_visible,human,middle_eastern
spr_00406,data/full_all/00985.png,فارس_محارب,knight_warrior,male,warrior,melee_blade,human,middle_eastern
spr_00407,data/full_all/00986.png,رامي_قوس,archer,male,archer,ranged_bow,human,middle_eastern
spr_00408,data/full_all/00987.png,فارس_محارب,knight_warrior,male,warrior,shield_tank,human,middle_eastern
spr_00409,data/full_all/00988.png,طباخ_جزار,cook_butcher,male,npc_civilian,none_visible,human,middle_eastern
spr_00410,data/full_all/00989.png,طباخ_جزار,cook_butcher,male,npc_civilian,none_visible,human,middle_eastern
spr_00411,data/full_all/00990.png,طباخ_جزار,cook_butcher,male,npc_civilian,none_visible,human,middle_eastern
spr_00412,data/full_all/00991.png,طباخ_جزار,cook_butcher,male,npc_civilian,none_visible,human,middle_eastern
spr_00413,data/full_all/00992.png,فارس_محارب,knight_warrior,male,warrior,melee_blade,human,middle_eastern
spr_00414,data/full_all/00993.png,طباخ_جزار,cook_butcher,male,npc_civilian,none_visible,human,middle_eastern
spr_00415,data/full_all/00994.png,فارس_محارب,knight_warrior,male,warrior,melee_blade,human,middle_eastern
spr_00416,data/full_all/00995.png,رامي_قوس,archer,male,archer,ranged_bow,human,middle_eastern
spr_00417,data/full_all/00996.png,رامي_قوس,archer,male,archer,ranged_bow,human,middle_eastern
spr_00418,data/full_all/00997.png,طباخ_جزار,cook_butcher,male,npc_civilian,none_visible,human,middle_eastern
spr_00419,data/full_all/00998.png,فارس_محارب,knight_warrior,male,warrior,melee_blade,human,middle_eastern
spr_00420,data/full_all/00999.png,ولد_عادي,boy_casual,male,npc_civilian,none_visible,human,middle_eastern
spr_00421,data/full_all/01000.png,رامي_قوس,archer,male,archer,ranged_bow,human,middle_eastern
spr_00422,data/full_all/01001.png,طباخ_جزار,cook_butcher,male,npc_civilian,none_visible,human,middle_eastern
spr_00423,data/full_all/01002.png,فارس_محارب,knight_warrior,male,warrior,shield_tank,human,middle_eastern
spr_00424,data/full_all/01003.png,طباخ_جزار,cook_butcher,male,npc_civilian,none_visible,human,middle_eastern
spr_00425,data/full_all/01004.png,فارس_محارب,knight_warrior,male,warrior,melee_blade,human,middle_eastern
spr_00426,data/full_all/01005.png,طباخ_جزار,cook_butcher,male,npc_civilian,none_visible,human,middle_eastern
spr_00427,data/full_all/01006.png,تاجر,shopkeeper,male,npc_civilian,none_visible,human,middle_eastern
spr_00428,data/full_all/01007.png,طباخ_جزار,cook_butcher,male,npc_civilian,none_visible,human,middle_eastern
spr_00429,data/full_all/01008.png,طباخ_جزار,cook_butcher,male,npc_civilian,none_visible,human,middle_eastern
spr_00430,data/full_all/01009.png,فارس_محارب,knight_warrior,male,warrior,shield_tank,human,middle_eastern
spr_00431,data/full_all/01010.png,طباخ_جزار,cook_butcher,male,npc_civilian,none_visible,human,middle_eastern
spr_00432,data/full_all/01011.png,طباخ_جزار,cook_butcher,male,npc_civilian,none_visible,human,middle_eastern
spr_00433,data/full_all/01012.png,طباخ_جزار,cook_butcher,male,npc_civilian,none_visible,human,middle_eastern
spr_00434,data/full_all/01013.png,طباخ_جزار,cook_butcher,male,npc_civilian,none_visible,human,middle_eastern
spr_00435,data/full_all/01014.png,سلايم_كتلة,blob_slime,ambiguous,unknown,none_visible,humanoid,generic_western
spr_00436,data/full_all/01015.png,طباخ_جزار,cook_butcher,male,npc_civilian,none_visible,human,middle_eastern
spr_00437,data/full_all/01016.png,طباخ_جزار,cook_butcher,male,npc_civilian,none_visible,human,middle_eastern
spr_00438,data/full_all/01017.png,ولد_عادي,boy_casual,male,npc_civilian,none_visible,human,middle_eastern
spr_00439,data/full_all/01018.png,طباخ_جزار,cook_butcher,male,npc_civilian,none_visible,human,middle_eastern
spr_00440,data/full_all/01019.png,رامي_قوس,archer,male,archer,ranged_bow,human,middle_eastern
spr_00441,data/full_all/01020.png,طباخ_جزار,cook_butcher,male,npc_civilian,none_visible,human,middle_eastern
spr_00442,data/full_all/01021.png,رامي_قوس,archer,male,archer,ranged_bow,human,middle_eastern
spr_00443,data/full_all/01022.png,رامي_قوس,archer,male,archer,ranged_bow,human,middle_eastern
spr_00444,data/full_all/01023.png,طباخ_جزار,cook_butcher,male,npc_civilian,none_visible,human,middle_eastern
spr_00445,data/full_all/01024.png,طباخ_جزار,cook_butcher,male,npc_civilian,none_visible,human,middle_eastern
spr_00446,data/full_all/01025.png,طباخ_جزار,cook_butcher,male,npc_civilian,none_visible,human,middle_eastern
spr_00447,data/full_all/01026.png,طباخ_جزار,cook_butcher,male,npc_civilian,none_visible,human,middle_eastern
spr_00448,data/full_all/01027.png,طباخ_جزار,cook_butcher,male,npc_civilian,none_visible,human,middle_eastern
spr_00449,data/full_all/01028.png,فارس_محارب,knight_warrior,male,warrior,melee_blade,human,middle_eastern
spr_00450,data/full_all/01029.png,بنت_عادية,girl_casual,female,npc_civilian,none_visible,human,middle_eastern
spr_00451,data/full_all/01030.png,بنت_عادية,girl_casual,female,npc_civilian,none_visible,human,middle_eastern
spr_00452,data/full_all/01031.png,بنت_عادية,girl_casual,female,npc_civilian,none_visible,human,middle_eastern
spr_00453,data/full_all/01032.png,طباخ_جزار,cook_butcher,male,npc_civilian,none_visible,human,middle_eastern
spr_00454,data/full_all/01033.png,فارس_محارب,knight_warrior,male,warrior,melee_blade,human,middle_eastern
spr_00455,data/full_all/01034.png,رامي_قوس,archer,male,archer,ranged_bow,human,middle_eastern
spr_00456,data/full_all/01035.png,طباخ_جزار,cook_butcher,male,npc_civilian,none_visible,human,middle_eastern
spr_00457,data/full_all/01036.png,طباخ_جزار,cook_butcher,male,npc_civilian,none_visible,human,middle_eastern
spr_00458,data/full_all/01037.png,فارس_محارب,knight_warrior,male,warrior,melee_blade,human,middle_eastern
spr_00459,data/full_all/01038.png,رامي_قوس,archer,male,archer,ranged_bow,human,middle_eastern
spr_00460,data/full_all/01039.png,طباخ_جزار,cook_butcher,male,npc_civilian,none_visible,human,middle_eastern
spr_00461,data/full_all/01040.png,طباخ_جزار,cook_butcher,male,npc_civilian,none_visible,human,middle_eastern
spr_00462,data/full_all/01041.png,بنت_عادية,girl_casual,female,npc_civilian,none_visible,human,middle_eastern
spr_00463,data/full_all/01042.png,رامي_قوس,archer,male,archer,ranged_bow,human,middle_eastern
spr_00464,data/full_all/01043.png,طباخ_جزار,cook_butcher,male,npc_civilian,none_visible,human,middle_eastern
spr_00465,data/full_all/01044.png,طائر_مجسم,bird_anthro,ambiguous,animal_pet,none_visible,animal_anthro,generic_western
spr_00466,data/full_all/01045.png,طائر_مجسم,bird_anthro,ambiguous,animal_pet,none_visible,animal_anthro,generic_western
spr_00467,data/full_all/01046.png,طائر_مجسم,bird_anthro,ambiguous,animal_pet,none_visible,animal_anthro,generic_western
spr_00468,data/full_all/01047.png,رامي_قوس,archer,male,archer,ranged_bow,human,middle_eastern
spr_00469,data/full_all/01048.png,رامي_قوس,archer,male,archer,ranged_bow,human,middle_eastern
spr_00470,data/full_all/01049.png,كائن_وردي,pink_creature,ambiguous,animal_pet,none_visible,animal_anthro,generic_western
spr_00471,data/full_all/01050.png,فارس_محارب,knight_warrior,male,warrior,melee_blade,human,middle_eastern
spr_00472,data/full_all/01051.png,فارس_محارب,knight_warrior,male,warrior,melee_blade,human,middle_eastern
spr_00473,data/full_all/01052.png,رامي_قوس,archer,male,archer,ranged_bow,human,middle_eastern
spr_00474,data/full_all/01053.png,فارس_محارب,knight_warrior,male,warrior,melee_blade,human,middle_eastern
spr_00475,data/full_all/01054.png,فارس_محارب,knight_warrior,male,warrior,melee_blade,human,middle_eastern
spr_00476,data/full_all/01055.png,فارس_محارب,knight_warrior,male,warrior,melee_blade,human,middle_eastern
spr_00477,data/full_all/01056.png,فارس_محارب,knight_warrior,male,warrior,melee_blade,human,middle_eastern
spr_00478,data/full_all/01057.png,تاجر,shopkeeper,male,npc_civilian,none_visible,human,middle_eastern
spr_00479,data/full_all/01058.png,فارس_محارب,knight_warrior,male,warrior,melee_blade,human,middle_eastern
spr_00480,data/full_all/01059.png,فارس_محارب,knight_warrior,male,warrior,melee_blade,human,middle_eastern
spr_00481,data/full_all/01060.png,تاجر,shopkeeper,male,npc_civilian,none_visible,human,middle_eastern
spr_00482,data/full_all/01061.png,فارس_محارب,knight_warrior,male,warrior,melee_blade,human,middle_eastern
spr_00483,data/full_all/01062.png,طباخ_جزار,cook_butcher,male,npc_civilian,none_visible,human,middle_eastern
spr_00484,data/full_all/01063.png,طباخ_جزار,cook_butcher,male,npc_civilian,none_visible,human,middle_eastern
spr_00485,data/full_all/01064.png,طباخ_جزار,cook_butcher,male,npc_civilian,none_visible,human,middle_eastern
spr_00486,data/full_all/01065.png,ولد_عادي,boy_casual,male,npc_civilian,none_visible,human,middle_eastern
spr_00487,data/full_all/01066.png,طباخ_جزار,cook_butcher,male,npc_civilian,none_visible,human,middle_eastern
spr_00488,data/full_all/01067.png,طباخ_جزار,cook_butcher,male,npc_civilian,none_visible,human,middle_eastern
spr_00489,data/full_all/01068.png,تاجر,shopkeeper,male,npc_civilian,none_visible,human,middle_eastern
spr_00490,data/full_all/01069.png,بنت_عادية,girl_casual,female,npc_civilian,none_visible,human,middle_eastern
spr_00491,data/full_all/01070.png,بنت_عادية,girl_casual,female,npc_civilian,none_visible,human,middle_eastern
spr_00492,data/full_all/01071.png,سبرايت_غير_محدد,unknown_sprite,ambiguous,unknown,none_visible,human,generic_western
spr_00493,data/full_all/01072.png,فارس_محارب,knight_warrior,male,warrior,melee_blade,human,middle_eastern
spr_00494,data/full_all/01073.png,رامي_قوس,archer,male,archer,ranged_bow,human,middle_eastern
spr_00495,data/full_all/01074.png,رامي_قوس,archer,male,archer,ranged_bow,human,middle_eastern
spr_00496,data/full_all/01075.png,طباخ_جزار,cook_butcher,male,npc_civilian,none_visible,human,middle_eastern
spr_00497,data/full_all/01076.png,رامي_قوس,archer,male,archer,ranged_bow,human,middle_eastern
spr_00498,data/full_all/01077.png,فارس_محارب,knight_warrior,male,warrior,melee_blade,human,middle_eastern
spr_00499,data/full_all/01078.png,طباخ_جزار,cook_butcher,male,npc_civilian,none_visible,human,middle_eastern
spr_00500,data/full_all/01079.png,بنت_عادية,girl_casual,female,npc_civilian,none_visible,human,middle_eastern
spr_00501,data/full_all/01080.png,تاجر,shopkeeper,male,npc_civilian,none_visible,human,middle_eastern
spr_00502,data/full_all/01081.png,تاجر,shopkeeper,male,npc_civilian,none_visible,human,middle_eastern
spr_00503,data/full_all/01082.png,تاجر,shopkeeper,male,npc_civilian,none_visible,human,middle_eastern
spr_00504,data/full_all/01083.png,تاجر,shopkeeper,male,npc_civilian,none_visible,human,middle_eastern
spr_00505,data/full_all/01084.png,رامي_قوس,archer,male,archer,ranged_bow,human,middle_eastern
spr_00506,data/full_all/01085.png,فارس_محارب,knight_warrior,male,warrior,shield_tank,human,middle_eastern
spr_00507,data/full_all/01086.png,بنت_فستان,girl_dress,female,npc_civilian,none_visible,human,middle_eastern
spr_00508,data/full_all/01087.png,سلايم_كتلة,blob_slime,ambiguous,unknown,none_visible,humanoid,generic_western
spr_00509,data/full_all/01088.png,سلايم_كتلة,blob_slime,ambiguous,unknown,none_visible,humanoid,generic_western
spr_00510,data/full_all/01089.png,فارس_محارب,knight_warrior,male,warrior,shield_tank,human,middle_eastern
spr_00511,data/full_all/01090.png,رامي_قوس,archer,male,archer,ranged_bow,human,middle_eastern
spr_00512,data/full_all/01091.png,فارس_محارب,knight_warrior,male,warrior,melee_blade,human,middle_eastern
spr_00513,data/full_all/01092.png,سلايم_كتلة,blob_slime,ambiguous,unknown,none_visible,humanoid,generic_western
spr_00514,data/full_all/01093.png,سلايم_كتلة,blob_slime,ambiguous,unknown,none_visible,humanoid,generic_western
spr_00515,data/full_all/01094.png,سلايم_كتلة,blob_slime,ambiguous,unknown,none_visible,humanoid,generic_western
spr_00516,data/full_all/01095.png,سلايم_كتلة,blob_slime,ambiguous,unknown,none_visible,humanoid,generic_western
spr_00517,data/full_all/01096.png,سلايم_كتلة,blob_slime,ambiguous,unknown,none_visible,humanoid,generic_western
spr_00518,data/full_all/01097.png,سلايم_كتلة,blob_slime,ambiguous,unknown,none_visible,humanoid,generic_western
spr_00519,data/full_all/01098.png,سلايم_كتلة,blob_slime,ambiguous,unknown,none_visible,humanoid,generic_western
spr_00520,data/full_all/01099.png,سلايم_كتلة,blob_slime,ambiguous,unknown,none_visible,humanoid,generic_western
spr_00521,data/full_all/01100.png,سلايم_كتلة,blob_slime,ambiguous,unknown,none_visible,humanoid,generic_western
spr_00522,data/full_all/01101.png,سلايم_كتلة,blob_slime,ambiguous,unknown,none_visible,humanoid,generic_western
spr_00523,data/full_all/01102.png,سلايم_كتلة,blob_slime,ambiguous,unknown,none_visible,humanoid,generic_western
spr_00524,data/full_all/01103.png,سلايم_كتلة,blob_slime,ambiguous,unknown,none_visible,humanoid,generic_western
spr_00525,data/full_all/01104.png,بنت_عادية,girl_casual,female,npc_civilian,none_visible,human,east_asian
spr_00526,data/full_all/01105.png,بنت_عادية,girl_casual,female,npc_civilian,none_visible,human,east_asian
spr_00527,data/full_all/01106.png,سلايم_كتلة,blob_slime,ambiguous,unknown,none_visible,humanoid,generic_western
spr_00528,data/full_all/01107.png,فارس_محارب,knight_warrior,male,warrior,shield_tank,human,middle_eastern
spr_00529,data/full_all/01108.png,بنت_عادية,girl_casual,female,npc_civilian,none_visible,human,east_asian
spr_00530,data/full_all/01109.png,سلايم_كتلة,blob_slime,ambiguous,unknown,none_visible,humanoid,generic_western
spr_00531,data/full_all/01110.png,فارس_محارب,knight_warrior,male,warrior,shield_tank,human,middle_eastern
spr_00532,data/full_all/01111.png,بنت_عادية,girl_casual,female,npc_civilian,none_visible,human,east_asian
spr_00533,data/full_all/01112.png,فارس_محارب,knight_warrior,male,warrior,shield_tank,human,middle_eastern
spr_00534,data/full_all/01113.png,فارس_محارب,knight_warrior,male,warrior,shield_tank,human,middle_eastern
spr_00535,data/full_all/01114.png,سلايم_كتلة,blob_slime,ambiguous,unknown,none_visible,humanoid,generic_western
spr_00536,data/full_all/01115.png,بنت_عادية,girl_casual,female,npc_civilian,none_visible,human,east_asian
spr_00537,data/full_all/01116.png,بنت_عادية,girl_casual,female,npc_civilian,none_visible,human,east_asian
spr_00538,data/full_all/01117.png,سلايم_كتلة,blob_slime,ambiguous,unknown,none_visible,humanoid,generic_western
spr_00539,data/full_all/01118.png,بنت_عادية,girl_casual,female,npc_civilian,none_visible,human,east_asian
spr_00540,data/full_all/01119.png,ساحر,mage_caster,female,mage,magic_caster,human,middle_eastern
spr_00541,data/full_all/01120.png,بنت_عادية,girl_casual,female,npc_civilian,none_visible,human,east_asian
spr_00542,data/full_all/01121.png,سلايم_كتلة,blob_slime,ambiguous,unknown,none_visible,humanoid,generic_western
spr_00543,data/full_all/01122.png,فارس_محارب,knight_warrior,male,warrior,shield_tank,human,middle_eastern
spr_00544,data/full_all/01123.png,فارس_محارب,knight_warrior,male,warrior,shield_tank,human,middle_eastern
spr_00545,data/full_all/01124.png,فارس_محارب,knight_warrior,male,warrior,melee_blade,human,middle_eastern
spr_00546,data/full_all/01125.png,سلايم_كتلة,blob_slime,ambiguous,unknown,none_visible,humanoid,generic_western
spr_00547,data/full_all/01126.png,سلايم_كتلة,blob_slime,ambiguous,unknown,none_visible,humanoid,generic_western
spr_00548,data/full_all/01127.png,سلايم_كتلة,blob_slime,ambiguous,unknown,none_visible,humanoid,generic_western
spr_00549,data/full_all/01128.png,كائن_وردي,pink_creature,ambiguous,animal_pet,none_visible,animal_anthro,generic_western
spr_00550,data/full_all/01129.png,طباخ_جزار,cook_butcher,male,npc_civilian,none_visible,human,middle_eastern
spr_00551,data/full_all/01130.png,طباخ_جزار,cook_butcher,male,npc_civilian,none_visible,human,middle_eastern
spr_00552,data/full_all/01131.png,بنت_عادية,girl_casual,female,npc_civilian,none_visible,human,middle_eastern
spr_00553,data/full_all/01132.png,كائن_وردي,pink_creature,ambiguous,animal_pet,none_visible,animal_anthro,generic_western
spr_00554,data/full_all/01133.png,رامي_قوس,archer,male,archer,ranged_bow,human,middle_eastern
spr_00555,data/full_all/01134.png,طباخ_جزار,cook_butcher,male,npc_civilian,none_visible,human,middle_eastern
spr_00556,data/full_all/01135.png,كائن_وردي,pink_creature,ambiguous,animal_pet,none_visible,animal_anthro,generic_western
spr_00557,data/full_all/01136.png,تاجر,shopkeeper,male,npc_civilian,none_visible,human,middle_eastern
spr_00558,data/full_all/01137.png,تاجر,shopkeeper,male,npc_civilian,none_visible,human,middle_eastern
spr_00559,data/full_all/01138.png,فارس_محارب,knight_warrior,male,warrior,melee_blade,human,middle_eastern
spr_00560,data/full_all/01139.png,فارس_محارب,knight_warrior,male,warrior,melee_blade,human,middle_eastern
spr_00561,data/full_all/01140.png,وحش_بوس,monster_boss,male,warrior,dual_wield,monster_creature,generic_western
spr_00562,data/full_all/01141.png,وحش_بوس,monster_boss,male,warrior,dual_wield,monster_creature,generic_western
spr_00563,data/full_all/01142.png,وحش_بوس,monster_boss,male,warrior,dual_wield,monster_creature,generic_western
spr_00564,data/full_all/01143.png,طباخ_جزار,cook_butcher,male,npc_civilian,none_visible,human,middle_eastern
spr_00565,data/full_all/01144.png,طباخ_جزار,cook_butcher,male,npc_civilian,none_visible,human,middle_eastern
spr_00566,data/full_all/01145.png,طباخ_جزار,cook_butcher,male,npc_civilian,none_visible,human,middle_eastern
spr_00567,data/full_all/01146.png,طباخ_جزار,cook_butcher,male,npc_civilian,none_visible,human,middle_eastern
spr_00568,data/full_all/01147.png,طباخ_جزار,cook_butcher,male,npc_civilian,none_visible,human,middle_eastern
spr_00569,data/full_all/01148.png,طباخ_جزار,cook_butcher,male,npc_civilian,none_visible,human,middle_eastern
spr_00570,data/full_all/01149.png,طباخ_جزار,cook_butcher,male,npc_civilian,none_visible,human,middle_eastern
spr_00571,data/full_all/01150.png,بنت_عادية,girl_casual,female,npc_civilian,none_visible,human,middle_eastern
spr_00572,data/full_all/01151.png,طباخ_جزار,cook_butcher,male,npc_civilian,none_visible,human,middle_eastern
spr_00573,data/full_all/01152.png,طباخ_جزار,cook_butcher,male,npc_civilian,none_visible,human,middle_eastern
spr_00574,data/full_all/01153.png,طباخ_جزار,cook_butcher,male,npc_civilian,none_visible,human,middle_eastern
spr_00575,data/full_all/01154.png,فارس_محارب,knight_warrior,male,warrior,melee_blade,human,middle_eastern
spr_00576,data/full_all/01155.png,طباخ_جزار,cook_butcher,male,npc_civilian,none_visible,human,middle_eastern
spr_00577,data/full_all/01156.png,فارس_محارب,knight_warrior,male,warrior,melee_blade,human,middle_eastern
spr_00578,data/full_all/01157.png,طباخ_جزار,cook_butcher,male,npc_civilian,none_visible,human,middle_eastern
spr_00579,data/full_all/01158.png,رامي_قوس,archer,male,archer,ranged_bow,human,middle_eastern
spr_00580,data/full_all/01159.png,رامي_قوس,archer,male,archer,ranged_bow,human,middle_eastern
spr_00581,data/full_all/01160.png,فارس_محارب,knight_warrior,male,warrior,melee_blade,human,middle_eastern
spr_00582,data/full_all/01161.png,طباخ_جزار,cook_butcher,male,npc_civilian,none_visible,human,middle_eastern
spr_00583,data/full_all/01162.png,طباخ_جزار,cook_butcher,male,npc_civilian,none_visible,human,middle_eastern
spr_00584,data/full_all/01163.png,طباخ_جزار,cook_butcher,male,npc_civilian,none_visible,human,middle_eastern
spr_00585,data/full_all/01164.png,طباخ_جزار,cook_butcher,male,npc_civilian,none_visible,human,middle_eastern
spr_00586,data/full_all/01165.png,طباخ_جزار,cook_butcher,male,npc_civilian,none_visible,human,middle_eastern
spr_00587,data/full_all/01166.png,طباخ_جزار,cook_butcher,male,npc_civilian,none_visible,human,middle_eastern
spr_00588,data/full_all/01167.png,طباخ_جزار,cook_butcher,male,npc_civilian,none_visible,human,middle_eastern
spr_00589,data/full_all/01168.png,بنت_عادية,girl_casual,female,npc_civilian,none_visible,human,middle_eastern
spr_00590,data/full_all/01169.png,رامي_قوس,archer,male,archer,ranged_bow,human,middle_eastern
spr_00591,data/full_all/01170.png,وحش_بوس,monster_boss,male,boss,dual_wield,monster_creature,generic_western
spr_00592,data/full_all/01171.png,وحش_بوس,monster_boss,male,boss,dual_wield,monster_creature,generic_western
spr_00593,data/full_all/01172.png,وحش_بوس,monster_boss,male,boss,dual_wield,monster_creature,generic_western
spr_00594,data/full_all/01173.png,بورتريه_رأس,head_portrait,ambiguous,unknown,none_visible,humanoid,generic_western
spr_00595,data/full_all/01174.png,بورتريه_رأس,head_portrait,ambiguous,unknown,none_visible,humanoid,generic_western
spr_00596,data/full_all/01175.png,بورتريه_رأس,head_portrait,ambiguous,unknown,none_visible,humanoid,generic_western
spr_00597,data/full_all/01176.png,بنت_عادية,girl_casual,female,npc_civilian,none_visible,human,east_asian
spr_00598,data/full_all/01177.png,بنت_عادية,girl_casual,female,npc_civilian,none_visible,human,east_asian
spr_00599,data/full_all/01178.png,سلايم_كتلة,blob_slime,ambiguous,unknown,none_visible,humanoid,generic_western
spr_00600,data/full_all/01179.png,بنت_عادية,girl_casual,female,npc_civilian,none_visible,human,east_asian
spr_00601,data/full_all/01180.png,بنت_عادية,girl_casual,female,npc_civilian,none_visible,human,east_asian
spr_00602,data/full_all/01181.png,بنت_عادية,girl_casual,female,npc_civilian,none_visible,human,east_asian
spr_00603,data/full_all/01182.png,سلايم_كتلة,blob_slime,ambiguous,unknown,none_visible,humanoid,generic_western
spr_00604,data/full_all/01183.png,فارس_محارب,knight_warrior,male,warrior,shield_tank,human,middle_eastern
spr_00605,data/full_all/01184.png,بنت_عادية,girl_casual,female,npc_civilian,none_visible,human,east_asian
spr_00606,data/full_all/01185.png,سلايم_كتلة,blob_slime,ambiguous,unknown,none_visible,humanoid,generic_western
spr_00607,data/full_all/01186.png,بنت_عادية,girl_casual,female,npc_civilian,none_visible,human,east_asian
spr_00608,data/full_all/01187.png,بنت_عادية,girl_casual,female,npc_civilian,none_visible,human,east_asian
spr_00609,data/full_all/01188.png,ساحر,mage_caster,female,mage,magic_caster,human,middle_eastern
spr_00610,data/full_all/01189.png,فارس_محارب,knight_warrior,male,warrior,shield_tank,human,middle_eastern
spr_00611,data/full_all/01190.png,فارس_محارب,knight_warrior,male,warrior,melee_blade,human,middle_eastern
spr_00612,data/full_all/01191.png,رامي_قوس,archer,male,archer,ranged_bow,human,middle_eastern
spr_00613,data/full_all/01192.png,رامي_قوس,archer,male,archer,ranged_bow,human,middle_eastern
spr_00614,data/full_all/01193.png,بنت_فستان,girl_dress,female,npc_civilian,none_visible,human,middle_eastern
spr_00615,data/full_all/01194.png,طباخ_جزار,cook_butcher,male,npc_civilian,none_visible,human,middle_eastern
spr_00616,data/full_all/01195.png,طباخ_جزار,cook_butcher,male,npc_civilian,none_visible,human,middle_eastern
spr_00617,data/full_all/01196.png,طباخ_جزار,cook_butcher,male,npc_civilian,none_visible,human,middle_eastern
spr_00618,data/full_all/01197.png,طباخ_جزار,cook_butcher,male,npc_civilian,none_visible,human,middle_eastern
spr_00619,data/full_all/01198.png,طباخ_جزار,cook_butcher,male,npc_civilian,none_visible,human,middle_eastern
spr_00620,data/full_all/01199.png,رامي_قوس,archer,male,archer,ranged_bow,human,middle_eastern
spr_00621,data/full_all/01200.png,رامي_قوس,archer,male,archer,ranged_bow,human,middle_eastern
spr_00622,data/full_all/01201.png,طباخ_جزار,cook_butcher,male,npc_civilian,none_visible,human,middle_eastern
spr_00623,data/full_all/01202.png,طباخ_جزار,cook_butcher,male,npc_civilian,none_visible,human,middle_eastern
spr_00624,data/full_all/01203.png,فارس_محارب,knight_warrior,male,warrior,melee_blade,human,middle_eastern
spr_00625,data/full_all/01204.png,رامي_قوس,archer,male,archer,ranged_bow,human,middle_eastern
spr_00626,data/full_all/01205.png,رامي_قوس,archer,male,archer,ranged_bow,human,middle_eastern
spr_00627,data/full_all/01206.png,فارس_محارب,knight_warrior,male,warrior,melee_blade,human,middle_eastern
spr_00628,data/full_all/01207.png,طباخ_جزار,cook_butcher,male,npc_civilian,none_visible,human,middle_eastern
spr_00629,data/full_all/01208.png,طباخ_جزار,cook_butcher,male,npc_civilian,none_visible,human,middle_eastern
spr_00630,data/full_all/01209.png,طباخ_جزار,cook_butcher,male,npc_civilian,none_visible,human,middle_eastern
spr_00631,data/full_all/01210.png,كائن_وردي,pink_creature,ambiguous,animal_pet,none_visible,animal_anthro,generic_western
spr_00632,data/full_all/01211.png,طباخ_جزار,cook_butcher,male,npc_civilian,none_visible,human,middle_eastern
spr_00633,data/full_all/01212.png,بنت_عادية,girl_casual,female,npc_civilian,none_visible,human,middle_eastern
spr_00634,data/full_all/01213.png,رامي_قوس,archer,male,archer,ranged_bow,human,middle_eastern
spr_00635,data/full_all/01214.png,طباخ_جزار,cook_butcher,male,npc_civilian,none_visible,human,middle_eastern
spr_00636,data/full_all/01215.png,رامي_قوس,archer,male,archer,ranged_bow,human,middle_eastern
spr_00637,data/full_all/01216.png,رامي_قوس,archer,male,archer,ranged_bow,human,middle_eastern
spr_00638,data/full_all/01217.png,بنت_عادية,girl_casual,female,npc_civilian,none_visible,human,middle_eastern
spr_00639,data/full_all/01218.png,رامي_قوس,archer,male,archer,ranged_bow,human,middle_eastern
spr_00640,data/full_all/01219.png,رامي_قوس,archer,male,archer,ranged_bow,human,middle_eastern
spr_00641,data/full_all/01220.png,فارس_محارب,knight_warrior,male,warrior,melee_blade,human,middle_eastern
spr_00642,data/full_all/01221.png,رامي_قوس,archer,male,archer,ranged_bow,human,middle_eastern
spr_00643,data/full_all/01222.png,فارس_محارب,knight_warrior,male,warrior,melee_blade,human,middle_eastern
spr_00644,data/full_all/01223.png,لص_ملثم,rogue_hooded,male,rogue,melee_blade,human,generic_western
spr_00645,data/full_all/01224.png,فارس_محارب,knight_warrior,male,warrior,shield_tank,human,middle_eastern
spr_00646,data/full_all/01225.png,لص_ملثم,rogue_hooded,male,rogue,melee_blade,human,generic_western
spr_00647,data/full_all/01226.png,ولد_عادي,boy_casual,male,npc_civilian,none_visible,human,generic_western
spr_00648,data/full_all/01227.png,ولد_عادي,boy_casual,male,npc_civilian,none_visible,human,generic_western
spr_00649,data/full_all/01228.png,بنت_فستان,girl_dress,female,npc_civilian,none_visible,human,middle_eastern
spr_00650,data/full_all/01229.png,بنت_فستان,girl_dress,female,npc_civilian,none_visible,human,middle_eastern
spr_00651,data/full_all/01230.png,بنت_فستان,girl_dress,female,npc_civilian,none_visible,human,middle_eastern
spr_00652,data/full_all/01231.png,بنت_عادية,girl_casual,female,npc_civilian,none_visible,human,east_asian
spr_00653,data/full_all/01232.png,بنت_عادية,girl_casual,female,npc_civilian,none_visible,human,east_asian
spr_00654,data/full_all/01233.png,بنت_عادية,girl_casual,female,npc_civilian,none_visible,human,east_asian
spr_00655,data/full_all/01234.png,كاوبوي,cowboy,male,npc_civilian,none_visible,human,generic_western
spr_00656,data/full_all/01235.png,كاوبوي,cowboy,male,npc_civilian,none_visible,human,generic_western
spr_00657,data/full_all/01236.png,طائر_مجسم,bird_anthro,ambiguous,animal_pet,none_visible,animal_anthro,generic_western
spr_00658,data/full_all/01237.png,سلايم_كتلة,blob_slime,ambiguous,unknown,none_visible,humanoid,generic_western
spr_00659,data/full_all/01238.png,رامي_قوس,archer,male,archer,ranged_bow,human,middle_eastern
spr_00660,data/full_all/01239.png,بنت_فستان,girl_dress,female,npc_civilian,none_visible,human,middle_eastern
spr_00661,data/full_all/01240.png,كائن_وردي,pink_creature,ambiguous,animal_pet,none_visible,animal_anthro,generic_western
spr_00662,data/full_all/01241.png,رامي_قوس,archer,male,archer,ranged_bow,human,middle_eastern
spr_00663,data/full_all/01242.png,فارس_محارب,knight_warrior,male,warrior,melee_blade,human,middle_eastern
spr_00664,data/full_all/01243.png,تاجر,shopkeeper,male,npc_civilian,none_visible,human,middle_eastern
spr_00665,data/full_all/01244.png,رامي_قوس,archer,male,archer,ranged_bow,human,middle_eastern
spr_00666,data/full_all/01245.png,بنت_عادية,girl_casual,female,npc_civilian,none_visible,human,middle_eastern
spr_00667,data/full_all/01246.png,طباخ_جزار,cook_butcher,male,npc_civilian,none_visible,human,middle_eastern
spr_00668,data/full_all/01247.png,ولد_عادي,boy_casual,male,npc_civilian,none_visible,human,middle_eastern
spr_00669,data/full_all/01248.png,طائر_مجسم,bird_anthro,ambiguous,animal_pet,none_visible,animal_anthro,generic_western
spr_00670,data/full_all/01249.png,طباخ_جزار,cook_butcher,male,npc_civilian,none_visible,human,middle_eastern
spr_00671,data/full_all/01250.png,طائر_مجسم,bird_anthro,ambiguous,animal_pet,none_visible,animal_anthro,generic_western
spr_00672,data/full_all/01251.png,طائر_مجسم,bird_anthro,ambiguous,animal_pet,none_visible,animal_anthro,generic_western
spr_00673,data/full_all/01252.png,طائر_مجسم,bird_anthro,ambiguous,animal_pet,none_visible,animal_anthro,generic_western
spr_00674,data/full_all/01253.png,طائر_مجسم,bird_anthro,ambiguous,animal_pet,none_visible,animal_anthro,generic_western
spr_00675,data/full_all/01254.png,طائر_مجسم,bird_anthro,ambiguous,animal_pet,none_visible,animal_anthro,generic_western
spr_00676,data/full_all/01255.png,طائر_مجسم,bird_anthro,ambiguous,animal_pet,none_visible,animal_anthro,generic_western
spr_00677,data/full_all/01256.png,طائر_مجسم,bird_anthro,ambiguous,animal_pet,none_visible,animal_anthro,generic_western
spr_00678,data/full_all/01257.png,طائر_مجسم,bird_anthro,ambiguous,animal_pet,none_visible,animal_anthro,generic_western
spr_00679,data/full_all/01258.png,كاوبوي,cowboy,male,npc_civilian,none_visible,human,generic_western
spr_00680,data/full_all/01259.png,حيوان_صغير,animal_critter,ambiguous,animal_pet,none_visible,animal_anthro,generic_western
spr_00681,data/full_all/01260.png,كاوبوي,cowboy,male,npc_civilian,none_visible,human,generic_western
spr_00682,data/full_all/01261.png,رامي_قوس,archer,male,archer,ranged_bow,human,middle_eastern
spr_00683,data/full_all/01262.png,ولد_عادي,boy_casual,male,npc_civilian,none_visible,human,middle_eastern
spr_00684,data/full_all/01263.png,كاوبوي,cowboy,male,npc_civilian,none_visible,human,generic_western
spr_00685,data/full_all/01264.png,رامي_قوس,archer,male,archer,ranged_bow,human,middle_eastern
spr_00686,data/full_all/01265.png,كاوبوي,cowboy,male,npc_civilian,none_visible,human,generic_western
spr_00687,data/full_all/01266.png,حيوان_صغير,animal_critter,ambiguous,animal_pet,none_visible,animal_anthro,generic_western
spr_00688,data/full_all/01267.png,كاوبوي,cowboy,male,npc_civilian,none_visible,human,generic_western
spr_00689,data/full_all/01268.png,كائن_وردي,pink_creature,ambiguous,animal_pet,none_visible,animal_anthro,generic_western
spr_00690,data/full_all/01269.png,كاوبوي,cowboy,male,npc_civilian,none_visible,human,generic_western
spr_00691,data/full_all/01270.png,كاوبوي,cowboy,male,npc_civilian,none_visible,human,generic_western
spr_00692,data/full_all/01271.png,وحش_بوس,monster_boss,male,boss,dual_wield,monster_creature,generic_western
spr_00693,data/full_all/01272.png,بنت_عادية,girl_casual,female,npc_civilian,none_visible,human,generic_western
spr_00694,data/full_all/01273.png,لص_ملثم,rogue_hooded,male,rogue,melee_blade,human,generic_western
spr_00695,data/full_all/01274.png,بنت_فستان,girl_dress,female,npc_civilian,none_visible,human,middle_eastern
spr_00696,data/full_all/01275.png,وحش_بوس,monster_boss,male,boss,dual_wield,monster_creature,generic_western
spr_00697,data/full_all/01276.png,بنت_عادية,girl_casual,female,npc_civilian,none_visible,human,generic_western
spr_00698,data/full_all/01277.png,وحش_بوس,monster_boss,male,boss,dual_wield,monster_creature,generic_western
spr_00699,data/full_all/01278.png,ساحر,mage_caster,male,mage,magic_caster,human,middle_eastern
spr_00700,data/full_all/01279.png,فارس_محارب,knight_warrior,male,warrior,shield_tank,human,middle_eastern
spr_00701,data/full_all/01280.png,فارس_محارب,knight_warrior,male,warrior,shield_tank,human,middle_eastern
spr_00702,data/full_all/01281.png,وحش_بوس,monster_boss,male,boss,dual_wield,monster_creature,generic_western
spr_00703,data/full_all/01282.png,فارس_محارب,knight_warrior,male,warrior,shield_tank,human,middle_eastern
spr_00704,data/full_all/01283.png,سلايم_كتلة,blob_slime,ambiguous,unknown,none_visible,humanoid,generic_western
spr_00705,data/full_all/01284.png,سلايم_كتلة,blob_slime,ambiguous,unknown,none_visible,humanoid,generic_western
spr_00706,data/full_all/01285.png,سلايم_كتلة,blob_slime,ambiguous,unknown,none_visible,humanoid,generic_western
spr_00707,data/full_all/01286.png,سلايم_كتلة,blob_slime,ambiguous,unknown,none_visible,humanoid,generic_western
spr_00708,data/full_all/01287.png,سلايم_كتلة,blob_slime,ambiguous,unknown,none_visible,humanoid,generic_western
spr_00709,data/full_all/01288.png,سلايم_كتلة,blob_slime,ambiguous,unknown,none_visible,humanoid,generic_western
spr_00710,data/full_all/01289.png,وحش_بوس,monster_boss,male,boss,dual_wield,monster_creature,generic_western
spr_00711,data/full_all/01290.png,ساحر,mage_caster,male,mage,magic_caster,human,middle_eastern
spr_00712,data/full_all/01291.png,فارس_محارب,knight_warrior,male,warrior,shield_tank,human,middle_eastern
spr_00713,data/full_all/01292.png,رامي_قوس,archer,male,archer,ranged_bow,human,middle_eastern
spr_00714,data/full_all/01293.png,وحش_بوس,monster_boss,male,boss,dual_wield,monster_creature,generic_western
spr_00715,data/full_all/01294.png,فارس_محارب,knight_warrior,male,warrior,shield_tank,human,middle_eastern
spr_00716,data/full_all/01295.png,سلايم_كتلة,blob_slime,ambiguous,unknown,none_visible,humanoid,generic_western
spr_00717,data/full_all/01296.png,سلايم_كتلة,blob_slime,ambiguous,unknown,none_visible,humanoid,generic_western
spr_00718,data/full_all/01297.png,بورتريه_رأس,head_portrait,female,unknown,none_visible,human,generic_western
spr_00719,data/full_all/01298.png,بورتريه_رأس,head_portrait,female,unknown,none_visible,human,generic_western
spr_00720,data/full_all/01299.png,سلايم_كتلة,blob_slime,ambiguous,unknown,none_visible,humanoid,generic_western
spr_00721,data/full_all/01300.png,بورتريه_رأس,head_portrait,female,unknown,none_visible,human,generic_western
spr_00722,data/full_all/01301.png,بنت_عادية,girl_casual,female,npc_civilian,none_visible,human,east_asian
spr_00723,data/full_all/01302.png,ممرضة_دعم,nurse_support,female,support,none_visible,human,east_asian
spr_00724,data/full_all/01303.png,بنت_عادية,girl_casual,female,npc_civilian,none_visible,human,generic_western
spr_00725,data/full_all/01304.png,حيوان_صغير,animal_critter,ambiguous,animal_pet,none_visible,animal_anthro,generic_western
spr_00726,data/full_all/01305.png,بطة_مجسمة,duck_anthro,ambiguous,animal_pet,none_visible,animal_anthro,generic_western
spr_00727,data/full_all/01306.png,كاوبوي,cowboy,male,npc_civilian,none_visible,human,generic_western
spr_00728,data/full_all/01307.png,حيوان_صغير,animal_critter,ambiguous,animal_pet,none_visible,animal_anthro,generic_western
spr_00729,data/full_all/01308.png,كاوبوي,cowboy,male,npc_civilian,none_visible,human,generic_western
spr_00730,data/full_all/01309.png,فارس_محارب,knight_warrior,male,warrior,shield_tank,human,middle_eastern
spr_00731,data/full_all/01310.png,مقاتل_كاراتيه,martial_artist,male,rogue,unarmed,human,east_asian
spr_00732,data/full_all/01311.png,رامي_قوس,archer,male,archer,ranged_bow,human,middle_eastern
spr_00733,data/full_all/01312.png,كاوبوي,cowboy,male,npc_civilian,none_visible,human,generic_western
spr_00734,data/full_all/01313.png,روبوت,robot_mech,not_applicable,mech_unit,tech_gadget,robot_android,generic_western
spr_00735,data/full_all/01314.png,كاوبوي,cowboy,male,npc_civilian,none_visible,human,generic_western
spr_00736,data/full_all/01315.png,رامي_قوس,archer,male,archer,ranged_bow,human,middle_eastern
spr_00737,data/full_all/01316.png,روبوت,robot_mech,not_applicable,mech_unit,tech_gadget,robot_android,generic_western
spr_00738,data/full_all/01317.png,سلايم_كتلة,blob_slime,ambiguous,unknown,none_visible,humanoid,generic_western
spr_00739,data/full_all/01318.png,كاوبوي,cowboy,male,npc_civilian,none_visible,human,generic_western
spr_00740,data/full_all/01319.png,روبوت,robot_mech,not_applicable,mech_unit,tech_gadget,robot_android,generic_western
spr_00741,data/full_all/01320.png,سلايم_كتلة,blob_slime,ambiguous,unknown,none_visible,humanoid,generic_western
spr_00742,data/full_all/01321.png,وحش_بوس,monster_boss,male,boss,dual_wield,monster_creature,generic_western
spr_00743,data/full_all/01322.png,بنت_عادية,girl_casual,female,npc_civilian,none_visible,human,generic_western
spr_00744,data/full_all/01323.png,فارس_محارب,knight_warrior,male,warrior,shield_tank,human,middle_eastern
spr_00745,data/full_all/01324.png,فارس_محارب,knight_warrior,male,warrior,melee_blade,human,middle_eastern
spr_00746,data/full_all/01325.png,روبوت,robot_mech,not_applicable,mech_unit,tech_gadget,robot_android,generic_western
spr_00747,data/full_all/01326.png,فارس_محارب,knight_warrior,male,warrior,shield_tank,human,middle_eastern
spr_00748,data/full_all/01327.png,وحش_بوس,monster_boss,male,boss,dual_wield,monster_creature,generic_western
spr_00749,data/full_all/01328.png,بنت_عادية,girl_casual,female,npc_civilian,none_visible,human,generic_western
spr_00750,data/full_all/01329.png,فارس_محارب,knight_warrior,male,warrior,shield_tank,human,middle_eastern
spr_00751,data/full_all/01330.png,فارس_محارب,knight_warrior,male,warrior,shield_tank,human,middle_eastern
spr_00752,data/full_all/01331.png,روبوت,robot_mech,not_applicable,mech_unit,tech_gadget,robot_android,generic_western
spr_00753,data/full_all/01332.png,فارس_محارب,knight_warrior,male,warrior,shield_tank,human,middle_eastern
spr_00754,data/full_all/01333.png,سلايم_كتلة,blob_slime,ambiguous,unknown,none_visible,humanoid,generic_western
spr_00755,data/full_all/01334.png,طائر_مجسم,bird_anthro,ambiguous,animal_pet,none_visible,animal_anthro,generic_western
spr_00756,data/full_all/01335.png,طائر_مجسم,bird_anthro,ambiguous,animal_pet,none_visible,animal_anthro,generic_western
spr_00757,data/full_all/01336.png,سلايم_كتلة,blob_slime,ambiguous,unknown,none_visible,humanoid,generic_western
spr_00758,data/full_all/01337.png,سلايم_كتلة,blob_slime,ambiguous,unknown,none_visible,humanoid,generic_western
spr_00759,data/full_all/01338.png,طائر_مجسم,bird_anthro,ambiguous,animal_pet,none_visible,animal_anthro,generic_western
spr_00760,data/full_all/01339.png,بنت_عادية,girl_casual,female,npc_civilian,none_visible,human,east_asian
spr_00761,data/full_all/01340.png,ساحر,mage_caster,female,mage,magic_caster,human,middle_eastern
spr_00762,data/full_all/01341.png,ممرضة_دعم,nurse_support,female,support,none_visible,human,east_asian
spr_00763,data/full_all/01342.png,بنت_عادية,girl_casual,female,npc_civilian,none_visible,human,generic_western
spr_00764,data/full_all/01343.png,حيوان_صغير,animal_critter,ambiguous,animal_pet,none_visible,animal_anthro,generic_western
spr_00765,data/full_all/01344.png,فارس_محارب,knight_warrior,male,warrior,melee_blade,human,middle_eastern
spr_00766,data/full_all/01345.png,كاوبوي,cowboy,male,npc_civilian,none_visible,human,generic_western
spr_00767,data/full_all/01346.png,كائن_وردي,pink_creature,ambiguous,animal_pet,none_visible,animal_anthro,generic_western
spr_00768,data/full_all/01347.png,سلايم_كتلة,blob_slime,ambiguous,unknown,none_visible,humanoid,generic_western
spr_00769,data/full_all/01348.png,طائر_مجسم,bird_anthro,ambiguous,animal_pet,none_visible,animal_anthro,generic_western
spr_00770,data/full_all/01349.png,طائر_مجسم,bird_anthro,ambiguous,animal_pet,none_visible,animal_anthro,generic_western
spr_00771,data/full_all/01350.png,سلايم_كتلة,blob_slime,ambiguous,unknown,none_visible,humanoid,generic_western
spr_00772,data/full_all/01351.png,سلايم_كتلة,blob_slime,ambiguous,unknown,none_visible,humanoid,generic_western
spr_00773,data/full_all/01352.png,طائر_مجسم,bird_anthro,ambiguous,animal_pet,none_visible,animal_anthro,generic_western
spr_00774,data/full_all/01353.png,وحش_بوس,monster_boss,male,boss,dual_wield,monster_creature,generic_western
spr_00775,data/full_all/01354.png,بنت_عادية,girl_casual,female,npc_civilian,none_visible,human,generic_western
spr_00776,data/full_all/01355.png,فارس_محارب,knight_warrior,male,warrior,shield_tank,human,middle_eastern
spr_00777,data/full_all/01356.png,فارس_محارب,knight_warrior,male,warrior,shield_tank,human,middle_eastern
spr_00778,data/full_all/01357.png,روبوت,robot_mech,not_applicable,mech_unit,tech_gadget,robot_android,generic_western
spr_00779,data/full_all/01358.png,فارس_محارب,knight_warrior,male,warrior,shield_tank,human,middle_eastern
spr_00780,data/full_all/01359.png,وحش_بوس,monster_boss,male,boss,dual_wield,monster_creature,generic_western
spr_00781,data/full_all/01360.png,وحش_بوس,monster_boss,male,warrior,dual_wield,monster_creature,generic_western
spr_00782,data/full_all/01361.png,أورك,orc_brute,male,warrior,melee_blade,orc_goblin,generic_western
spr_00783,data/full_all/01362.png,وحش_بوس,monster_boss,male,warrior,dual_wield,monster_creature,generic_western
spr_00784,data/full_all/01363.png,وحش_بوس,monster_boss,male,boss,dual_wield,monster_creature,generic_western
spr_00785,data/full_all/01364.png,أورك,orc_brute,male,warrior,melee_blade,orc_goblin,generic_western
spr_00786,data/full_all/01365.png,وحش_بوس,monster_boss,male,boss,dual_wield,monster_creature,generic_western
spr_00787,data/full_all/01366.png,وحش_بوس,monster_boss,male,warrior,dual_wield,monster_creature,generic_western
spr_00788,data/full_all/01367.png,أورك,orc_brute,male,warrior,melee_blade,orc_goblin,generic_western
spr_00789,data/full_all/01368.png,وحش_بوس,monster_boss,male,warrior,dual_wield,monster_creature,generic_western
spr_00790,data/full_all/01369.png,وحش_بوس,monster_boss,male,boss,dual_wield,monster_creature,generic_western
spr_00791,data/full_all/01370.png,أورك,orc_brute,male,warrior,melee_blade,orc_goblin,generic_western
spr_00792,data/full_all/01371.png,وحش_بوس,monster_boss,male,boss,dual_wield,monster_creature,generic_western
spr_00793,data/full_all/01372.png,وحش_بوس,monster_boss,male,warrior,dual_wield,monster_creature,generic_western
spr_00794,data/full_all/01373.png,أورك,orc_brute,male,warrior,melee_blade,orc_goblin,generic_western
spr_00795,data/full_all/01374.png,وحش_بوس,monster_boss,male,warrior,dual_wield,monster_creature,generic_western
spr_00796,data/full_all/01375.png,وحش_بوس,monster_boss,male,boss,dual_wield,monster_creature,generic_western
spr_00797,data/full_all/01376.png,أورك,orc_brute,male,warrior,melee_blade,orc_goblin,generic_western
spr_00798,data/full_all/01377.png,ممرضة_دعم,nurse_support,female,support,none_visible,human,east_asian
spr_00799,data/full_all/01378.png,بنت_عادية,girl_casual,female,npc_civilian,none_visible,human,generic_western
spr_00800,data/full_all/01379.png,حيوان_صغير,animal_critter,ambiguous,animal_pet,none_visible,animal_anthro,generic_western
spr_00801,data/full_all/01380.png,فارس_محارب,knight_warrior,male,warrior,shield_tank,human,middle_eastern
spr_00802,data/full_all/01381.png,كاوبوي,cowboy,male,npc_civilian,none_visible,human,generic_western
spr_00803,data/full_all/01382.png,حيوان_صغير,animal_critter,ambiguous,animal_pet,none_visible,animal_anthro,generic_western
spr_00804,data/full_all/01383.png,سلايم_كتلة,blob_slime,ambiguous,unknown,none_visible,humanoid,generic_western
spr_00805,data/full_all/01384.png,بورتريه_رأس,head_portrait,ambiguous,unknown,none_visible,human,generic_western
spr_00806,data/full_all/01385.png,سلايم_كتلة,blob_slime,ambiguous,unknown,none_visible,humanoid,generic_western
spr_00807,data/full_all/01386.png,بورتريه_رأس,head_portrait,ambiguous,unknown,none_visible,humanoid,generic_western
spr_00808,data/full_all/01387.png,سلايم_كتلة,blob_slime,ambiguous,unknown,none_visible,humanoid,generic_western
spr_00809,data/full_all/01388.png,سلايم_كتلة,blob_slime,ambiguous,unknown,none_visible,humanoid,generic_western
spr_00810,data/full_all/01389.png,وحش_بوس,monster_boss,male,boss,dual_wield,monster_creature,generic_western
spr_00811,data/full_all/01390.png,بنت_عادية,girl_casual,female,npc_civilian,none_visible,human,generic_western
spr_00812,data/full_all/01391.png,لص_ملثم,rogue_hooded,male,rogue,melee_blade,human,generic_western
spr_00813,data/full_all/01392.png,فارس_محارب,knight_warrior,male,warrior,shield_tank,human,middle_eastern
spr_00814,data/full_all/01393.png,روبوت,robot_mech,not_applicable,mech_unit,tech_gadget,robot_android,generic_western
spr_00815,data/full_all/01394.png,لص_ملثم,rogue_hooded,male,rogue,melee_blade,human,generic_western
spr_00816,data/full_all/01395.png,وحش_بوس,monster_boss,male,boss,dual_wield,monster_creature,generic_western
spr_00817,data/full_all/01396.png,بنت_عادية,girl_casual,female,npc_civilian,none_visible,human,generic_western
spr_00818,data/full_all/01397.png,رامي_قوس,archer,male,archer,ranged_bow,human,middle_eastern
spr_00819,data/full_all/01398.png,بنت_فستان,girl_dress,female,npc_civilian,none_visible,human,middle_eastern
spr_00820,data/full_all/01399.png,كاوبوي,cowboy,male,npc_civilian,none_visible,human,generic_western
spr_00821,data/full_all/01400.png,رامي_قوس,archer,male,archer,ranged_bow,human,middle_eastern
spr_00822,data/full_all/01401.png,كاوبوي,cowboy,male,npc_civilian,none_visible,human,generic_western
spr_00823,data/full_all/01402.png,حيوان_صغير,animal_critter,ambiguous,animal_pet,none_visible,animal_anthro,generic_western
spr_00824,data/full_all/01403.png,كاوبوي,cowboy,male,npc_civilian,none_visible,human,generic_western
spr_00825,data/full_all/01404.png,طباخ_جزار,cook_butcher,male,npc_civilian,none_visible,human,middle_eastern
spr_00826,data/full_all/01405.png,كاوبوي,cowboy,male,npc_civilian,none_visible,human,generic_western
spr_00827,data/full_all/01406.png,كاوبوي,cowboy,male,npc_civilian,none_visible,human,generic_western
spr_00828,data/full_all/01407.png,ممرضة_دعم,nurse_support,female,support,none_visible,human,east_asian
spr_00829,data/full_all/01408.png,كائن_وردي,pink_creature,ambiguous,animal_pet,none_visible,animal_anthro,generic_western
spr_00830,data/full_all/01409.png,ولد_عادي,boy_casual,male,npc_civilian,none_visible,human,generic_western
spr_00831,data/full_all/01410.png,ولد_عادي,boy_casual,male,npc_civilian,none_visible,human,generic_western
spr_00832,data/full_all/01411.png,سلايم_كتلة,blob_slime,ambiguous,unknown,none_visible,humanoid,generic_western
spr_00833,data/full_all/01412.png,ولد_عادي,boy_casual,male,npc_civilian,none_visible,human,generic_western
spr_00834,data/full_all/01413.png,وحش_بوس,monster_boss,male,boss,dual_wield,monster_creature,generic_western
spr_00835,data/full_all/01414.png,ساحر,mage_caster,male,mage,magic_caster,human,middle_eastern
spr_00836,data/full_all/01415.png,ساحر,mage_caster,male,mage,magic_caster,human,middle_eastern
spr_00837,data/full_all/01416.png,بنت_فستان,girl_dress,female,npc_civilian,none_visible,human,middle_eastern
spr_00838,data/full_all/01417.png,ساحر,mage_caster,female,mage,magic_caster,human,generic_western
spr_00839,data/full_all/01418.png,ساحر,mage_caster,male,mage,magic_caster,human,middle_eastern
spr_00840,data/full_all/01419.png,بنت_عادية,girl_casual,female,npc_civilian,none_visible,human,east_asian
spr_00841,data/full_all/01420.png,بنت_عادية,girl_casual,female,npc_civilian,none_visible,human,east_asian
spr_00842,data/full_all/01421.png,بنت_عادية,girl_casual,female,npc_civilian,none_visible,human,east_asian
spr_00843,data/full_all/01422.png,بنت_عادية,girl_casual,female,npc_civilian,none_visible,human,east_asian
spr_00844,data/full_all/01423.png,بنت_عادية,girl_casual,female,npc_civilian,none_visible,human,east_asian
spr_00845,data/full_all/01424.png,بنت_عادية,girl_casual,female,npc_civilian,none_visible,human,east_asian
spr_00846,data/full_all/01425.png,وحش_بوس,monster_boss,male,boss,dual_wield,monster_creature,generic_western
spr_00847,data/full_all/01426.png,سلايم_كتلة,blob_slime,ambiguous,unknown,none_visible,humanoid,generic_western
spr_00848,data/full_all/01427.png,بورتريه_رأس,head_portrait,ambiguous,unknown,none_visible,human,generic_western
spr_00849,data/full_all/01428.png,سلايم_كتلة,blob_slime,ambiguous,unknown,none_visible,humanoid,generic_western
spr_00850,data/full_all/01429.png,سلايم_كتلة,blob_slime,ambiguous,unknown,none_visible,humanoid,generic_western
spr_00851,data/full_all/01430.png,بورتريه_رأس,head_portrait,ambiguous,unknown,none_visible,human,generic_western
spr_00852,data/full_all/01431.png,وحش_بوس,monster_boss,male,boss,dual_wield,monster_creature,generic_western
spr_00853,data/full_all/01432.png,كائن_وردي,pink_creature,ambiguous,animal_pet,none_visible,animal_anthro,generic_western
spr_00854,data/full_all/01433.png,رامي_قوس,archer,male,archer,ranged_bow,human,middle_eastern
spr_00855,data/full_all/01434.png,كائن_وردي,pink_creature,ambiguous,animal_pet,none_visible,animal_anthro,generic_western
spr_00856,data/full_all/01435.png,كاوبوي,cowboy,male,npc_civilian,none_visible,human,generic_western
spr_00857,data/full_all/01436.png,رامي_قوس,archer,male,archer,ranged_bow,human,middle_eastern
spr_00858,data/full_all/01437.png,كاوبوي,cowboy,male,npc_civilian,none_visible,human,generic_western
spr_00859,data/full_all/01438.png,حيوان_صغير,animal_critter,ambiguous,animal_pet,none_visible,animal_anthro,generic_western
spr_00860,data/full_all/01439.png,كاوبوي,cowboy,male,npc_civilian,none_visible,human,generic_western
spr_00861,data/full_all/01440.png,كائن_وردي,pink_creature,ambiguous,animal_pet,none_visible,animal_anthro,generic_western
spr_00862,data/full_all/01441.png,ولد_عادي,boy_casual,male,npc_civilian,none_visible,human,middle_eastern
spr_00863,data/full_all/01442.png,كاوبوي,cowboy,male,npc_civilian,none_visible,human,generic_western
spr_00864,data/full_all/01443.png,وحش_بوس,monster_boss,male,boss,dual_wield,monster_creature,generic_western
spr_00865,data/full_all/01444.png,ساحر,mage_caster,male,mage,magic_caster,human,middle_eastern
spr_00866,data/full_all/01445.png,فارس_محارب,knight_warrior,male,warrior,shield_tank,human,middle_eastern
spr_00867,data/full_all/01446.png,فارس_محارب,knight_warrior,male,warrior,shield_tank,human,middle_eastern
spr_00868,data/full_all/01447.png,وحش_بوس,monster_boss,male,boss,dual_wield,monster_creature,generic_western
spr_00869,data/full_all/01448.png,فارس_محارب,knight_warrior,male,warrior,shield_tank,human,middle_eastern
spr_00870,data/full_all/01449.png,وحش_بوس,monster_boss,male,boss,dual_wield,monster_creature,generic_western
spr_00871,data/full_all/01450.png,ساحر,mage_caster,male,mage,magic_caster,human,middle_eastern
spr_00872,data/full_all/01451.png,فارس_محارب,knight_warrior,male,warrior,shield_tank,human,middle_eastern
spr_00873,data/full_all/01452.png,لص_ملثم,rogue_hooded,male,rogue,melee_blade,human,generic_western
spr_00874,data/full_all/01453.png,وحش_بوس,monster_boss,male,boss,dual_wield,monster_creature,generic_western
spr_00875,data/full_all/01454.png,فارس_محارب,knight_warrior,male,warrior,shield_tank,human,middle_eastern
spr_00876,data/full_all/01455.png,بنت_عادية,girl_casual,female,npc_civilian,none_visible,human,east_asian
spr_00877,data/full_all/01456.png,بنت_عادية,girl_casual,female,npc_civilian,none_visible,human,east_asian
spr_00878,data/full_all/01457.png,طائر_مجسم,bird_anthro,ambiguous,animal_pet,none_visible,animal_anthro,generic_western
spr_00879,data/full_all/01458.png,كائن_وردي,pink_creature,ambiguous,animal_pet,none_visible,animal_anthro,generic_western
spr_00880,data/full_all/01459.png,رداء_أبيض,white_robe,ambiguous,cleric_healer,none_visible,human,generic_western
spr_00881,data/full_all/01460.png,طائر_مجسم,bird_anthro,ambiguous,animal_pet,none_visible,animal_anthro,generic_western
spr_00882,data/full_all/01461.png,سلايم_كتلة,blob_slime,ambiguous,unknown,none_visible,humanoid,generic_western
spr_00883,data/full_all/01462.png,مقاتل_كاراتيه,martial_artist,male,rogue,unarmed,human,east_asian
spr_00884,data/full_all/01463.png,كاوبوي,cowboy,male,npc_civilian,none_visible,human,generic_western
spr_00885,data/full_all/01464.png,كائن_وردي,pink_creature,ambiguous,animal_pet,none_visible,animal_anthro,generic_western
spr_00886,data/full_all/01465.png,رامي_قوس,archer,male,archer,ranged_bow,human,middle_eastern
spr_00887,data/full_all/01466.png,ساحر,mage_caster,female,mage,magic_caster,human,middle_eastern
spr_00888,data/full_all/01467.png,كاوبوي,cowboy,male,npc_civilian,none_visible,human,generic_western
spr_00889,data/full_all/01468.png,رامي_قوس,archer,male,archer,ranged_bow,human,middle_eastern
spr_00890,data/full_all/01469.png,كاوبوي,cowboy,male,npc_civilian,none_visible,human,generic_western
spr_00891,data/full_all/01470.png,كائن_وردي,pink_creature,ambiguous,animal_pet,none_visible,animal_anthro,generic_western
spr_00892,data/full_all/01471.png,رامي_قوس,archer,male,archer,ranged_bow,human,middle_eastern
spr_00893,data/full_all/01472.png,رامي_قوس,archer,male,archer,ranged_bow,human,middle_eastern
spr_00894,data/full_all/01473.png,كاوبوي,cowboy,male,npc_civilian,none_visible,human,generic_western
spr_00895,data/full_all/01474.png,رامي_قوس,archer,male,archer,ranged_bow,human,middle_eastern
spr_00896,data/full_all/01475.png,سلايم_كتلة,blob_slime,ambiguous,unknown,none_visible,humanoid,generic_western
spr_00897,data/full_all/01476.png,وحش_بوس,monster_boss,male,boss,dual_wield,monster_creature,generic_western
spr_00898,data/full_all/01477.png,سلايم_كتلة,blob_slime,ambiguous,unknown,none_visible,humanoid,generic_western
spr_00899,data/full_all/01478.png,بورتريه_رأس,head_portrait,ambiguous,unknown,none_visible,human,generic_western
spr_00900,data/full_all/01479.png,وحش_بوس,monster_boss,male,boss,dual_wield,monster_creature,generic_western
spr_00901,data/full_all/01480.png,سلايم_كتلة,blob_slime,ambiguous,unknown,none_visible,humanoid,generic_western
spr_00902,data/full_all/01481.png,بورتريه_رأس,head_portrait,ambiguous,unknown,none_visible,human,generic_western
spr_00903,data/full_all/01482.png,وحش_بوس,monster_boss,male,boss,dual_wield,monster_creature,generic_western
spr_00904,data/full_all/01483.png,ساحر,mage_caster,male,mage,magic_caster,human,middle_eastern
spr_00905,data/full_all/01484.png,لص_ملثم,rogue_hooded,male,rogue,melee_blade,human,generic_western
spr_00906,data/full_all/01485.png,ساحر,mage_caster,female,mage,magic_caster,human,middle_eastern
spr_00907,data/full_all/01486.png,روبوت,robot_mech,not_applicable,mech_unit,tech_gadget,robot_android,generic_western
spr_00908,data/full_all/01487.png,لص_ملثم,rogue_hooded,male,rogue,melee_blade,human,generic_western
spr_00909,data/full_all/01488.png,وحش_بوس,monster_boss,male,boss,dual_wield,monster_creature,generic_western
spr_00910,data/full_all/01489.png,ساحر,mage_caster,male,mage,magic_caster,human,middle_eastern
spr_00911,data/full_all/01490.png,ساحر,mage_caster,male,mage,magic_caster,human,middle_eastern
spr_00912,data/full_all/01491.png,بنت_فستان,girl_dress,female,npc_civilian,none_visible,human,middle_eastern
spr_00913,data/full_all/01492.png,ساحر,mage_caster,female,mage,magic_caster,human,generic_western
spr_00914,data/full_all/01493.png,ساحر,mage_caster,male,mage,magic_caster,human,middle_eastern
spr_00915,data/full_all/01494.png,سلايم_كتلة,blob_slime,ambiguous,unknown,none_visible,humanoid,generic_western
spr_00916,data/full_all/01495.png,بورتريه_رأس,head_portrait,ambiguous,unknown,none_visible,human,generic_western
spr_00917,data/full_all/01496.png,سلايم_كتلة,blob_slime,ambiguous,unknown,none_visible,humanoid,generic_western
spr_00918,data/full_all/01497.png,بورتريه_رأس,head_portrait,ambiguous,unknown,none_visible,humanoid,generic_western
spr_00919,data/full_all/01498.png,سلايم_كتلة,blob_slime,ambiguous,unknown,none_visible,humanoid,generic_western
spr_00920,data/full_all/01499.png,سلايم_كتلة,blob_slime,ambiguous,unknown,none_visible,humanoid,generic_western
spr_00921,data/full_all/01500.png,وحش_بوس,monster_boss,male,boss,dual_wield,monster_creature,generic_western
spr_00922,data/full_all/01501.png,كائن_وردي,pink_creature,ambiguous,animal_pet,none_visible,animal_anthro,generic_western
spr_00923,data/full_all/01502.png,لص_ملثم,rogue_hooded,male,rogue,melee_blade,human,generic_western
spr_00924,data/full_all/01503.png,فارس_محارب,knight_warrior,male,warrior,melee_blade,human,middle_eastern
spr_00925,data/full_all/01504.png,كاوبوي,cowboy,male,npc_civilian,none_visible,human,generic_western
spr_00926,data/full_all/01505.png,لص_ملثم,rogue_hooded,male,rogue,melee_blade,human,generic_western
spr_00927,data/full_all/01506.png,ممرضة_دعم,nurse_support,female,support,none_visible,human,east_asian
spr_00928,data/full_all/01507.png,بنت_عادية,girl_casual,female,npc_civilian,none_visible,human,generic_western
spr_00929,data/full_all/01508.png,ولد_عادي,boy_casual,male,npc_civilian,none_visible,human,generic_western
spr_00930,data/full_all/01509.png,ولد_عادي,boy_casual,male,npc_civilian,none_visible,human,generic_western
spr_00931,data/full_all/01510.png,سلايم_كتلة,blob_slime,ambiguous,unknown,none_visible,humanoid,generic_western
spr_00932,data/full_all/01511.png,ولد_عادي,boy_casual,male,npc_civilian,none_visible,human,generic_western
spr_00933,data/full_all/01512.png,بورتريه_رأس,head_portrait,ambiguous,unknown,none_visible,humanoid,generic_western
spr_00934,data/full_all/01513.png,طائر_مجسم,bird_anthro,ambiguous,animal_pet,none_visible,animal_anthro,generic_western
spr_00935,data/full_all/01514.png,هيكل_عظمي,skeleton_undead,not_applicable,mob_enemy,none_visible,undead,generic_western
spr_00936,data/full_all/01515.png,طائر_مجسم,bird_anthro,ambiguous,animal_pet,none_visible,animal_anthro,generic_western
spr_00937,data/full_all/01516.png,كاوبوي,cowboy,male,npc_civilian,none_visible,human,generic_western
spr_00938,data/full_all/01517.png,كاوبوي,cowboy,male,npc_civilian,none_visible,human,generic_western
spr_00939,data/full_all/01518.png,مقاتل_كاراتيه,martial_artist,male,rogue,unarmed,human,east_asian
spr_00940,data/full_all/01519.png,كاوبوي,cowboy,male,npc_civilian,none_visible,human,generic_western
spr_00941,data/full_all/01520.png,حيوان_صغير,animal_critter,ambiguous,animal_pet,none_visible,animal_anthro,generic_western
spr_00942,data/full_all/01521.png,كاوبوي,cowboy,male,npc_civilian,none_visible,human,generic_western
spr_00943,data/full_all/01522.png,طباخ_جزار,cook_butcher,male,npc_civilian,none_visible,human,middle_eastern
spr_00944,data/full_all/01523.png,ولد_عادي,boy_casual,male,npc_civilian,none_visible,human,middle_eastern
spr_00945,data/full_all/01524.png,كاوبوي,cowboy,male,npc_civilian,none_visible,human,generic_western
spr_00946,data/full_all/01525.png,طائر_مجسم,bird_anthro,ambiguous,animal_pet,none_visible,animal_anthro,generic_western
spr_00947,data/full_all/01526.png,وحش_بوس,monster_boss,male,boss,dual_wield,monster_creature,generic_western
spr_00948,data/full_all/01527.png,سلايم_كتلة,blob_slime,ambiguous,unknown,none_visible,humanoid,generic_western
spr_00949,data/full_all/01528.png,بورتريه_رأس,head_portrait,ambiguous,unknown,none_visible,human,generic_western
spr_00950,data/full_all/01529.png,وحش_بوس,monster_boss,male,boss,dual_wield,monster_creature,generic_western
spr_00951,data/full_all/01530.png,سلايم_كتلة,blob_slime,ambiguous,unknown,none_visible,humanoid,generic_western
spr_00952,data/full_all/01531.png,بورتريه_رأس,head_portrait,ambiguous,unknown,none_visible,human,generic_western
spr_00953,data/full_all/01532.png,وحش_بوس,monster_boss,male,boss,dual_wield,monster_creature,generic_western
spr_00954,data/full_all/01533.png,ساحر,mage_caster,male,mage,magic_caster,human,middle_eastern
spr_00955,data/full_all/01534.png,فارس_محارب,knight_warrior,male,warrior,shield_tank,human,middle_eastern
spr_00956,data/full_all/01535.png,لص_ملثم,rogue_hooded,male,rogue,melee_blade,human,generic_western
spr_00957,data/full_all/01536.png,وحش_بوس,monster_boss,male,boss,dual_wield,monster_creature,generic_western
spr_00958,data/full_all/01537.png,فارس_محارب,knight_warrior,male,warrior,shield_tank,human,middle_eastern
spr_00959,data/full_all/01538.png,وحش_بوس,monster_boss,male,boss,dual_wield,monster_creature,generic_western
spr_00960,data/full_all/01539.png,ساحر,mage_caster,male,mage,magic_caster,human,middle_eastern
spr_00961,data/full_all/01540.png,ساحر,mage_caster,male,mage,magic_caster,human,middle_eastern
spr_00962,data/full_all/01541.png,بنت_فستان,girl_dress,female,npc_civilian,none_visible,human,middle_eastern
spr_00963,data/full_all/01542.png,ساحر,mage_caster,female,mage,magic_caster,human,generic_western
spr_00964,data/full_all/01543.png,ساحر,mage_caster,male,mage,magic_caster,human,middle_eastern
spr_00965,data/full_all/01544.png,وحش_بوس,monster_boss,male,boss,dual_wield,monster_creature,generic_western
spr_00966,data/full_all/01545.png,بنت_عادية,girl_casual,female,npc_civilian,none_visible,human,generic_western
spr_00967,data/full_all/01546.png,رامي_قوس,archer,male,archer,ranged_bow,human,middle_eastern
spr_00968,data/full_all/01547.png,رامي_قوس,archer,male,archer,ranged_bow,human,middle_eastern
spr_00969,data/full_all/01548.png,كاوبوي,cowboy,male,npc_civilian,none_visible,human,generic_western
spr_00970,data/full_all/01549.png,رامي_قوس,archer,male,archer,ranged_bow,human,middle_eastern
spr_00971,data/full_all/01550.png,طباخ_جزار,cook_butcher,male,npc_civilian,none_visible,human,middle_eastern
spr_00972,data/full_all/01551.png,طائر_مجسم,bird_anthro,ambiguous,animal_pet,none_visible,animal_anthro,generic_western
spr_00973,data/full_all/01552.png,بنت_فستان,girl_dress,female,npc_civilian,none_visible,human,middle_eastern
spr_00974,data/full_all/01553.png,ممرضة_دعم,nurse_support,female,support,none_visible,human,east_asian
spr_00975,data/full_all/01554.png,بنت_عادية,girl_casual,female,npc_civilian,none_visible,human,generic_western
spr_00976,data/full_all/01555.png,ولد_عادي,boy_casual,male,npc_civilian,none_visible,human,generic_western
spr_00977,data/full_all/01556.png,ولد_عادي,boy_casual,male,npc_civilian,none_visible,human,generic_western
spr_00978,data/full_all/01557.png,سلايم_كتلة,blob_slime,ambiguous,unknown,none_visible,humanoid,generic_western
spr_00979,data/full_all/01558.png,ولد_عادي,boy_casual,male,npc_civilian,none_visible,human,generic_western
spr_00980,data/full_all/01559.png,وحش_بوس,monster_boss,male,boss,dual_wield,monster_creature,generic_western
spr_00981,data/full_all/01560.png,ساحر,mage_caster,male,mage,magic_caster,human,middle_eastern
spr_00982,data/full_all/01561.png,بنت_عادية,girl_casual,female,npc_civilian,none_visible,human,generic_western
spr_00983,data/full_all/01562.png,بطة_مجسمة,duck_anthro,ambiguous,animal_pet,none_visible,animal_anthro,generic_western
spr_00984,data/full_all/01563.png,كاوبوي,cowboy,male,npc_civilian,none_visible,human,generic_western
spr_00985,data/full_all/01564.png,بنت_عادية,girl_casual,female,npc_civilian,none_visible,human,generic_western
spr_00986,data/full_all/01565.png,كاوبوي,cowboy,male,npc_civilian,none_visible,human,generic_western
spr_00987,data/full_all/01566.png,رامي_قوس,archer,male,archer,ranged_bow,human,middle_eastern
spr_00988,data/full_all/01567.png,مقاتل_كاراتيه,martial_artist,male,rogue,unarmed,human,east_asian
spr_00989,data/full_all/01568.png,طائر_مجسم,bird_anthro,ambiguous,animal_pet,none_visible,animal_anthro,generic_western
spr_00990,data/full_all/01569.png,طائر_مجسم,bird_anthro,ambiguous,animal_pet,none_visible,animal_anthro,generic_western
spr_00991,data/full_all/01570.png,مقاتل_كاراتيه,martial_artist,male,rogue,unarmed,human,east_asian
spr_00992,data/full_all/01571.png,طائر_مجسم,bird_anthro,ambiguous,animal_pet,none_visible,animal_anthro,generic_western
spr_00993,data/full_all/01572.png,طائر_مجسم,bird_anthro,ambiguous,animal_pet,none_visible,animal_anthro,generic_western
spr_00994,data/full_all/01573.png,طائر_مجسم,bird_anthro,ambiguous,animal_pet,none_visible,animal_anthro,generic_western
spr_00995,data/full_all/01574.png,طائر_مجسم,bird_anthro,ambiguous,animal_pet,none_visible,animal_anthro,generic_western
spr_00996,data/full_all/01575.png,رامي_قوس,archer,male,archer,ranged_bow,human,middle_eastern
spr_00997,data/full_all/01576.png,رامي_قوس,archer,male,archer,ranged_bow,human,middle_eastern
spr_00998,data/full_all/01577.png,كائن_وردي,pink_creature,ambiguous,animal_pet,none_visible,animal_anthro,generic_western
spr_00999,data/full_all/01578.png,بنت_فستان,girl_dress,female,npc_civilian,none_visible,human,middle_eastern
spr_01000,data/full_all/01579.png,فارس_محارب,knight_warrior,male,warrior,shield_tank,human,middle_eastern
spr_01001,data/full_all/01580.png,سلايم_كتلة,blob_slime,ambiguous,unknown,none_visible,humanoid,generic_western
spr_01002,data/full_all/01581.png,رامي_قوس,archer,male,archer,ranged_bow,human,middle_eastern
spr_01003,data/full_all/01582.png,بورتريه_رأس,head_portrait,female,unknown,none_visible,human,generic_western
spr_01004,data/full_all/01583.png,بنت_عادية,girl_casual,female,npc_civilian,none_visible,human,east_asian
spr_01005,data/full_all/01584.png,بطة_مجسمة,duck_anthro,ambiguous,animal_pet,none_visible,animal_anthro,generic_western
spr_01006,data/full_all/01585.png,رامي_قوس,archer,male,archer,ranged_bow,human,middle_eastern
spr_01007,data/full_all/01586.png,سلايم_كتلة,blob_slime,ambiguous,unknown,none_visible,humanoid,generic_western
spr_01008,data/full_all/01587.png,سلايم_كتلة,blob_slime,ambiguous,unknown,none_visible,humanoid,generic_western
spr_01009,data/full_all/01588.png,فارس_محارب,knight_warrior,male,warrior,melee_blade,human,middle_eastern
spr_01010,data/full_all/01589.png,فارس_محارب,knight_warrior,male,warrior,shield_tank,human,middle_eastern
spr_01011,data/full_all/01590.png,سلايم_كتلة,blob_slime,ambiguous,unknown,none_visible,humanoid,generic_western
spr_01012,data/full_all/01591.png,بنت_عادية,girl_casual,female,npc_civilian,none_visible,human,east_asian
spr_01013,data/full_all/01592.png,ساحر,mage_caster,female,mage,magic_caster,human,middle_eastern
spr_01014,data/full_all/01593.png,فارس_محارب,knight_warrior,male,warrior,melee_blade,human,middle_eastern
spr_01015,data/full_all/01594.png,سلايم_كتلة,blob_slime,ambiguous,unknown,none_visible,humanoid,generic_western
spr_01016,data/full_all/01595.png,فارس_محارب,knight_warrior,male,warrior,shield_tank,human,middle_eastern
spr_01017,data/full_all/01596.png,وحش_بوس,monster_boss,male,warrior,dual_wield,monster_creature,generic_western
spr_01018,data/full_all/01597.png,وحش_بوس,monster_boss,male,warrior,dual_wield,monster_creature,generic_western
spr_01019,data/full_all/01598.png,وحش_بوس,monster_boss,male,warrior,dual_wield,monster_creature,generic_western
spr_01020,data/full_all/01599.png,فارس_محارب,knight_warrior,male,warrior,shield_tank,human,middle_eastern
spr_01021,data/full_all/01600.png,بورتريه_رأس,head_portrait,ambiguous,unknown,none_visible,humanoid,generic_western
spr_01022,data/full_all/01601.png,فارس_محارب,knight_warrior,male,warrior,shield_tank,human,middle_eastern
spr_01023,data/full_all/01602.png,بنت_فستان,girl_dress,female,npc_civilian,none_visible,human,middle_eastern
spr_01024,data/full_all/01603.png,طباخ_جزار,cook_butcher,male,npc_civilian,none_visible,human,middle_eastern
spr_01025,data/full_all/01604.png,ولد_عادي,boy_casual,male,npc_civilian,none_visible,human,generic_western
spr_01026,data/full_all/01605.png,بنت_فستان,girl_dress,female,npc_civilian,none_visible,human,middle_eastern
spr_01027,data/full_all/01606.png,بنت_عادية,girl_casual,female,npc_civilian,none_visible,human,east_asian
spr_01028,data/full_all/01607.png,سلايم_كتلة,blob_slime,ambiguous,unknown,none_visible,humanoid,generic_western
spr_01029,data/full_all/01608.png,كائن_وردي,pink_creature,ambiguous,animal_pet,none_visible,animal_anthro,generic_western
spr_01030,data/full_all/01609.png,كائن_وردي,pink_creature,ambiguous,animal_pet,none_visible,animal_anthro,generic_western
spr_01031,data/full_all/01610.png,فارس_محارب,knight_warrior,male,warrior,shield_tank,human,middle_eastern
spr_01032,data/full_all/01611.png,لص_ملثم,rogue_hooded,male,rogue,melee_blade,human,generic_western
spr_01033,data/full_all/01612.png,بنت_عادية,girl_casual,female,npc_civilian,none_visible,human,east_asian
spr_01034,data/full_all/01613.png,بنت_عادية,girl_casual,female,npc_civilian,none_visible,human,east_asian
spr_01035,data/full_all/01614.png,طائر_مجسم,bird_anthro,ambiguous,animal_pet,none_visible,animal_anthro,generic_western
spr_01036,data/full_all/01615.png,ساحر,mage_caster,female,mage,magic_caster,human,middle_eastern
spr_01037,data/full_all/01616.png,رامي_قوس,archer,male,archer,ranged_bow,human,middle_eastern
spr_01038,data/full_all/01617.png,سلايم_كتلة,blob_slime,ambiguous,unknown,none_visible,humanoid,generic_western
spr_01039,data/full_all/01618.png,وحش_بوس,monster_boss,male,boss,dual_wield,monster_creature,generic_western
spr_01040,data/full_all/01619.png,ساحر,mage_caster,female,mage,magic_caster,human,middle_eastern
spr_01041,data/full_all/01620.png,بنت_فستان,girl_dress,female,npc_civilian,none_visible,human,middle_eastern
spr_01042,data/full_all/01621.png,بورتريه_رأس,head_portrait,ambiguous,unknown,none_visible,humanoid,generic_western
spr_01043,data/full_all/01622.png,فارس_محارب,knight_warrior,male,warrior,melee_blade,human,middle_eastern
spr_01044,data/full_all/01623.png,ولد_عادي,boy_casual,male,npc_civilian,none_visible,human,generic_western
spr_01045,data/full_all/01624.png,بورتريه_رأس,head_portrait,ambiguous,unknown,none_visible,humanoid,generic_western
spr_01046,data/full_all/01625.png,كاوبوي,cowboy,male,npc_civilian,none_visible,human,generic_western
spr_01047,data/full_all/01626.png,طباخ_جزار,cook_butcher,male,npc_civilian,none_visible,human,middle_eastern
spr_01048,data/full_all/01627.png,طائر_مجسم,bird_anthro,ambiguous,animal_pet,none_visible,animal_anthro,generic_western
spr_01049,data/full_all/01628.png,وحش_بوس,monster_boss,male,boss,dual_wield,monster_creature,generic_western
spr_01050,data/full_all/01629.png,لص_ملثم,rogue_hooded,male,rogue,melee_blade,human,generic_western
spr_01051,data/full_all/01630.png,بنت_فستان,girl_dress,female,npc_civilian,none_visible,human,middle_eastern
spr_01052,data/full_all/01631.png,رامي_قوس,archer,male,archer,ranged_bow,human,middle_eastern
spr_01053,data/full_all/01632.png,طباخ_جزار,cook_butcher,male,npc_civilian,none_visible,human,middle_eastern
spr_01054,data/full_all/01633.png,طائر_مجسم,bird_anthro,ambiguous,animal_pet,none_visible,animal_anthro,generic_western
spr_01055,data/full_all/01634.png,بنت_فستان,girl_dress,female,npc_civilian,none_visible,human,middle_eastern
spr_01056,data/full_all/01635.png,ولد_عادي,boy_casual,male,npc_civilian,none_visible,human,generic_western
spr_01057,data/full_all/01636.png,بطة_مجسمة,duck_anthro,ambiguous,animal_pet,none_visible,animal_anthro,generic_western
spr_01058,data/full_all/01637.png,طائر_مجسم,bird_anthro,ambiguous,animal_pet,none_visible,animal_anthro,generic_western
spr_01059,data/full_all/01638.png,طائر_مجسم,bird_anthro,ambiguous,animal_pet,none_visible,animal_anthro,generic_western
spr_01060,data/full_all/01639.png,طائر_مجسم,bird_anthro,ambiguous,animal_pet,none_visible,animal_anthro,generic_western
spr_01061,data/full_all/01640.png,سلايم_كتلة,blob_slime,ambiguous,unknown,none_visible,humanoid,generic_western
spr_01062,data/full_all/01641.png,طائر_مجسم,bird_anthro,ambiguous,animal_pet,none_visible,animal_anthro,generic_western
spr_01063,data/full_all/01642.png,طائر_مجسم,bird_anthro,ambiguous,animal_pet,none_visible,animal_anthro,generic_western
spr_01064,data/full_all/01643.png,رداء_أبيض,white_robe,ambiguous,cleric_healer,none_visible,human,generic_western
spr_01065,data/full_all/01644.png,ساحر,mage_caster,male,mage,magic_caster,human,middle_eastern
spr_01066,data/full_all/01645.png,فارس_محارب,knight_warrior,male,warrior,melee_blade,human,middle_eastern
spr_01067,data/full_all/01646.png,رامي_قوس,archer,male,archer,ranged_bow,human,middle_eastern
spr_01068,data/full_all/01647.png,ولد_عادي,boy_casual,male,npc_civilian,none_visible,human,generic_western
spr_01069,data/full_all/01648.png,ساحر,mage_caster,male,mage,magic_caster,human,middle_eastern
spr_01070,data/full_all/01649.png,فارس_محارب,knight_warrior,male,warrior,shield_tank,human,middle_eastern
spr_01071,data/full_all/01650.png,روبوت,robot_mech,not_applicable,mech_unit,tech_gadget,robot_android,generic_western
spr_01072,data/full_all/01651.png,ساحر,mage_caster,male,mage,magic_caster,human,middle_eastern
spr_01073,data/full_all/01652.png,ولد_عادي,boy_casual,male,npc_civilian,none_visible,human,generic_western
spr_01074,data/full_all/01653.png,كاوبوي,cowboy,male,npc_civilian,none_visible,human,generic_western
spr_01075,data/full_all/01654.png,طائر_مجسم,bird_anthro,ambiguous,animal_pet,none_visible,animal_anthro,generic_western
spr_01076,data/full_all/01655.png,طباخ_جزار,cook_butcher,male,npc_civilian,none_visible,human,middle_eastern
spr_01077,data/full_all/01656.png,طباخ_جزار,cook_butcher,male,npc_civilian,none_visible,human,middle_eastern
spr_01078,data/full_all/01657.png,رداء_أبيض,white_robe,ambiguous,cleric_healer,none_visible,human,generic_western
spr_01079,data/full_all/01658.png,بنت_فستان,girl_dress,female,npc_civilian,none_visible,human,middle_eastern
spr_01080,data/full_all/01659.png,طائر_مجسم,bird_anthro,ambiguous,animal_pet,none_visible,animal_anthro,generic_western
spr_01081,data/full_all/01660.png,طائر_مجسم,bird_anthro,ambiguous,animal_pet,none_visible,animal_anthro,generic_western
spr_01082,data/full_all/01661.png,بنت_فستان,girl_dress,female,npc_civilian,none_visible,human,middle_eastern
spr_01083,data/full_all/01662.png,فارس_محارب,knight_warrior,male,warrior,shield_tank,human,middle_eastern
spr_01084,data/full_all/01663.png,فارس_محارب,knight_warrior,male,warrior,shield_tank,human,middle_eastern
spr_01085,data/full_all/01664.png,فارس_محارب,knight_warrior,male,warrior,shield_tank,human,middle_eastern
spr_01086,data/full_all/01665.png,رامي_قوس,archer,male,archer,ranged_bow,human,middle_eastern
spr_01087,data/full_all/01666.png,روبوت,robot_mech,not_applicable,mech_unit,tech_gadget,robot_android,generic_western
spr_01088,data/full_all/01667.png,رامي_قوس,archer,male,archer,ranged_bow,human,middle_eastern
spr_01089,data/full_all/01668.png,ساحر,mage_caster,male,mage,magic_caster,human,middle_eastern
spr_01090,data/full_all/01669.png,طباخ_جزار,cook_butcher,male,npc_civilian,none_visible,human,middle_eastern
spr_01091,data/full_all/01670.png,ساحر,mage_caster,male,mage,magic_caster,human,middle_eastern
spr_01092,data/full_all/01671.png,بطة_مجسمة,duck_anthro,ambiguous,animal_pet,none_visible,animal_anthro,generic_western
spr_01093,data/full_all/01672.png,سلايم_كتلة,blob_slime,ambiguous,unknown,none_visible,humanoid,generic_western
spr_01094,data/full_all/01673.png,ساحر,mage_caster,female,mage,magic_caster,human,middle_eastern
spr_01095,data/full_all/01674.png,طائر_مجسم,bird_anthro,ambiguous,animal_pet,none_visible,animal_anthro,generic_western
spr_01096,data/full_all/01675.png,ساحر,mage_caster,female,mage,magic_caster,human,middle_eastern
spr_01097,data/full_all/01676.png,طباخ_جزار,cook_butcher,male,npc_civilian,none_visible,human,middle_eastern
spr_01098,data/full_all/01677.png,ولد_عادي,boy_casual,male,npc_civilian,none_visible,human,generic_western
spr_01099,data/full_all/01678.png,طائر_مجسم,bird_anthro,ambiguous,animal_pet,none_visible,animal_anthro,generic_western
spr_01100,data/full_all/01679.png,سلايم_كتلة,blob_slime,ambiguous,unknown,none_visible,humanoid,generic_western
spr_01101,data/full_all/01680.png,فارس_محارب,knight_warrior,male,warrior,shield_tank,human,middle_eastern
spr_01102,data/full_all/01681.png,سلايم_كتلة,blob_slime,ambiguous,unknown,none_visible,humanoid,generic_western
spr_01103,data/full_all/01682.png,بطة_مجسمة,duck_anthro,ambiguous,animal_pet,none_visible,animal_anthro,generic_western
spr_01104,data/full_all/01683.png,طائر_مجسم,bird_anthro,ambiguous,animal_pet,none_visible,animal_anthro,generic_western
spr_01105,data/full_all/01684.png,سلايم_كتلة,blob_slime,ambiguous,unknown,none_visible,humanoid,generic_western
spr_01106,data/full_all/01685.png,طائر_مجسم,bird_anthro,ambiguous,animal_pet,none_visible,animal_anthro,generic_western
spr_01107,data/full_all/01686.png,رداء_أبيض,white_robe,ambiguous,cleric_healer,none_visible,human,generic_western
spr_01108,data/full_all/01687.png,ولد_عادي,boy_casual,male,npc_civilian,none_visible,human,generic_western
spr_01109,data/full_all/01688.png,بنت_عادية,girl_casual,female,npc_civilian,none_visible,human,generic_western
spr_01110,data/full_all/01689.png,ساحر,mage_caster,male,mage,magic_caster,human,middle_eastern
spr_01111,data/full_all/01690.png,روبوت,robot_mech,not_applicable,mech_unit,tech_gadget,robot_android,generic_western
spr_01112,data/full_all/01691.png,ساحر,mage_caster,male,mage,magic_caster,human,middle_eastern
spr_01113,data/full_all/01692.png,طائر_مجسم,bird_anthro,ambiguous,animal_pet,none_visible,animal_anthro,generic_western
spr_01114,data/full_all/01693.png,طائر_مجسم,bird_anthro,ambiguous,animal_pet,none_visible,animal_anthro,generic_western
spr_01115,data/full_all/01694.png,سلايم_كتلة,blob_slime,ambiguous,unknown,none_visible,humanoid,generic_western
spr_01116,data/full_all/01695.png,طائر_مجسم,bird_anthro,ambiguous,animal_pet,none_visible,animal_anthro,generic_western
spr_01117,data/full_all/01696.png,بنت_فستان,girl_dress,female,npc_civilian,none_visible,human,middle_eastern
spr_01118,data/full_all/01697.png,طائر_مجسم,bird_anthro,ambiguous,animal_pet,none_visible,animal_anthro,generic_western
spr_01119,data/full_all/01698.png,رامي_قوس,archer,male,archer,ranged_bow,human,middle_eastern
spr_01120,data/full_all/01699.png,فارس_محارب,knight_warrior,male,warrior,shield_tank,human,middle_eastern
spr_01121,data/full_all/01700.png,فارس_محارب,knight_warrior,male,warrior,shield_tank,human,middle_eastern
spr_01122,data/full_all/01701.png,ساحر,mage_caster,male,mage,magic_caster,human,middle_eastern
spr_01123,data/full_all/01702.png,ولد_عادي,boy_casual,male,npc_civilian,none_visible,human,generic_western
spr_01124,data/full_all/01703.png,فارس_محارب,knight_warrior,male,warrior,melee_blade,human,middle_eastern
spr_01125,data/full_all/01704.png,فارس_محارب,knight_warrior,male,warrior,melee_blade,human,middle_eastern
spr_01126,data/full_all/01705.png,رامي_قوس,archer,male,archer,ranged_bow,human,middle_eastern
spr_01127,data/full_all/01706.png,فارس_محارب,knight_warrior,male,warrior,melee_blade,human,middle_eastern
spr_01128,data/full_all/01707.png,فارس_محارب,knight_warrior,male,warrior,melee_blade,human,middle_eastern
spr_01129,data/full_all/01708.png,فارس_محارب,knight_warrior,male,warrior,melee_blade,human,middle_eastern
spr_01130,data/full_all/01709.png,فارس_محارب,knight_warrior,male,warrior,melee_blade,human,middle_eastern
spr_01131,data/full_all/01710.png,فارس_محارب,knight_warrior,male,warrior,melee_blade,human,middle_eastern
spr_01132,data/full_all/01711.png,تاجر,shopkeeper,male,npc_civilian,none_visible,human,middle_eastern
spr_01133,data/full_all/01712.png,فارس_محارب,knight_warrior,male,warrior,melee_blade,human,middle_eastern
spr_01134,data/full_all/01713.png,فارس_محارب,knight_warrior,male,warrior,melee_blade,human,middle_eastern
spr_01135,data/full_all/01714.png,تاجر,shopkeeper,male,npc_civilian,none_visible,human,middle_eastern
spr_01136,data/full_all/01715.png,طباخ_جزار,cook_butcher,male,npc_civilian,none_visible,human,middle_eastern
spr_01137,data/full_all/01716.png,طباخ_جزار,cook_butcher,male,npc_civilian,none_visible,human,middle_eastern
spr_01138,data/full_all/01717.png,رامي_قوس,archer,male,archer,ranged_bow,human,middle_eastern
spr_01139,data/full_all/01718.png,تاجر,shopkeeper,male,npc_civilian,none_visible,human,middle_eastern
spr_01140,data/full_all/01719.png,بنت_عادية,girl_casual,female,npc_civilian,none_visible,human,middle_eastern
spr_01141,data/full_all/01720.png,بنت_عادية,girl_casual,female,npc_civilian,none_visible,human,middle_eastern
spr_01142,data/full_all/01721.png,سبرايت_غير_محدد,unknown_sprite,ambiguous,unknown,none_visible,human,generic_western
spr_01143,data/full_all/01722.png,طباخ_جزار,cook_butcher,male,npc_civilian,none_visible,human,middle_eastern
spr_01144,data/full_all/01723.png,طباخ_جزار,cook_butcher,male,npc_civilian,none_visible,human,middle_eastern
spr_01145,data/full_all/01724.png,طباخ_جزار,cook_butcher,male,npc_civilian,none_visible,human,middle_eastern
spr_01146,data/full_all/01725.png,فارس_محارب,knight_warrior,male,warrior,melee_blade,human,middle_eastern
spr_01147,data/full_all/01726.png,فارس_محارب,knight_warrior,male,warrior,melee_blade,human,middle_eastern
spr_01148,data/full_all/01727.png,رامي_قوس,archer,male,archer,ranged_bow,human,middle_eastern
spr_01149,data/full_all/01728.png,طباخ_جزار,cook_butcher,male,npc_civilian,none_visible,human,middle_eastern
spr_01150,data/full_all/01729.png,فارس_محارب,knight_warrior,male,warrior,melee_blade,human,middle_eastern
spr_01151,data/full_all/01730.png,تاجر,shopkeeper,male,npc_civilian,none_visible,human,middle_eastern
spr_01152,data/full_all/01731.png,تاجر,shopkeeper,male,npc_civilian,none_visible,human,middle_eastern
spr_01153,data/full_all/01732.png,فارس_محارب,knight_warrior,male,warrior,melee_blade,human,middle_eastern
spr_01154,data/full_all/01733.png,طباخ_جزار,cook_butcher,male,npc_civilian,none_visible,human,middle_eastern
spr_01155,data/full_all/01734.png,تاجر,shopkeeper,male,npc_civilian,none_visible,human,middle_eastern
spr_01156,data/full_all/01735.png,تاجر,shopkeeper,male,npc_civilian,none_visible,human,middle_eastern
spr_01157,data/full_all/01736.png,بنت_عادية,girl_casual,female,npc_civilian,none_visible,human,middle_eastern
spr_01158,data/full_all/01737.png,طباخ_جزار,cook_butcher,male,npc_civilian,none_visible,human,middle_eastern
spr_01159,data/full_all/01738.png,رامي_قوس,archer,male,archer,ranged_bow,human,middle_eastern
spr_01160,data/full_all/01739.png,فارس_محارب,knight_warrior,male,warrior,shield_tank,human,middle_eastern
spr_01161,data/full_all/01740.png,سلايم_كتلة,blob_slime,ambiguous,unknown,none_visible,humanoid,generic_western
spr_01162,data/full_all/01741.png,سلايم_كتلة,blob_slime,ambiguous,unknown,none_visible,humanoid,generic_western
spr_01163,data/full_all/01742.png,سلايم_كتلة,blob_slime,ambiguous,unknown,none_visible,humanoid,generic_western
spr_01164,data/full_all/01743.png,سلايم_كتلة,blob_slime,ambiguous,unknown,none_visible,humanoid,generic_western
spr_01165,data/full_all/01744.png,بنت_عادية,girl_casual,female,npc_civilian,none_visible,human,east_asian
spr_01166,data/full_all/01745.png,سلايم_كتلة,blob_slime,ambiguous,unknown,none_visible,humanoid,generic_western
spr_01167,data/full_all/01746.png,سلايم_كتلة,blob_slime,ambiguous,unknown,none_visible,humanoid,generic_western
spr_01168,data/full_all/01747.png,بنت_عادية,girl_casual,female,npc_civilian,none_visible,human,east_asian
spr_01169,data/full_all/01748.png,بنت_عادية,girl_casual,female,npc_civilian,none_visible,human,east_asian
spr_01170,data/full_all/01749.png,سلايم_كتلة,blob_slime,ambiguous,unknown,none_visible,humanoid,generic_western
spr_01171,data/full_all/01750.png,بنت_عادية,girl_casual,female,npc_civilian,none_visible,human,middle_eastern
spr_01172,data/full_all/01751.png,سلايم_كتلة,blob_slime,ambiguous,unknown,none_visible,humanoid,generic_western
spr_01173,data/full_all/01752.png,سلايم_كتلة,blob_slime,ambiguous,unknown,none_visible,humanoid,generic_western
spr_01174,data/full_all/01753.png,سلايم_كتلة,blob_slime,ambiguous,unknown,none_visible,humanoid,generic_western
spr_01175,data/full_all/01754.png,بنت_عادية,girl_casual,female,npc_civilian,none_visible,human,east_asian
spr_01176,data/full_all/01755.png,فارس_محارب,knight_warrior,male,warrior,shield_tank,human,middle_eastern
spr_01177,data/full_all/01756.png,بنت_عادية,girl_casual,female,npc_civilian,none_visible,human,middle_eastern
spr_01178,data/full_all/01757.png,تاجر,shopkeeper,male,npc_civilian,none_visible,human,middle_eastern
spr_01179,data/full_all/01758.png,فارس_محارب,knight_warrior,male,warrior,melee_blade,human,middle_eastern
spr_01180,data/full_all/01759.png,تاجر,shopkeeper,male,npc_civilian,none_visible,human,middle_eastern
spr_01181,data/full_all/01760.png,سلايم_كتلة,blob_slime,ambiguous,unknown,none_visible,humanoid,generic_western
spr_01182,data/full_all/01761.png,سلايم_كتلة,blob_slime,ambiguous,unknown,none_visible,humanoid,generic_western
spr_01183,data/full_all/01762.png,فارس_محارب,knight_warrior,male,warrior,shield_tank,human,middle_eastern
spr_01184,data/full_all/01763.png,بنت_عادية,girl_casual,female,npc_civilian,none_visible,human,east_asian
spr_01185,data/full_all/01764.png,سلايم_كتلة,blob_slime,ambiguous,unknown,none_visible,humanoid,generic_western
spr_01186,data/full_all/01765.png,طباخ_جزار,cook_butcher,male,npc_civilian,none_visible,human,middle_eastern
spr_01187,data/full_all/01766.png,طباخ_جزار,cook_butcher,male,npc_civilian,none_visible,human,middle_eastern
spr_01188,data/full_all/01767.png,طباخ_جزار,cook_butcher,male,npc_civilian,none_visible,human,middle_eastern
spr_01189,data/full_all/01768.png,طباخ_جزار,cook_butcher,male,npc_civilian,none_visible,human,middle_eastern
spr_01190,data/full_all/01769.png,طباخ_جزار,cook_butcher,male,npc_civilian,none_visible,human,middle_eastern
spr_01191,data/full_all/01770.png,طباخ_جزار,cook_butcher,male,npc_civilian,none_visible,human,middle_eastern
spr_01192,data/full_all/01771.png,بنت_عادية,girl_casual,female,npc_civilian,none_visible,human,middle_eastern
spr_01193,data/full_all/01772.png,طباخ_جزار,cook_butcher,male,npc_civilian,none_visible,human,middle_eastern
spr_01194,data/full_all/01773.png,فارس_محارب,knight_warrior,male,warrior,shield_tank,human,middle_eastern
spr_01195,data/full_all/01774.png,طباخ_جزار,cook_butcher,male,npc_civilian,none_visible,human,middle_eastern
spr_01196,data/full_all/01775.png,طباخ_جزار,cook_butcher,male,npc_civilian,none_visible,human,middle_eastern
spr_01197,data/full_all/01776.png,سلايم_كتلة,blob_slime,ambiguous,unknown,none_visible,humanoid,generic_western
spr_01198,data/full_all/01777.png,سلايم_كتلة,blob_slime,ambiguous,unknown,none_visible,humanoid,generic_western
spr_01199,data/full_all/01778.png,طباخ_جزار,cook_butcher,male,npc_civilian,none_visible,human,middle_eastern
spr_01200,data/full_all/01779.png,طباخ_جزار,cook_butcher,male,npc_civilian,none_visible,human,middle_eastern
spr_01201,data/full_all/01780.png,رامي_قوس,archer,male,archer,ranged_bow,human,middle_eastern
spr_01202,data/full_all/01781.png,طباخ_جزار,cook_butcher,male,npc_civilian,none_visible,human,middle_eastern
spr_01203,data/full_all/01782.png,طباخ_جزار,cook_butcher,male,npc_civilian,none_visible,human,middle_eastern
spr_01204,data/full_all/01783.png,طباخ_جزار,cook_butcher,male,npc_civilian,none_visible,human,middle_eastern
spr_01205,data/full_all/01784.png,بنت_عادية,girl_casual,female,npc_civilian,none_visible,human,east_asian
spr_01206,data/full_all/01785.png,سلايم_كتلة,blob_slime,ambiguous,unknown,none_visible,humanoid,generic_western
spr_01207,data/full_all/01786.png,بنت_عادية,girl_casual,female,npc_civilian,none_visible,human,east_asian
spr_01208,data/full_all/01787.png,طباخ_جزار,cook_butcher,male,npc_civilian,none_visible,human,middle_eastern
spr_01209,data/full_all/01788.png,رامي_قوس,archer,male,archer,ranged_bow,human,middle_eastern
spr_01210,data/full_all/01789.png,طباخ_جزار,cook_butcher,male,npc_civilian,none_visible,human,middle_eastern
spr_01211,data/full_all/01790.png,طباخ_جزار,cook_butcher,male,npc_civilian,none_visible,human,middle_eastern
spr_01212,data/full_all/01791.png,طباخ_جزار,cook_butcher,male,npc_civilian,none_visible,human,middle_eastern
spr_01213,data/full_all/01792.png,بنت_عادية,girl_casual,female,npc_civilian,none_visible,human,middle_eastern
spr_01214,data/full_all/01793.png,فارس_محارب,knight_warrior,male,warrior,melee_blade,human,middle_eastern
spr_01215,data/full_all/01794.png,رامي_قوس,archer,male,archer,ranged_bow,human,middle_eastern
spr_01216,data/full_all/01795.png,طباخ_جزار,cook_butcher,male,npc_civilian,none_visible,human,middle_eastern
spr_01217,data/full_all/01796.png,رامي_قوس,archer,male,archer,ranged_bow,human,middle_eastern
spr_01218,data/full_all/01797.png,رامي_قوس,archer,male,archer,ranged_bow,human,middle_eastern
spr_01219,data/full_all/01798.png,رامي_قوس,archer,male,archer,ranged_bow,human,middle_eastern
spr_01220,data/full_all/01799.png,بنت_عادية,girl_casual,female,npc_civilian,none_visible,human,east_asian
spr_01221,data/full_all/01800.png,سلايم_كتلة,blob_slime,ambiguous,unknown,none_visible,humanoid,generic_western
spr_01222,data/full_all/01801.png,فارس_محارب,knight_warrior,male,warrior,melee_blade,human,middle_eastern
spr_01223,data/full_all/01802.png,طباخ_جزار,cook_butcher,male,npc_civilian,none_visible,human,middle_eastern
spr_01224,data/full_all/01803.png,طباخ_جزار,cook_butcher,male,npc_civilian,none_visible,human,middle_eastern
spr_01225,data/full_all/01804.png,رامي_قوس,archer,male,archer,ranged_bow,human,middle_eastern
spr_01226,data/full_all/01805.png,رامي_قوس,archer,male,archer,ranged_bow,human,middle_eastern
spr_01227,data/full_all/01806.png,رامي_قوس,archer,male,archer,ranged_bow,human,middle_eastern
spr_01228,data/full_all/01807.png,رامي_قوس,archer,male,archer,ranged_bow,human,middle_eastern
spr_01229,data/full_all/01808.png,بنت_عادية,girl_casual,female,npc_civilian,none_visible,human,middle_eastern
spr_01230,data/full_all/01809.png,طباخ_جزار,cook_butcher,male,npc_civilian,none_visible,human,middle_eastern
spr_01231,data/full_all/01810.png,طباخ_جزار,cook_butcher,male,npc_civilian,none_visible,human,middle_eastern
spr_01232,data/full_all/01811.png,بنت_عادية,girl_casual,female,npc_civilian,none_visible,human,east_asian
spr_01233,data/full_all/01812.png,بنت_عادية,girl_casual,female,npc_civilian,none_visible,human,east_asian
spr_01234,data/full_all/01813.png,فارس_محارب,knight_warrior,male,warrior,melee_blade,human,middle_eastern
spr_01235,data/full_all/01814.png,طباخ_جزار,cook_butcher,male,npc_civilian,none_visible,human,middle_eastern
spr_01236,data/full_all/01815.png,فارس_محارب,knight_warrior,male,warrior,melee_blade,human,middle_eastern
spr_01237,data/full_all/01816.png,طباخ_جزار,cook_butcher,male,npc_civilian,none_visible,human,middle_eastern
spr_01238,data/full_all/01817.png,رامي_قوس,archer,male,archer,ranged_bow,human,middle_eastern
spr_01239,data/full_all/01818.png,كائن_وردي,pink_creature,ambiguous,animal_pet,none_visible,animal_anthro,generic_western
spr_01240,data/full_all/01819.png,طباخ_جزار,cook_butcher,male,npc_civilian,none_visible,human,middle_eastern
spr_01241,data/full_all/01820.png,رامي_قوس,archer,male,archer,ranged_bow,human,middle_eastern
spr_01242,data/full_all/01821.png,طباخ_جزار,cook_butcher,male,npc_civilian,none_visible,human,middle_eastern
spr_01243,data/full_all/01822.png,طباخ_جزار,cook_butcher,male,npc_civilian,none_visible,human,middle_eastern
spr_01244,data/full_all/01823.png,رامي_قوس,archer,male,archer,ranged_bow,human,middle_eastern
spr_01245,data/full_all/01824.png,طباخ_جزار,cook_butcher,male,npc_civilian,none_visible,human,middle_eastern
spr_01246,data/full_all/01825.png,طباخ_جزار,cook_butcher,male,npc_civilian,none_visible,human,middle_eastern
spr_01247,data/full_all/01826.png,طباخ_جزار,cook_butcher,male,npc_civilian,none_visible,human,middle_eastern
spr_01248,data/full_all/01827.png,فارس_محارب,knight_warrior,male,warrior,melee_blade,human,middle_eastern
spr_01249,data/full_all/01828.png,فارس_محارب,knight_warrior,male,warrior,melee_blade,human,middle_eastern
spr_01250,data/full_all/01829.png,بنت_عادية,girl_casual,female,npc_civilian,none_visible,human,middle_eastern
spr_01251,data/full_all/01830.png,طباخ_جزار,cook_butcher,male,npc_civilian,none_visible,human,middle_eastern
spr_01252,data/full_all/01831.png,رامي_قوس,archer,male,archer,ranged_bow,human,middle_eastern
spr_01253,data/full_all/01832.png,رامي_قوس,archer,male,archer,ranged_bow,human,middle_eastern
spr_01254,data/full_all/01833.png,فارس_محارب,knight_warrior,male,warrior,melee_blade,human,middle_eastern
spr_01255,data/full_all/01834.png,بنت_عادية,girl_casual,female,npc_civilian,none_visible,human,east_asian
spr_01256,data/full_all/01835.png,سلايم_كتلة,blob_slime,ambiguous,unknown,none_visible,humanoid,generic_western
spr_01257,data/full_all/01836.png,طباخ_جزار,cook_butcher,male,npc_civilian,none_visible,human,middle_eastern
spr_01258,data/full_all/01837.png,فارس_محارب,knight_warrior,male,warrior,melee_blade,human,middle_eastern
spr_01259,data/full_all/01838.png,بنت_عادية,girl_casual,female,npc_civilian,none_visible,human,middle_eastern
spr_01260,data/full_all/01839.png,رامي_قوس,archer,male,archer,ranged_bow,human,middle_eastern
spr_01261,data/full_all/01840.png,بنت_عادية,girl_casual,female,npc_civilian,none_visible,human,middle_eastern
spr_01262,data/full_all/01841.png,فارس_محارب,knight_warrior,male,warrior,melee_blade,human,middle_eastern
spr_01263,data/full_all/01842.png,بنت_عادية,girl_casual,female,npc_civilian,none_visible,human,middle_eastern
spr_01264,data/full_all/01843.png,بنت_عادية,girl_casual,female,npc_civilian,none_visible,human,east_asian
spr_01265,data/full_all/01844.png,فارس_محارب,knight_warrior,male,warrior,melee_blade,human,middle_eastern
spr_01266,data/full_all/01845.png,بنت_عادية,girl_casual,female,npc_civilian,none_visible,human,east_asian
spr_01267,data/full_all/01846.png,طباخ_جزار,cook_butcher,male,npc_civilian,none_visible,human,middle_eastern
spr_01268,data/full_all/01847.png,طباخ_جزار,cook_butcher,male,npc_civilian,none_visible,human,middle_eastern
spr_01269,data/full_all/01848.png,بنت_عادية,girl_casual,female,npc_civilian,none_visible,human,east_asian
spr_01270,data/full_all/01849.png,طباخ_جزار,cook_butcher,male,npc_civilian,none_visible,human,middle_eastern
spr_01271,data/full_all/01850.png,فارس_محارب,knight_warrior,male,warrior,melee_blade,human,middle_eastern
spr_01272,data/full_all/01851.png,رامي_قوس,archer,male,archer,ranged_bow,human,middle_eastern
spr_01273,data/full_all/01852.png,رامي_قوس,archer,male,archer,ranged_bow,human,middle_eastern
spr_01274,data/full_all/01853.png,فارس_محارب,knight_warrior,male,warrior,melee_blade,human,middle_eastern
spr_01275,data/full_all/01854.png,طباخ_جزار,cook_butcher,male,npc_civilian,none_visible,human,middle_eastern
spr_01276,data/full_all/01855.png,طباخ_جزار,cook_butcher,male,npc_civilian,none_visible,human,middle_eastern
spr_01277,data/full_all/01856.png,فارس_محارب,knight_warrior,male,warrior,shield_tank,human,middle_eastern
spr_01278,data/full_all/01857.png,سبرايت_غير_محدد,unknown_sprite,ambiguous,unknown,none_visible,human,generic_western
spr_01279,data/full_all/01858.png,فارس_محارب,knight_warrior,male,warrior,melee_blade,human,middle_eastern
spr_01280,data/full_all/01859.png,رامي_قوس,archer,male,archer,ranged_bow,human,middle_eastern
spr_01281,data/full_all/01860.png,بنت_عادية,girl_casual,female,npc_civilian,none_visible,human,east_asian
spr_01282,data/full_all/01861.png,فارس_محارب,knight_warrior,male,warrior,shield_tank,human,middle_eastern
spr_01283,data/full_all/01862.png,بنت_عادية,girl_casual,female,npc_civilian,none_visible,human,east_asian
spr_01284,data/full_all/01863.png,طباخ_جزار,cook_butcher,male,npc_civilian,none_visible,human,middle_eastern
spr_01285,data/full_all/01864.png,طباخ_جزار,cook_butcher,male,npc_civilian,none_visible,human,middle_eastern
spr_01286,data/full_all/01865.png,طباخ_جزار,cook_butcher,male,npc_civilian,none_visible,human,middle_eastern
spr_01287,data/full_all/01866.png,طباخ_جزار,cook_butcher,male,npc_civilian,none_visible,human,middle_eastern
spr_01288,data/full_all/01867.png,فارس_محارب,knight_warrior,male,warrior,shield_tank,human,middle_eastern
spr_01289,data/full_all/01868.png,طباخ_جزار,cook_butcher,male,npc_civilian,none_visible,human,middle_eastern
spr_01290,data/full_all/01869.png,بنت_عادية,girl_casual,female,npc_civilian,none_visible,human,middle_eastern
spr_01291,data/full_all/01870.png,فارس_محارب,knight_warrior,male,warrior,melee_blade,human,middle_eastern
spr_01292,data/full_all/01871.png,طباخ_جزار,cook_butcher,male,npc_civilian,none_visible,human,middle_eastern
spr_01293,data/full_all/01872.png,طباخ_جزار,cook_butcher,male,npc_civilian,none_visible,human,middle_eastern
spr_01294,data/full_all/01873.png,فارس_محارب,knight_warrior,male,warrior,melee_blade,human,middle_eastern
spr_01295,data/full_all/01874.png,رامي_قوس,archer,male,archer,ranged_bow,human,middle_eastern
spr_01296,data/full_all/01875.png,طباخ_جزار,cook_butcher,male,npc_civilian,none_visible,human,middle_eastern
spr_01297,data/full_all/01876.png,رامي_قوس,archer,male,archer,ranged_bow,human,middle_eastern
spr_01298,data/full_all/01877.png,رامي_قوس,archer,male,archer,ranged_bow,human,middle_eastern
spr_01299,data/full_all/01878.png,فارس_محارب,knight_warrior,male,warrior,melee_blade,human,middle_eastern
spr_01300,data/full_all/01879.png,رامي_قوس,archer,male,archer,ranged_bow,human,middle_eastern
spr_01301,data/full_all/01880.png,طباخ_جزار,cook_butcher,male,npc_civilian,none_visible,human,middle_eastern
spr_01302,data/full_all/01881.png,رامي_قوس,archer,male,archer,ranged_bow,human,middle_eastern
spr_01303,data/full_all/01882.png,طباخ_جزار,cook_butcher,male,npc_civilian,none_visible,human,middle_eastern
spr_01304,data/full_all/01883.png,رامي_قوس,archer,male,archer,ranged_bow,human,middle_eastern
spr_01305,data/full_all/01884.png,فارس_محارب,knight_warrior,male,warrior,shield_tank,human,middle_eastern
spr_01306,data/full_all/01885.png,طباخ_جزار,cook_butcher,male,npc_civilian,none_visible,human,middle_eastern
spr_01307,data/full_all/01886.png,بنت_عادية,girl_casual,female,npc_civilian,none_visible,human,middle_eastern
spr_01308,data/full_all/01887.png,رامي_قوس,archer,male,archer,ranged_bow,human,middle_eastern
spr_01309,data/full_all/01888.png,تاجر,shopkeeper,male,npc_civilian,none_visible,human,middle_eastern
spr_01310,data/full_all/01889.png,تاجر,shopkeeper,male,npc_civilian,none_visible,human,middle_eastern
spr_01311,data/full_all/01890.png,طباخ_جزار,cook_butcher,male,npc_civilian,none_visible,human,middle_eastern
spr_01312,data/full_all/01891.png,طباخ_جزار,cook_butcher,male,npc_civilian,none_visible,human,middle_eastern
spr_01313,data/full_all/01892.png,طباخ_جزار,cook_butcher,male,npc_civilian,none_visible,human,middle_eastern
spr_01314,data/full_all/01893.png,طباخ_جزار,cook_butcher,male,npc_civilian,none_visible,human,middle_eastern
spr_01315,data/full_all/01894.png,طباخ_جزار,cook_butcher,male,npc_civilian,none_visible,human,middle_eastern
spr_01316,data/full_all/01895.png,طباخ_جزار,cook_butcher,male,npc_civilian,none_visible,human,middle_eastern
spr_01317,data/full_all/01896.png,سبرايت_غير_محدد,unknown_sprite,ambiguous,unknown,none_visible,human,generic_western
spr_01318,data/full_all/01897.png,فارس_محارب,knight_warrior,male,warrior,shield_tank,human,middle_eastern
spr_01319,data/full_all/01898.png,سلايم_كتلة,blob_slime,ambiguous,unknown,none_visible,humanoid,generic_western
spr_01320,data/full_all/01899.png,فارس_محارب,knight_warrior,male,warrior,melee_blade,human,middle_eastern
spr_01321,data/full_all/01900.png,بنت_عادية,girl_casual,female,npc_civilian,none_visible,human,middle_eastern
spr_01322,data/full_all/01901.png,سلايم_كتلة,blob_slime,ambiguous,unknown,none_visible,humanoid,generic_western
spr_01323,data/full_all/01902.png,رامي_قوس,archer,male,archer,ranged_bow,human,middle_eastern
spr_01324,data/full_all/01903.png,فارس_محارب,knight_warrior,male,warrior,melee_blade,human,middle_eastern
spr_01325,data/full_all/01904.png,ولد_عادي,boy_casual,male,npc_civilian,none_visible,human,middle_eastern
spr_01326,data/full_all/01905.png,بنت_عادية,girl_casual,female,npc_civilian,none_visible,human,middle_eastern
spr_01327,data/full_all/01906.png,طباخ_جزار,cook_butcher,male,npc_civilian,none_visible,human,middle_eastern
spr_01328,data/full_all/01907.png,فارس_محارب,knight_warrior,male,warrior,melee_blade,human,middle_eastern
spr_01329,data/full_all/01908.png,طباخ_جزار,cook_butcher,male,npc_civilian,none_visible,human,middle_eastern
spr_01330,data/full_all/01909.png,طباخ_جزار,cook_butcher,male,npc_civilian,none_visible,human,middle_eastern
spr_01331,data/full_all/01910.png,بنت_عادية,girl_casual,female,npc_civilian,none_visible,human,middle_eastern
spr_01332,data/full_all/01911.png,بنت_عادية,girl_casual,female,npc_civilian,none_visible,human,middle_eastern
spr_01333,data/full_all/01912.png,تاجر,shopkeeper,male,npc_civilian,none_visible,human,middle_eastern
spr_01334,data/full_all/01913.png,طباخ_جزار,cook_butcher,male,npc_civilian,none_visible,human,middle_eastern
spr_01335,data/full_all/01914.png,ولد_عادي,boy_casual,male,npc_civilian,none_visible,human,middle_eastern
spr_01336,data/full_all/01915.png,طباخ_جزار,cook_butcher,male,npc_civilian,none_visible,human,middle_eastern
spr_01337,data/full_all/01916.png,رامي_قوس,archer,male,archer,ranged_bow,human,middle_eastern
spr_01338,data/full_all/01917.png,تاجر,shopkeeper,male,npc_civilian,none_visible,human,middle_eastern
spr_01339,data/full_all/01918.png,رامي_قوس,archer,male,archer,ranged_bow,human,middle_eastern
spr_01340,data/full_all/01919.png,طباخ_جزار,cook_butcher,male,npc_civilian,none_visible,human,middle_eastern
spr_01341,data/full_all/01920.png,رامي_قوس,archer,male,archer,ranged_bow,human,middle_eastern
spr_01342,data/full_all/01921.png,طباخ_جزار,cook_butcher,male,npc_civilian,none_visible,human,middle_eastern
spr_01343,data/full_all/01922.png,رامي_قوس,archer,male,archer,ranged_bow,human,middle_eastern
spr_01344,data/full_all/01923.png,بنت_عادية,girl_casual,female,npc_civilian,none_visible,human,middle_eastern
spr_01345,data/full_all/01924.png,فارس_محارب,knight_warrior,male,warrior,melee_blade,human,middle_eastern
spr_01346,data/full_all/01925.png,بنت_عادية,girl_casual,female,npc_civilian,none_visible,human,middle_eastern
spr_01347,data/full_all/01926.png,طباخ_جزار,cook_butcher,male,npc_civilian,none_visible,human,middle_eastern
spr_01348,data/full_all/01927.png,طباخ_جزار,cook_butcher,male,npc_civilian,none_visible,human,middle_eastern
spr_01349,data/full_all/01928.png,بنت_عادية,girl_casual,female,npc_civilian,none_visible,human,east_asian
spr_01350,data/full_all/01929.png,طباخ_جزار,cook_butcher,male,npc_civilian,none_visible,human,middle_eastern
spr_01351,data/full_all/01930.png,طباخ_جزار,cook_butcher,male,npc_civilian,none_visible,human,middle_eastern
spr_01352,data/full_all/01931.png,فارس_محارب,knight_warrior,male,warrior,melee_blade,human,middle_eastern
spr_01353,data/full_all/01932.png,رامي_قوس,archer,male,archer,ranged_bow,human,middle_eastern
spr_01354,data/full_all/01933.png,فارس_محارب,knight_warrior,male,warrior,shield_tank,human,middle_eastern
spr_01355,data/full_all/01934.png,طباخ_جزار,cook_butcher,male,npc_civilian,none_visible,human,middle_eastern
spr_01356,data/full_all/01935.png,طباخ_جزار,cook_butcher,male,npc_civilian,none_visible,human,middle_eastern
spr_01357,data/full_all/01936.png,طباخ_جزار,cook_butcher,male,npc_civilian,none_visible,human,middle_eastern
spr_01358,data/full_all/01937.png,طباخ_جزار,cook_butcher,male,npc_civilian,none_visible,human,middle_eastern
spr_01359,data/full_all/01938.png,فارس_محارب,knight_warrior,male,warrior,melee_blade,human,middle_eastern
spr_01360,data/full_all/01939.png,طباخ_جزار,cook_butcher,male,npc_civilian,none_visible,human,middle_eastern
spr_01361,data/full_all/01940.png,فارس_محارب,knight_warrior,male,warrior,melee_blade,human,middle_eastern
spr_01362,data/full_all/01941.png,رامي_قوس,archer,male,archer,ranged_bow,human,middle_eastern
spr_01363,data/full_all/01942.png,رامي_قوس,archer,male,archer,ranged_bow,human,middle_eastern
spr_01364,data/full_all/01943.png,طباخ_جزار,cook_butcher,male,npc_civilian,none_visible,human,middle_eastern
spr_01365,data/full_all/01944.png,فارس_محارب,knight_warrior,male,warrior,melee_blade,human,middle_eastern
spr_01366,data/full_all/01945.png,ولد_عادي,boy_casual,male,npc_civilian,none_visible,human,middle_eastern
spr_01367,data/full_all/01946.png,رامي_قوس,archer,male,archer,ranged_bow,human,middle_eastern
spr_01368,data/full_all/01947.png,طباخ_جزار,cook_butcher,male,npc_civilian,none_visible,human,middle_eastern
spr_01369,data/full_all/01948.png,فارس_محارب,knight_warrior,male,warrior,shield_tank,human,middle_eastern
spr_01370,data/full_all/01949.png,طباخ_جزار,cook_butcher,male,npc_civilian,none_visible,human,middle_eastern
spr_01371,data/full_all/01950.png,فارس_محارب,knight_warrior,male,warrior,melee_blade,human,middle_eastern
spr_01372,data/full_all/01951.png,طباخ_جزار,cook_butcher,male,npc_civilian,none_visible,human,middle_eastern
spr_01373,data/full_all/01952.png,تاجر,shopkeeper,male,npc_civilian,none_visible,human,middle_eastern
spr_01374,data/full_all/01953.png,طباخ_جزار,cook_butcher,male,npc_civilian,none_visible,human,middle_eastern
spr_01375,data/full_all/01954.png,طباخ_جزار,cook_butcher,male,npc_civilian,none_visible,human,middle_eastern
spr_01376,data/full_all/01955.png,فارس_محارب,knight_warrior,male,warrior,shield_tank,human,middle_eastern
spr_01377,data/full_all/01956.png,طباخ_جزار,cook_butcher,male,npc_civilian,none_visible,human,middle_eastern
spr_01378,data/full_all/01957.png,طباخ_جزار,cook_butcher,male,npc_civilian,none_visible,human,middle_eastern
spr_01379,data/full_all/01958.png,طباخ_جزار,cook_butcher,male,npc_civilian,none_visible,human,middle_eastern
spr_01380,data/full_all/01959.png,طباخ_جزار,cook_butcher,male,npc_civilian,none_visible,human,middle_eastern
spr_01381,data/full_all/01960.png,سلايم_كتلة,blob_slime,ambiguous,unknown,none_visible,humanoid,generic_western
spr_01382,data/full_all/01961.png,طباخ_جزار,cook_butcher,male,npc_civilian,none_visible,human,middle_eastern
spr_01383,data/full_all/01962.png,طباخ_جزار,cook_butcher,male,npc_civilian,none_visible,human,middle_eastern
spr_01384,data/full_all/01963.png,ولد_عادي,boy_casual,male,npc_civilian,none_visible,human,middle_eastern
spr_01385,data/full_all/01964.png,طباخ_جزار,cook_butcher,male,npc_civilian,none_visible,human,middle_eastern
spr_01386,data/full_all/01965.png,رامي_قوس,archer,male,archer,ranged_bow,human,middle_eastern
spr_01387,data/full_all/01966.png,طباخ_جزار,cook_butcher,male,npc_civilian,none_visible,human,middle_eastern
spr_01388,data/full_all/01967.png,رامي_قوس,archer,male,archer,ranged_bow,human,middle_eastern
spr_01389,data/full_all/01968.png,رامي_قوس,archer,male,archer,ranged_bow,human,middle_eastern
spr_01390,data/full_all/01969.png,طباخ_جزار,cook_butcher,male,npc_civilian,none_visible,human,middle_eastern
spr_01391,data/full_all/01970.png,طباخ_جزار,cook_butcher,male,npc_civilian,none_visible,human,middle_eastern
spr_01392,data/full_all/01971.png,طباخ_جزار,cook_butcher,male,npc_civilian,none_visible,human,middle_eastern
spr_01393,data/full_all/01972.png,طباخ_جزار,cook_butcher,male,npc_civilian,none_visible,human,middle_eastern
spr_01394,data/full_all/01973.png,رامي_قوس,archer,male,archer,ranged_bow,human,middle_eastern
spr_01395,data/full_all/01974.png,طباخ_جزار,cook_butcher,male,npc_civilian,none_visible,human,middle_eastern
spr_01396,data/full_all/01975.png,فارس_محارب,knight_warrior,male,warrior,melee_blade,human,middle_eastern
spr_01397,data/full_all/01976.png,بنت_عادية,girl_casual,female,npc_civilian,none_visible,human,middle_eastern
spr_01398,data/full_all/01977.png,بنت_عادية,girl_casual,female,npc_civilian,none_visible,human,middle_eastern
spr_01399,data/full_all/01978.png,بنت_عادية,girl_casual,female,npc_civilian,none_visible,human,middle_eastern
spr_01400,data/full_all/01979.png,طباخ_جزار,cook_butcher,male,npc_civilian,none_visible,human,middle_eastern
spr_01401,data/full_all/01980.png,فارس_محارب,knight_warrior,male,warrior,melee_blade,human,middle_eastern
spr_01402,data/full_all/01981.png,رامي_قوس,archer,male,archer,ranged_bow,human,middle_eastern
spr_01403,data/full_all/01982.png,طباخ_جزار,cook_butcher,male,npc_civilian,none_visible,human,middle_eastern
spr_01404,data/full_all/01983.png,طباخ_جزار,cook_butcher,male,npc_civilian,none_visible,human,middle_eastern
spr_01405,data/full_all/01984.png,فارس_محارب,knight_warrior,male,warrior,melee_blade,human,middle_eastern
spr_01406,data/full_all/01985.png,رامي_قوس,archer,male,archer,ranged_bow,human,middle_eastern
spr_01407,data/full_all/01986.png,طباخ_جزار,cook_butcher,male,npc_civilian,none_visible,human,middle_eastern
spr_01408,data/full_all/01987.png,طباخ_جزار,cook_butcher,male,npc_civilian,none_visible,human,middle_eastern
spr_01409,data/full_all/01988.png,بنت_عادية,girl_casual,female,npc_civilian,none_visible,human,middle_eastern
spr_01410,data/full_all/01989.png,رامي_قوس,archer,male,archer,ranged_bow,human,middle_eastern
spr_01411,data/full_all/01990.png,طباخ_جزار,cook_butcher,male,npc_civilian,none_visible,human,middle_eastern
spr_01412,data/full_all/01991.png,طباخ_جزار,cook_butcher,male,npc_civilian,none_visible,human,middle_eastern
spr_01413,data/full_all/01992.png,طائر_مجسم,bird_anthro,ambiguous,animal_pet,none_visible,animal_anthro,generic_western
spr_01414,data/full_all/01993.png,طائر_مجسم,bird_anthro,ambiguous,animal_pet,none_visible,animal_anthro,generic_western
spr_01415,data/full_all/01994.png,طائر_مجسم,bird_anthro,ambiguous,animal_pet,none_visible,animal_anthro,generic_western
spr_01416,data/full_all/01995.png,رامي_قوس,archer,male,archer,ranged_bow,human,middle_eastern
spr_01417,data/full_all/01996.png,رامي_قوس,archer,male,archer,ranged_bow,human,middle_eastern
spr_01418,data/full_all/01997.png,كائن_وردي,pink_creature,ambiguous,animal_pet,none_visible,animal_anthro,generic_western
spr_01419,data/full_all/01998.png,فارس_محارب,knight_warrior,male,warrior,melee_blade,human,middle_eastern
spr_01420,data/full_all/01999.png,فارس_محارب,knight_warrior,male,warrior,melee_blade,human,middle_eastern
spr_01421,data/full_all/02000.png,رامي_قوس,archer,male,archer,ranged_bow,human,middle_eastern
spr_01422,data/full_all/02001.png,فارس_محارب,knight_warrior,male,warrior,melee_blade,human,middle_eastern
spr_01423,data/full_all/02002.png,فارس_محارب,knight_warrior,male,warrior,melee_blade,human,middle_eastern
spr_01424,data/full_all/02003.png,فارس_محارب,knight_warrior,male,warrior,melee_blade,human,middle_eastern
spr_01425,data/full_all/02004.png,فارس_محارب,knight_warrior,male,warrior,melee_blade,human,middle_eastern
spr_01426,data/full_all/02005.png,تاجر,shopkeeper,male,npc_civilian,none_visible,human,middle_eastern
spr_01427,data/full_all/02006.png,فارس_محارب,knight_warrior,male,warrior,melee_blade,human,middle_eastern
spr_01428,data/full_all/02007.png,فارس_محارب,knight_warrior,male,warrior,melee_blade,human,middle_eastern
spr_01429,data/full_all/02008.png,تاجر,shopkeeper,male,npc_civilian,none_visible,human,middle_eastern
spr_01430,data/full_all/02009.png,فارس_محارب,knight_warrior,male,warrior,melee_blade,human,middle_eastern
spr_01431,data/full_all/02010.png,طباخ_جزار,cook_butcher,male,npc_civilian,none_visible,human,middle_eastern
spr_01432,data/full_all/02011.png,طباخ_جزار,cook_butcher,male,npc_civilian,none_visible,human,middle_eastern
spr_01433,data/full_all/02012.png,طباخ_جزار,cook_butcher,male,npc_civilian,none_visible,human,middle_eastern
spr_01434,data/full_all/02013.png,ولد_عادي,boy_casual,male,npc_civilian,none_visible,human,middle_eastern
spr_01435,data/full_all/02014.png,طباخ_جزار,cook_butcher,male,npc_civilian,none_visible,human,middle_eastern
spr_01436,data/full_all/02015.png,طباخ_جزار,cook_butcher,male,npc_civilian,none_visible,human,middle_eastern
spr_01437,data/full_all/02016.png,تاجر,shopkeeper,male,npc_civilian,none_visible,human,middle_eastern
spr_01438,data/full_all/02017.png,بنت_عادية,girl_casual,female,npc_civilian,none_visible,human,middle_eastern
spr_01439,data/full_all/02018.png,بنت_عادية,girl_casual,female,npc_civilian,none_visible,human,middle_eastern
spr_01440,data/full_all/02019.png,سبرايت_غير_محدد,unknown_sprite,ambiguous,unknown,none_visible,human,generic_western
spr_01441,data/full_all/02020.png,فارس_محارب,knight_warrior,male,warrior,melee_blade,human,middle_eastern
spr_01442,data/full_all/02021.png,رامي_قوس,archer,male,archer,ranged_bow,human,middle_eastern
spr_01443,data/full_all/02022.png,رامي_قوس,archer,male,archer,ranged_bow,human,middle_eastern
spr_01444,data/full_all/02023.png,طباخ_جزار,cook_butcher,male,npc_civilian,none_visible,human,middle_eastern
spr_01445,data/full_all/02024.png,رامي_قوس,archer,male,archer,ranged_bow,human,middle_eastern
spr_01446,data/full_all/02025.png,فارس_محارب,knight_warrior,male,warrior,melee_blade,human,middle_eastern
spr_01447,data/full_all/02026.png,طباخ_جزار,cook_butcher,male,npc_civilian,none_visible,human,middle_eastern
spr_01448,data/full_all/02027.png,بنت_عادية,girl_casual,female,npc_civilian,none_visible,human,middle_eastern
spr_01449,data/full_all/02028.png,تاجر,shopkeeper,male,npc_civilian,none_visible,human,middle_eastern
spr_01450,data/full_all/02029.png,تاجر,shopkeeper,male,npc_civilian,none_visible,human,middle_eastern
spr_01451,data/full_all/02030.png,تاجر,shopkeeper,male,npc_civilian,none_visible,human,middle_eastern
spr_01452,data/full_all/02031.png,تاجر,shopkeeper,male,npc_civilian,none_visible,human,middle_eastern
spr_01453,data/full_all/02032.png,رامي_قوس,archer,male,archer,ranged_bow,human,middle_eastern
spr_01454,data/full_all/02033.png,فارس_محارب,knight_warrior,male,warrior,shield_tank,human,middle_eastern
spr_01455,data/full_all/02034.png,بنت_فستان,girl_dress,female,npc_civilian,none_visible,human,middle_eastern
spr_01456,data/full_all/02035.png,سلايم_كتلة,blob_slime,ambiguous,unknown,none_visible,humanoid,generic_western
spr_01457,data/full_all/02036.png,سلايم_كتلة,blob_slime,ambiguous,unknown,none_visible,humanoid,generic_western
spr_01458,data/full_all/02037.png,فارس_محارب,knight_warrior,male,warrior,shield_tank,human,middle_eastern
spr_01459,data/full_all/02038.png,رامي_قوس,archer,male,archer,ranged_bow,human,middle_eastern
spr_01460,data/full_all/02039.png,فارس_محارب,knight_warrior,male,warrior,melee_blade,human,middle_eastern
spr_01461,data/full_all/02040.png,سلايم_كتلة,blob_slime,ambiguous,unknown,none_visible,humanoid,generic_western
spr_01462,data/full_all/02041.png,سلايم_كتلة,blob_slime,ambiguous,unknown,none_visible,humanoid,generic_western
spr_01463,data/full_all/02042.png,سلايم_كتلة,blob_slime,ambiguous,unknown,none_visible,humanoid,generic_western
spr_01464,data/full_all/02043.png,سلايم_كتلة,blob_slime,ambiguous,unknown,none_visible,humanoid,generic_western
spr_01465,data/full_all/02044.png,سلايم_كتلة,blob_slime,ambiguous,unknown,none_visible,humanoid,generic_western
spr_01466,data/full_all/02045.png,سلايم_كتلة,blob_slime,ambiguous,unknown,none_visible,humanoid,generic_western
spr_01467,data/full_all/02046.png,سلايم_كتلة,blob_slime,ambiguous,unknown,none_visible,humanoid,generic_western
spr_01468,data/full_all/02047.png,سلايم_كتلة,blob_slime,ambiguous,unknown,none_visible,humanoid,generic_western
spr_01469,data/full_all/02048.png,سلايم_كتلة,blob_slime,ambiguous,unknown,none_visible,humanoid,generic_western
spr_01470,data/full_all/02049.png,سلايم_كتلة,blob_slime,ambiguous,unknown,none_visible,humanoid,generic_western
spr_01471,data/full_all/02050.png,سلايم_كتلة,blob_slime,ambiguous,unknown,none_visible,humanoid,generic_western
spr_01472,data/full_all/02051.png,سلايم_كتلة,blob_slime,ambiguous,unknown,none_visible,humanoid,generic_western
spr_01473,data/full_all/02052.png,بنت_عادية,girl_casual,female,npc_civilian,none_visible,human,east_asian
spr_01474,data/full_all/02053.png,بنت_عادية,girl_casual,female,npc_civilian,none_visible,human,east_asian
spr_01475,data/full_all/02054.png,سلايم_كتلة,blob_slime,ambiguous,unknown,none_visible,humanoid,generic_western
spr_01476,data/full_all/02055.png,فارس_محارب,knight_warrior,male,warrior,shield_tank,human,middle_eastern
spr_01477,data/full_all/02056.png,بنت_عادية,girl_casual,female,npc_civilian,none_visible,human,east_asian
spr_01478,data/full_all/02057.png,سلايم_كتلة,blob_slime,ambiguous,unknown,none_visible,humanoid,generic_western
spr_01479,data/full_all/02058.png,فارس_محارب,knight_warrior,male,warrior,shield_tank,human,middle_eastern
spr_01480,data/full_all/02059.png,بنت_عادية,girl_casual,female,npc_civilian,none_visible,human,east_asian
spr_01481,data/full_all/02060.png,فارس_محارب,knight_warrior,male,warrior,shield_tank,human,middle_eastern
spr_01482,data/full_all/02061.png,فارس_محارب,knight_warrior,male,warrior,shield_tank,human,middle_eastern
spr_01483,data/full_all/02062.png,سلايم_كتلة,blob_slime,ambiguous,unknown,none_visible,humanoid,generic_western
spr_01484,data/full_all/02063.png,بنت_عادية,girl_casual,female,npc_civilian,none_visible,human,east_asian
spr_01485,data/full_all/02064.png,بنت_عادية,girl_casual,female,npc_civilian,none_visible,human,east_asian
spr_01486,data/full_all/02065.png,سلايم_كتلة,blob_slime,ambiguous,unknown,none_visible,humanoid,generic_western
spr_01487,data/full_all/02066.png,بنت_عادية,girl_casual,female,npc_civilian,none_visible,human,east_asian
spr_01488,data/full_all/02067.png,ساحر,mage_caster,female,mage,magic_caster,human,middle_eastern
spr_01489,data/full_all/02068.png,بنت_عادية,girl_casual,female,npc_civilian,none_visible,human,east_asian
spr_01490,data/full_all/02069.png,سلايم_كتلة,blob_slime,ambiguous,unknown,none_visible,humanoid,generic_western
spr_01491,data/full_all/02070.png,فارس_محارب,knight_warrior,male,warrior,shield_tank,human,middle_eastern
spr_01492,data/full_all/02071.png,فارس_محارب,knight_warrior,male,warrior,shield_tank,human,middle_eastern
spr_01493,data/full_all/02072.png,فارس_محارب,knight_warrior,male,warrior,melee_blade,human,middle_eastern
spr_01494,data/full_all/02073.png,سلايم_كتلة,blob_slime,ambiguous,unknown,none_visible,humanoid,generic_western
spr_01495,data/full_all/02074.png,سلايم_كتلة,blob_slime,ambiguous,unknown,none_visible,humanoid,generic_western
spr_01496,data/full_all/02075.png,سلايم_كتلة,blob_slime,ambiguous,unknown,none_visible,humanoid,generic_western
spr_01497,data/full_all/02076.png,كائن_وردي,pink_creature,ambiguous,animal_pet,none_visible,animal_anthro,generic_western
spr_01498,data/full_all/02077.png,طباخ_جزار,cook_butcher,male,npc_civilian,none_visible,human,middle_eastern
spr_01499,data/full_all/02078.png,طباخ_جزار,cook_butcher,male,npc_civilian,none_visible,human,middle_eastern
spr_01500,data/full_all/02079.png,بنت_عادية,girl_casual,female,npc_civilian,none_visible,human,middle_eastern
spr_01501,data/full_all/02080.png,كائن_وردي,pink_creature,ambiguous,animal_pet,none_visible,animal_anthro,generic_western
spr_01502,data/full_all/02081.png,رامي_قوس,archer,male,archer,ranged_bow,human,middle_eastern
spr_01503,data/full_all/02082.png,طباخ_جزار,cook_butcher,male,npc_civilian,none_visible,human,middle_eastern
spr_01504,data/full_all/02083.png,كائن_وردي,pink_creature,ambiguous,animal_pet,none_visible,animal_anthro,generic_western
spr_01505,data/full_all/02084.png,تاجر,shopkeeper,male,npc_civilian,none_visible,human,middle_eastern
spr_01506,data/full_all/02085.png,تاجر,shopkeeper,male,npc_civilian,none_visible,human,middle_eastern
spr_01507,data/full_all/02086.png,فارس_محارب,knight_warrior,male,warrior,melee_blade,human,middle_eastern
spr_01508,data/full_all/02087.png,فارس_محارب,knight_warrior,male,warrior,melee_blade,human,middle_eastern
spr_01509,data/full_all/02088.png,وحش_بوس,monster_boss,male,warrior,dual_wield,monster_creature,generic_western
spr_01510,data/full_all/02089.png,وحش_بوس,monster_boss,male,warrior,dual_wield,monster_creature,generic_western
spr_01511,data/full_all/02090.png,وحش_بوس,monster_boss,male,warrior,dual_wield,monster_creature,generic_western
spr_01512,data/full_all/02091.png,طباخ_جزار,cook_butcher,male,npc_civilian,none_visible,human,middle_eastern
spr_01513,data/full_all/02092.png,طباخ_جزار,cook_butcher,male,npc_civilian,none_visible,human,middle_eastern
spr_01514,data/full_all/02093.png,طباخ_جزار,cook_butcher,male,npc_civilian,none_visible,human,middle_eastern
spr_01515,data/full_all/02094.png,طباخ_جزار,cook_butcher,male,npc_civilian,none_visible,human,middle_eastern
spr_01516,data/full_all/02095.png,طباخ_جزار,cook_butcher,male,npc_civilian,none_visible,human,middle_eastern
spr_01517,data/full_all/02096.png,طباخ_جزار,cook_butcher,male,npc_civilian,none_visible,human,middle_eastern
spr_01518,data/full_all/02097.png,طباخ_جزار,cook_butcher,male,npc_civilian,none_visible,human,middle_eastern
spr_01519,data/full_all/02098.png,بنت_عادية,girl_casual,female,npc_civilian,none_visible,human,middle_eastern
spr_01520,data/full_all/02099.png,طباخ_جزار,cook_butcher,male,npc_civilian,none_visible,human,middle_eastern
spr_01521,data/full_all/02100.png,طباخ_جزار,cook_butcher,male,npc_civilian,none_visible,human,middle_eastern
spr_01522,data/full_all/02101.png,طباخ_جزار,cook_butcher,male,npc_civilian,none_visible,human,middle_eastern
spr_01523,data/full_all/02102.png,فارس_محارب,knight_warrior,male,warrior,melee_blade,human,middle_eastern
spr_01524,data/full_all/02103.png,طباخ_جزار,cook_butcher,male,npc_civilian,none_visible,human,middle_eastern
spr_01525,data/full_all/02104.png,فارس_محارب,knight_warrior,male,warrior,melee_blade,human,middle_eastern
spr_01526,data/full_all/02105.png,طباخ_جزار,cook_butcher,male,npc_civilian,none_visible,human,middle_eastern
spr_01527,data/full_all/02106.png,رامي_قوس,archer,male,archer,ranged_bow,human,middle_eastern
spr_01528,data/full_all/02107.png,رامي_قوس,archer,male,archer,ranged_bow,human,middle_eastern
spr_01529,data/full_all/02108.png,فارس_محارب,knight_warrior,male,warrior,melee_blade,human,middle_eastern
spr_01530,data/full_all/02109.png,طباخ_جزار,cook_butcher,male,npc_civilian,none_visible,human,middle_eastern
spr_01531,data/full_all/02110.png,طباخ_جزار,cook_butcher,male,npc_civilian,none_visible,human,middle_eastern
spr_01532,data/full_all/02111.png,طباخ_جزار,cook_butcher,male,npc_civilian,none_visible,human,middle_eastern
spr_01533,data/full_all/02112.png,طباخ_جزار,cook_butcher,male,npc_civilian,none_visible,human,middle_eastern
spr_01534,data/full_all/02113.png,طباخ_جزار,cook_butcher,male,npc_civilian,none_visible,human,middle_eastern
spr_01535,data/full_all/02114.png,طباخ_جزار,cook_butcher,male,npc_civilian,none_visible,human,middle_eastern
spr_01536,data/full_all/02115.png,طباخ_جزار,cook_butcher,male,npc_civilian,none_visible,human,middle_eastern
spr_01537,data/full_all/02116.png,بنت_عادية,girl_casual,female,npc_civilian,none_visible,human,middle_eastern
spr_01538,data/full_all/02117.png,رامي_قوس,archer,male,archer,ranged_bow,human,middle_eastern
spr_01539,data/full_all/02118.png,وحش_بوس,monster_boss,male,boss,dual_wield,monster_creature,generic_western
spr_01540,data/full_all/02119.png,وحش_بوس,monster_boss,male,boss,dual_wield,monster_creature,generic_western
spr_01541,data/full_all/02120.png,وحش_بوس,monster_boss,male,boss,dual_wield,monster_creature,generic_western
spr_01542,data/full_all/02121.png,بورتريه_رأس,head_portrait,ambiguous,unknown,none_visible,humanoid,generic_western
spr_01543,data/full_all/02122.png,بورتريه_رأس,head_portrait,ambiguous,unknown,none_visible,humanoid,generic_western
spr_01544,data/full_all/02123.png,بورتريه_رأس,head_portrait,ambiguous,unknown,none_visible,humanoid,generic_western
spr_01545,data/full_all/02124.png,بنت_عادية,girl_casual,female,npc_civilian,none_visible,human,east_asian
spr_01546,data/full_all/02125.png,بنت_عادية,girl_casual,female,npc_civilian,none_visible,human,east_asian
spr_01547,data/full_all/02126.png,سلايم_كتلة,blob_slime,ambiguous,unknown,none_visible,humanoid,generic_western
spr_01548,data/full_all/02127.png,بنت_عادية,girl_casual,female,npc_civilian,none_visible,human,east_asian
spr_01549,data/full_all/02128.png,بنت_عادية,girl_casual,female,npc_civilian,none_visible,human,east_asian
spr_01550,data/full_all/02129.png,بنت_عادية,girl_casual,female,npc_civilian,none_visible,human,east_asian
spr_01551,data/full_all/02130.png,سلايم_كتلة,blob_slime,ambiguous,unknown,none_visible,humanoid,generic_western
spr_01552,data/full_all/02131.png,فارس_محارب,knight_warrior,male,warrior,shield_tank,human,middle_eastern
spr_01553,data/full_all/02132.png,بنت_عادية,girl_casual,female,npc_civilian,none_visible,human,east_asian
spr_01554,data/full_all/02133.png,سلايم_كتلة,blob_slime,ambiguous,unknown,none_visible,humanoid,generic_western
spr_01555,data/full_all/02134.png,بنت_عادية,girl_casual,female,npc_civilian,none_visible,human,east_asian
spr_01556,data/full_all/02135.png,بنت_عادية,girl_casual,female,npc_civilian,none_visible,human,east_asian
spr_01557,data/full_all/02136.png,ساحر,mage_caster,female,mage,magic_caster,human,middle_eastern
spr_01558,data/full_all/02137.png,فارس_محارب,knight_warrior,male,warrior,shield_tank,human,middle_eastern
spr_01559,data/full_all/02138.png,فارس_محارب,knight_warrior,male,warrior,melee_blade,human,middle_eastern
spr_01560,data/full_all/02139.png,رامي_قوس,archer,male,archer,ranged_bow,human,middle_eastern
spr_01561,data/full_all/02140.png,رامي_قوس,archer,male,archer,ranged_bow,human,middle_eastern
spr_01562,data/full_all/02141.png,بنت_فستان,girl_dress,female,npc_civilian,none_visible,human,middle_eastern
spr_01563,data/full_all/02142.png,طباخ_جزار,cook_butcher,male,npc_civilian,none_visible,human,middle_eastern
spr_01564,data/full_all/02143.png,طباخ_جزار,cook_butcher,male,npc_civilian,none_visible,human,middle_eastern
spr_01565,data/full_all/02144.png,طباخ_جزار,cook_butcher,male,npc_civilian,none_visible,human,middle_eastern
spr_01566,data/full_all/02145.png,طباخ_جزار,cook_butcher,male,npc_civilian,none_visible,human,middle_eastern
spr_01567,data/full_all/02146.png,طباخ_جزار,cook_butcher,male,npc_civilian,none_visible,human,middle_eastern
spr_01568,data/full_all/02147.png,طباخ_جزار,cook_butcher,male,npc_civilian,none_visible,human,middle_eastern
spr_01569,data/full_all/02148.png,طباخ_جزار,cook_butcher,male,npc_civilian,none_visible,human,middle_eastern
spr_01570,data/full_all/02149.png,رامي_قوس,archer,male,archer,ranged_bow,human,middle_eastern
spr_01571,data/full_all/02150.png,رامي_قوس,archer,male,archer,ranged_bow,human,middle_eastern
spr_01572,data/full_all/02151.png,طباخ_جزار,cook_butcher,male,npc_civilian,none_visible,human,middle_eastern
spr_01573,data/full_all/02152.png,طباخ_جزار,cook_butcher,male,npc_civilian,none_visible,human,middle_eastern
spr_01574,data/full_all/02153.png,فارس_محارب,knight_warrior,male,warrior,melee_blade,human,middle_eastern
spr_01575,data/full_all/02154.png,فارس_محارب,knight_warrior,male,warrior,melee_blade,human,middle_eastern
spr_01576,data/full_all/02155.png,رامي_قوس,archer,male,archer,ranged_bow,human,middle_eastern
spr_01577,data/full_all/02156.png,رامي_قوس,archer,male,archer,ranged_bow,human,middle_eastern
spr_01578,data/full_all/02157.png,فارس_محارب,knight_warrior,male,warrior,melee_blade,human,middle_eastern
spr_01579,data/full_all/02158.png,طباخ_جزار,cook_butcher,male,npc_civilian,none_visible,human,middle_eastern
spr_01580,data/full_all/02159.png,طباخ_جزار,cook_butcher,male,npc_civilian,none_visible,human,middle_eastern
spr_01581,data/full_all/02160.png,طباخ_جزار,cook_butcher,male,npc_civilian,none_visible,human,middle_eastern
spr_01582,data/full_all/02161.png,كائن_وردي,pink_creature,ambiguous,animal_pet,none_visible,animal_anthro,generic_western
spr_01583,data/full_all/02162.png,طباخ_جزار,cook_butcher,male,npc_civilian,none_visible,human,middle_eastern
spr_01584,data/full_all/02163.png,طباخ_جزار,cook_butcher,male,npc_civilian,none_visible,human,middle_eastern
spr_01585,data/full_all/02164.png,بنت_عادية,girl_casual,female,npc_civilian,none_visible,human,middle_eastern
spr_01586,data/full_all/02165.png,رامي_قوس,archer,male,archer,ranged_bow,human,middle_eastern
spr_01587,data/full_all/02166.png,طباخ_جزار,cook_butcher,male,npc_civilian,none_visible,human,middle_eastern
spr_01588,data/full_all/02167.png,طباخ_جزار,cook_butcher,male,npc_civilian,none_visible,human,middle_eastern
spr_01589,data/full_all/02168.png,رامي_قوس,archer,male,archer,ranged_bow,human,middle_eastern
spr_01590,data/full_all/02169.png,طباخ_جزار,cook_butcher,male,npc_civilian,none_visible,human,middle_eastern
spr_01591,data/full_all/02170.png,رامي_قوس,archer,male,archer,ranged_bow,human,middle_eastern
spr_01592,data/full_all/02171.png,بنت_عادية,girl_casual,female,npc_civilian,none_visible,human,middle_eastern
spr_01593,data/full_all/02172.png,رامي_قوس,archer,male,archer,ranged_bow,human,middle_eastern
spr_01594,data/full_all/02173.png,طباخ_جزار,cook_butcher,male,npc_civilian,none_visible,human,middle_eastern
spr_01595,data/full_all/02174.png,رامي_قوس,archer,male,archer,ranged_bow,human,middle_eastern
spr_01596,data/full_all/02175.png,فارس_محارب,knight_warrior,male,warrior,melee_blade,human,middle_eastern
spr_01597,data/full_all/02176.png,رامي_قوس,archer,male,archer,ranged_bow,human,middle_eastern
spr_01598,data/full_all/02177.png,فارس_محارب,knight_warrior,male,warrior,melee_blade,human,middle_eastern
spr_01599,data/full_all/02178.png,لص_ملثم,rogue_hooded,male,rogue,melee_blade,human,generic_western
spr_01600,data/full_all/02179.png,فارس_محارب,knight_warrior,male,warrior,shield_tank,human,middle_eastern
spr_01601,data/full_all/02180.png,لص_ملثم,rogue_hooded,male,rogue,melee_blade,human,generic_western
spr_01602,data/full_all/02181.png,ولد_عادي,boy_casual,male,npc_civilian,none_visible,human,generic_western
spr_01603,data/full_all/02182.png,ولد_عادي,boy_casual,male,npc_civilian,none_visible,human,generic_western
spr_01604,data/full_all/02183.png,بنت_فستان,girl_dress,female,npc_civilian,none_visible,human,middle_eastern
spr_01605,data/full_all/02184.png,بنت_فستان,girl_dress,female,npc_civilian,none_visible,human,middle_eastern
spr_01606,data/full_all/02185.png,بنت_فستان,girl_dress,female,npc_civilian,none_visible,human,middle_eastern
spr_01607,data/full_all/02186.png,بنت_عادية,girl_casual,female,npc_civilian,none_visible,human,east_asian
spr_01608,data/full_all/02187.png,بنت_عادية,girl_casual,female,npc_civilian,none_visible,human,east_asian
spr_01609,data/full_all/02188.png,بنت_عادية,girl_casual,female,npc_civilian,none_visible,human,east_asian
spr_01610,data/full_all/02189.png,كاوبوي,cowboy,male,npc_civilian,none_visible,human,generic_western
spr_01611,data/full_all/02190.png,كاوبوي,cowboy,male,npc_civilian,none_visible,human,generic_western
spr_01612,data/full_all/02191.png,طائر_مجسم,bird_anthro,ambiguous,animal_pet,none_visible,animal_anthro,generic_western
spr_01613,data/full_all/02192.png,سلايم_كتلة,blob_slime,ambiguous,unknown,none_visible,humanoid,generic_western
spr_01614,data/full_all/02193.png,رامي_قوس,archer,male,archer,ranged_bow,human,middle_eastern
spr_01615,data/full_all/02194.png,بنت_فستان,girl_dress,female,npc_civilian,none_visible,human,middle_eastern
spr_01616,data/full_all/02195.png,كائن_وردي,pink_creature,ambiguous,animal_pet,none_visible,animal_anthro,generic_western
spr_01617,data/full_all/02196.png,رامي_قوس,archer,male,archer,ranged_bow,human,middle_eastern
spr_01618,data/full_all/02197.png,فارس_محارب,knight_warrior,male,warrior,melee_blade,human,middle_eastern
spr_01619,data/full_all/02198.png,تاجر,shopkeeper,male,npc_civilian,none_visible,human,middle_eastern
spr_01620,data/full_all/02199.png,رامي_قوس,archer,male,archer,ranged_bow,human,middle_eastern
spr_01621,data/full_all/02200.png,بنت_عادية,girl_casual,female,npc_civilian,none_visible,human,middle_eastern
spr_01622,data/full_all/02201.png,طباخ_جزار,cook_butcher,male,npc_civilian,none_visible,human,middle_eastern
spr_01623,data/full_all/02202.png,ولد_عادي,boy_casual,male,npc_civilian,none_visible,human,middle_eastern
spr_01624,data/full_all/02203.png,طائر_مجسم,bird_anthro,ambiguous,animal_pet,none_visible,animal_anthro,generic_western
spr_01625,data/full_all/02204.png,طباخ_جزار,cook_butcher,male,npc_civilian,none_visible,human,middle_eastern
spr_01626,data/full_all/02205.png,طائر_مجسم,bird_anthro,ambiguous,animal_pet,none_visible,animal_anthro,generic_western
spr_01627,data/full_all/02206.png,طائر_مجسم,bird_anthro,ambiguous,animal_pet,none_visible,animal_anthro,generic_western
spr_01628,data/full_all/02207.png,طائر_مجسم,bird_anthro,ambiguous,animal_pet,none_visible,animal_anthro,generic_western
spr_01629,data/full_all/02208.png,رامي_قوس,archer,male,archer,ranged_bow,human,middle_eastern
spr_01630,data/full_all/02209.png,رامي_قوس,archer,male,archer,ranged_bow,human,middle_eastern
spr_01631,data/full_all/02210.png,كائن_وردي,pink_creature,ambiguous,animal_pet,none_visible,animal_anthro,generic_western
spr_01632,data/full_all/02211.png,بنت_فستان,girl_dress,female,npc_civilian,none_visible,human,middle_eastern
spr_01633,data/full_all/02212.png,فارس_محارب,knight_warrior,male,warrior,shield_tank,human,middle_eastern
spr_01634,data/full_all/02213.png,سلايم_كتلة,blob_slime,ambiguous,unknown,none_visible,humanoid,generic_western
spr_01635,data/full_all/02214.png,رامي_قوس,archer,male,archer,ranged_bow,human,middle_eastern
spr_01636,data/full_all/02215.png,بورتريه_رأس,head_portrait,female,unknown,none_visible,human,generic_western
spr_01637,data/full_all/02216.png,بنت_عادية,girl_casual,female,npc_civilian,none_visible,human,east_asian
spr_01638,data/full_all/02217.png,بطة_مجسمة,duck_anthro,ambiguous,animal_pet,none_visible,animal_anthro,generic_western
spr_01639,data/full_all/02218.png,رامي_قوس,archer,male,archer,ranged_bow,human,middle_eastern
spr_01640,data/full_all/02219.png,سلايم_كتلة,blob_slime,ambiguous,unknown,none_visible,humanoid,generic_western
spr_01641,data/full_all/02220.png,سلايم_كتلة,blob_slime,ambiguous,unknown,none_visible,humanoid,generic_western
spr_01642,data/full_all/02221.png,فارس_محارب,knight_warrior,male,warrior,melee_blade,human,middle_eastern
spr_01643,data/full_all/02222.png,فارس_محارب,knight_warrior,male,warrior,shield_tank,human,middle_eastern
spr_01644,data/full_all/02223.png,سلايم_كتلة,blob_slime,ambiguous,unknown,none_visible,humanoid,generic_western
spr_01645,data/full_all/02224.png,بنت_عادية,girl_casual,female,npc_civilian,none_visible,human,east_asian
spr_01646,data/full_all/02225.png,ساحر,mage_caster,female,mage,magic_caster,human,middle_eastern
spr_01647,data/full_all/02226.png,فارس_محارب,knight_warrior,male,warrior,melee_blade,human,middle_eastern
spr_01648,data/full_all/02227.png,سلايم_كتلة,blob_slime,ambiguous,unknown,none_visible,humanoid,generic_western
spr_01649,data/full_all/02228.png,فارس_محارب,knight_warrior,male,warrior,shield_tank,human,middle_eastern
spr_01650,data/full_all/02229.png,وحش_بوس,monster_boss,male,warrior,dual_wield,monster_creature,generic_western
spr_01651,data/full_all/02230.png,وحش_بوس,monster_boss,male,warrior,dual_wield,monster_creature,generic_western
spr_01652,data/full_all/02231.png,وحش_بوس,monster_boss,male,warrior,dual_wield,monster_creature,generic_western
spr_01653,data/full_all/02232.png,فارس_محارب,knight_warrior,male,warrior,shield_tank,human,middle_eastern
spr_01654,data/full_all/02233.png,بورتريه_رأس,head_portrait,ambiguous,unknown,none_visible,humanoid,generic_western
spr_01655,data/full_all/02234.png,فارس_محارب,knight_warrior,male,warrior,shield_tank,human,middle_eastern
spr_01656,data/full_all/02235.png,بنت_فستان,girl_dress,female,npc_civilian,none_visible,human,middle_eastern
spr_01657,data/full_all/02236.png,طباخ_جزار,cook_butcher,male,npc_civilian,none_visible,human,middle_eastern
spr_01658,data/full_all/02237.png,ولد_عادي,boy_casual,male,npc_civilian,none_visible,human,generic_western
spr_01659,data/full_all/02238.png,بنت_فستان,girl_dress,female,npc_civilian,none_visible,human,middle_eastern
spr_01660,data/full_all/02239.png,بنت_عادية,girl_casual,female,npc_civilian,none_visible,human,east_asian
spr_01661,data/full_all/02240.png,سلايم_كتلة,blob_slime,ambiguous,unknown,none_visible,humanoid,generic_western
spr_01662,data/full_all/02241.png,كائن_وردي,pink_creature,ambiguous,animal_pet,none_visible,animal_anthro,generic_western
spr_01663,data/full_all/02242.png,كائن_وردي,pink_creature,ambiguous,animal_pet,none_visible,animal_anthro,generic_western
spr_01664,data/full_all/02243.png,فارس_محارب,knight_warrior,male,warrior,shield_tank,human,middle_eastern
spr_01665,data/full_all/02244.png,لص_ملثم,rogue_hooded,male,rogue,melee_blade,human,generic_western
spr_01666,data/full_all/02245.png,بنت_عادية,girl_casual,female,npc_civilian,none_visible,human,east_asian
spr_01667,data/full_all/02246.png,بنت_عادية,girl_casual,female,npc_civilian,none_visible,human,east_asian
spr_01668,data/full_all/02247.png,طائر_مجسم,bird_anthro,ambiguous,animal_pet,none_visible,animal_anthro,generic_western
spr_01669,data/full_all/02248.png,ساحر,mage_caster,female,mage,magic_caster,human,middle_eastern
spr_01670,data/full_all/02249.png,رامي_قوس,archer,male,archer,ranged_bow,human,middle_eastern
spr_01671,data/full_all/02250.png,سلايم_كتلة,blob_slime,ambiguous,unknown,none_visible,humanoid,generic_western
spr_01672,data/full_all/02251.png,وحش_بوس,monster_boss,male,boss,dual_wield,monster_creature,generic_western
spr_01673,data/full_all/02252.png,ساحر,mage_caster,female,mage,magic_caster,human,middle_eastern
spr_01674,data/full_all/02253.png,بنت_فستان,girl_dress,female,npc_civilian,none_visible,human,middle_eastern
spr_01675,data/full_all/02254.png,بورتريه_رأس,head_portrait,ambiguous,unknown,none_visible,humanoid,generic_western
spr_01676,data/full_all/02255.png,فارس_محارب,knight_warrior,male,warrior,melee_blade,human,middle_eastern
spr_01677,data/full_all/02256.png,ولد_عادي,boy_casual,male,npc_civilian,none_visible,human,generic_western
spr_01678,data/full_all/02257.png,بورتريه_رأس,head_portrait,ambiguous,unknown,none_visible,humanoid,generic_western
spr_01679,data/full_all/02258.png,كاوبوي,cowboy,male,npc_civilian,none_visible,human,generic_western
spr_01680,data/full_all/02259.png,طباخ_جزار,cook_butcher,male,npc_civilian,none_visible,human,middle_eastern
spr_01681,data/full_all/02260.png,طائر_مجسم,bird_anthro,ambiguous,animal_pet,none_visible,animal_anthro,generic_western
spr_01682,data/full_all/02261.png,وحش_بوس,monster_boss,male,boss,dual_wield,monster_creature,generic_western
spr_01683,data/full_all/02262.png,لص_ملثم,rogue_hooded,male,rogue,melee_blade,human,generic_western
spr_01684,data/full_all/02263.png,بنت_فستان,girl_dress,female,npc_civilian,none_visible,human,middle_eastern
spr_01685,data/full_all/02264.png,رامي_قوس,archer,male,archer,ranged_bow,human,middle_eastern
spr_01686,data/full_all/02265.png,طباخ_جزار,cook_butcher,male,npc_civilian,none_visible,human,middle_eastern
spr_01687,data/full_all/02266.png,طائر_مجسم,bird_anthro,ambiguous,animal_pet,none_visible,animal_anthro,generic_western
spr_01688,data/full_all/02267.png,بنت_فستان,girl_dress,female,npc_civilian,none_visible,human,middle_eastern
spr_01689,data/full_all/02268.png,ولد_عادي,boy_casual,male,npc_civilian,none_visible,human,generic_western
spr_01690,data/full_all/02269.png,بطة_مجسمة,duck_anthro,ambiguous,animal_pet,none_visible,animal_anthro,generic_western
spr_01691,data/full_all/02270.png,طائر_مجسم,bird_anthro,ambiguous,animal_pet,none_visible,animal_anthro,generic_western
spr_01692,data/full_all/02271.png,طائر_مجسم,bird_anthro,ambiguous,animal_pet,none_visible,animal_anthro,generic_western
spr_01693,data/full_all/02272.png,طائر_مجسم,bird_anthro,ambiguous,animal_pet,none_visible,animal_anthro,generic_western
spr_01694,data/full_all/02273.png,سلايم_كتلة,blob_slime,ambiguous,unknown,none_visible,humanoid,generic_western
spr_01695,data/full_all/02274.png,طائر_مجسم,bird_anthro,ambiguous,animal_pet,none_visible,animal_anthro,generic_western
spr_01696,data/full_all/02275.png,طائر_مجسم,bird_anthro,ambiguous,animal_pet,none_visible,animal_anthro,generic_western
spr_01697,data/full_all/02276.png,رداء_أبيض,white_robe,ambiguous,cleric_healer,none_visible,human,generic_western
spr_01698,data/full_all/02277.png,ساحر,mage_caster,male,mage,magic_caster,human,middle_eastern
spr_01699,data/full_all/02278.png,فارس_محارب,knight_warrior,male,warrior,melee_blade,human,middle_eastern
spr_01700,data/full_all/02279.png,رامي_قوس,archer,male,archer,ranged_bow,human,middle_eastern
spr_01701,data/full_all/02280.png,ولد_عادي,boy_casual,male,npc_civilian,none_visible,human,generic_western
spr_01702,data/full_all/02281.png,ساحر,mage_caster,male,mage,magic_caster,human,middle_eastern
spr_01703,data/full_all/02282.png,فارس_محارب,knight_warrior,male,warrior,shield_tank,human,middle_eastern
spr_01704,data/full_all/02283.png,روبوت,robot_mech,not_applicable,mech_unit,tech_gadget,robot_android,generic_western
spr_01705,data/full_all/02284.png,ساحر,mage_caster,male,mage,magic_caster,human,middle_eastern
spr_01706,data/full_all/02285.png,ولد_عادي,boy_casual,male,npc_civilian,none_visible,human,generic_western
spr_01707,data/full_all/02286.png,كاوبوي,cowboy,male,npc_civilian,none_visible,human,generic_western
spr_01708,data/full_all/02287.png,طائر_مجسم,bird_anthro,ambiguous,animal_pet,none_visible,animal_anthro,generic_western
spr_01709,data/full_all/02288.png,طباخ_جزار,cook_butcher,male,npc_civilian,none_visible,human,middle_eastern
spr_01710,data/full_all/02289.png,طباخ_جزار,cook_butcher,male,npc_civilian,none_visible,human,middle_eastern
spr_01711,data/full_all/02290.png,رداء_أبيض,white_robe,ambiguous,cleric_healer,none_visible,human,generic_western
spr_01712,data/full_all/02291.png,بنت_فستان,girl_dress,female,npc_civilian,none_visible,human,middle_eastern
spr_01713,data/full_all/02292.png,طائر_مجسم,bird_anthro,ambiguous,animal_pet,none_visible,animal_anthro,generic_western
spr_01714,data/full_all/02293.png,طائر_مجسم,bird_anthro,ambiguous,animal_pet,none_visible,animal_anthro,generic_western
spr_01715,data/full_all/02294.png,بنت_فستان,girl_dress,female,npc_civilian,none_visible,human,middle_eastern
spr_01716,data/full_all/02295.png,فارس_محارب,knight_warrior,male,warrior,shield_tank,human,middle_eastern
spr_01717,data/full_all/02296.png,فارس_محارب,knight_warrior,male,warrior,shield_tank,human,middle_eastern
spr_01718,data/full_all/02297.png,فارس_محارب,knight_warrior,male,warrior,shield_tank,human,middle_eastern
spr_01719,data/full_all/02298.png,رامي_قوس,archer,male,archer,ranged_bow,human,middle_eastern
spr_01720,data/full_all/02299.png,روبوت,robot_mech,not_applicable,mech_unit,tech_gadget,robot_android,generic_western
spr_01721,data/full_all/02300.png,رامي_قوس,archer,male,archer,ranged_bow,human,middle_eastern
spr_01722,data/full_all/02301.png,ساحر,mage_caster,male,mage,magic_caster,human,middle_eastern
spr_01723,data/full_all/02302.png,طباخ_جزار,cook_butcher,male,npc_civilian,none_visible,human,middle_eastern
spr_01724,data/full_all/02303.png,ساحر,mage_caster,male,mage,magic_caster,human,middle_eastern
spr_01725,data/full_all/02304.png,بطة_مجسمة,duck_anthro,ambiguous,animal_pet,none_visible,animal_anthro,generic_western
spr_01726,data/full_all/02305.png,سلايم_كتلة,blob_slime,ambiguous,unknown,none_visible,humanoid,generic_western
spr_01727,data/full_all/02306.png,ساحر,mage_caster,female,mage,magic_caster,human,middle_eastern
spr_01728,data/full_all/02307.png,طائر_مجسم,bird_anthro,ambiguous,animal_pet,none_visible,animal_anthro,generic_western
spr_01729,data/full_all/02308.png,ساحر,mage_caster,female,mage,magic_caster,human,middle_eastern
spr_01730,data/full_all/02309.png,طباخ_جزار,cook_butcher,male,npc_civilian,none_visible,human,middle_eastern
spr_01731,data/full_all/02310.png,ولد_عادي,boy_casual,male,npc_civilian,none_visible,human,generic_western
spr_01732,data/full_all/02311.png,طائر_مجسم,bird_anthro,ambiguous,animal_pet,none_visible,animal_anthro,generic_western
spr_01733,data/full_all/02312.png,سلايم_كتلة,blob_slime,ambiguous,unknown,none_visible,humanoid,generic_western
spr_01734,data/full_all/02313.png,فارس_محارب,knight_warrior,male,warrior,shield_tank,human,middle_eastern
spr_01735,data/full_all/02314.png,سلايم_كتلة,blob_slime,ambiguous,unknown,none_visible,humanoid,generic_western
spr_01736,data/full_all/02315.png,بطة_مجسمة,duck_anthro,ambiguous,animal_pet,none_visible,animal_anthro,generic_western
spr_01737,data/full_all/02316.png,طائر_مجسم,bird_anthro,ambiguous,animal_pet,none_visible,animal_anthro,generic_western
spr_01738,data/full_all/02317.png,سلايم_كتلة,blob_slime,ambiguous,unknown,none_visible,humanoid,generic_western
spr_01739,data/full_all/02318.png,طائر_مجسم,bird_anthro,ambiguous,animal_pet,none_visible,animal_anthro,generic_western
spr_01740,data/full_all/02319.png,رداء_أبيض,white_robe,ambiguous,cleric_healer,none_visible,human,generic_western
spr_01741,data/full_all/02320.png,ولد_عادي,boy_casual,male,npc_civilian,none_visible,human,generic_western
spr_01742,data/full_all/02321.png,بنت_عادية,girl_casual,female,npc_civilian,none_visible,human,generic_western
spr_01743,data/full_all/02322.png,ساحر,mage_caster,male,mage,magic_caster,human,middle_eastern
spr_01744,data/full_all/02323.png,روبوت,robot_mech,not_applicable,mech_unit,tech_gadget,robot_android,generic_western
spr_01745,data/full_all/02324.png,ساحر,mage_caster,male,mage,magic_caster,human,middle_eastern
spr_01746,data/full_all/02325.png,طائر_مجسم,bird_anthro,ambiguous,animal_pet,none_visible,animal_anthro,generic_western
spr_01747,data/full_all/02326.png,طائر_مجسم,bird_anthro,ambiguous,animal_pet,none_visible,animal_anthro,generic_western
spr_01748,data/full_all/02327.png,سلايم_كتلة,blob_slime,ambiguous,unknown,none_visible,humanoid,generic_western
spr_01749,data/full_all/02328.png,طائر_مجسم,bird_anthro,ambiguous,animal_pet,none_visible,animal_anthro,generic_western
spr_01750,data/full_all/02329.png,بنت_فستان,girl_dress,female,npc_civilian,none_visible,human,middle_eastern
spr_01751,data/full_all/02330.png,طائر_مجسم,bird_anthro,ambiguous,animal_pet,none_visible,animal_anthro,generic_western
spr_01752,data/full_all/02331.png,رامي_قوس,archer,male,archer,ranged_bow,human,middle_eastern
spr_01753,data/full_all/02332.png,فارس_محارب,knight_warrior,male,warrior,shield_tank,human,middle_eastern
spr_01754,data/full_all/02333.png,فارس_محارب,knight_warrior,male,warrior,shield_tank,human,middle_eastern
spr_01755,data/full_all/02334.png,ساحر,mage_caster,male,mage,magic_caster,human,middle_eastern
spr_01756,data/full_all/02335.png,ولد_عادي,boy_casual,male,npc_civilian,none_visible,human,generic_western
spr_01757,data/full_all/02336.png,فارس_محارب,knight_warrior,male,warrior,melee_blade,human,middle_eastern
spr_01758,data/full_all/02337.png,فارس_محارب,knight_warrior,male,warrior,melee_blade,human,middle_eastern
spr_01759,data/full_all/02338.png,رامي_قوس,archer,male,archer,ranged_bow,human,middle_eastern
spr_01760,data/full_all/02339.png,فارس_محارب,knight_warrior,male,warrior,melee_blade,human,middle_eastern
spr_01761,data/full_all/02340.png,فارس_محارب,knight_warrior,male,warrior,melee_blade,human,middle_eastern
spr_01762,data/full_all/02341.png,فارس_محارب,knight_warrior,male,warrior,melee_blade,human,middle_eastern
spr_01763,data/full_all/02342.png,فارس_محارب,knight_warrior,male,warrior,melee_blade,human,middle_eastern
spr_01764,data/full_all/02343.png,فارس_محارب,knight_warrior,male,warrior,melee_blade,human,middle_eastern
spr_01765,data/full_all/02344.png,تاجر,shopkeeper,male,npc_civilian,none_visible,human,middle_eastern
spr_01766,data/full_all/02345.png,فارس_محارب,knight_warrior,male,warrior,melee_blade,human,middle_eastern
spr_01767,data/full_all/02346.png,فارس_محارب,knight_warrior,male,warrior,melee_blade,human,middle_eastern
spr_01768,data/full_all/02347.png,تاجر,shopkeeper,male,npc_civilian,none_visible,human,middle_eastern
spr_01769,data/full_all/02348.png,طباخ_جزار,cook_butcher,male,npc_civilian,none_visible,human,middle_eastern
spr_01770,data/full_all/02349.png,طباخ_جزار,cook_butcher,male,npc_civilian,none_visible,human,middle_eastern
spr_01771,data/full_all/02350.png,رامي_قوس,archer,male,archer,ranged_bow,human,middle_eastern
spr_01772,data/full_all/02351.png,تاجر,shopkeeper,male,npc_civilian,none_visible,human,middle_eastern
spr_01773,data/full_all/02352.png,بنت_عادية,girl_casual,female,npc_civilian,none_visible,human,middle_eastern
spr_01774,data/full_all/02353.png,بنت_عادية,girl_casual,female,npc_civilian,none_visible,human,middle_eastern
spr_01775,data/full_all/02354.png,سبرايت_غير_محدد,unknown_sprite,ambiguous,unknown,none_visible,human,generic_western
spr_01776,data/full_all/02355.png,طباخ_جزار,cook_butcher,male,npc_civilian,none_visible,human,middle_eastern
spr_01777,data/full_all/02356.png,طباخ_جزار,cook_butcher,male,npc_civilian,none_visible,human,middle_eastern
spr_01778,data/full_all/02357.png,طباخ_جزار,cook_butcher,male,npc_civilian,none_visible,human,middle_eastern
spr_01779,data/full_all/02358.png,فارس_محارب,knight_warrior,male,warrior,melee_blade,human,middle_eastern
spr_01780,data/full_all/02359.png,فارس_محارب,knight_warrior,male,warrior,melee_blade,human,middle_eastern
spr_01781,data/full_all/02360.png,رامي_قوس,archer,male,archer,ranged_bow,human,middle_eastern
spr_01782,data/full_all/02361.png,طباخ_جزار,cook_butcher,male,npc_civilian,none_visible,human,middle_eastern
spr_01783,data/full_all/02362.png,فارس_محارب,knight_warrior,male,warrior,melee_blade,human,middle_eastern
spr_01784,data/full_all/02363.png,تاجر,shopkeeper,male,npc_civilian,none_visible,human,middle_eastern
spr_01785,data/full_all/02364.png,تاجر,shopkeeper,male,npc_civilian,none_visible,human,middle_eastern
spr_01786,data/full_all/02365.png,فارس_محارب,knight_warrior,male,warrior,melee_blade,human,middle_eastern
spr_01787,data/full_all/02366.png,طباخ_جزار,cook_butcher,male,npc_civilian,none_visible,human,middle_eastern
spr_01788,data/full_all/02367.png,تاجر,shopkeeper,male,npc_civilian,none_visible,human,middle_eastern
spr_01789,data/full_all/02368.png,تاجر,shopkeeper,male,npc_civilian,none_visible,human,middle_eastern
spr_01790,data/full_all/02369.png,بنت_عادية,girl_casual,female,npc_civilian,none_visible,human,middle_eastern
spr_01791,data/full_all/02370.png,طباخ_جزار,cook_butcher,male,npc_civilian,none_visible,human,middle_eastern
spr_01792,data/full_all/02371.png,رامي_قوس,archer,male,archer,ranged_bow,human,middle_eastern
spr_01793,data/full_all/02372.png,فارس_محارب,knight_warrior,male,warrior,shield_tank,human,middle_eastern
spr_01794,data/full_all/02373.png,سلايم_كتلة,blob_slime,ambiguous,unknown,none_visible,humanoid,generic_western
spr_01795,data/full_all/02374.png,سلايم_كتلة,blob_slime,ambiguous,unknown,none_visible,humanoid,generic_western
spr_01796,data/full_all/02375.png,سلايم_كتلة,blob_slime,ambiguous,unknown,none_visible,humanoid,generic_western
spr_01797,data/full_all/02376.png,سلايم_كتلة,blob_slime,ambiguous,unknown,none_visible,humanoid,generic_western
spr_01798,data/full_all/02377.png,بنت_عادية,girl_casual,female,npc_civilian,none_visible,human,east_asian
spr_01799,data/full_all/02378.png,سلايم_كتلة,blob_slime,ambiguous,unknown,none_visible,humanoid,generic_western
spr_01800,data/full_all/02379.png,سلايم_كتلة,blob_slime,ambiguous,unknown,none_visible,humanoid,generic_western
spr_01801,data/full_all/02380.png,بنت_عادية,girl_casual,female,npc_civilian,none_visible,human,east_asian
spr_01802,data/full_all/02381.png,بنت_عادية,girl_casual,female,npc_civilian,none_visible,human,east_asian
spr_01803,data/full_all/02382.png,سلايم_كتلة,blob_slime,ambiguous,unknown,none_visible,humanoid,generic_western
spr_01804,data/full_all/02383.png,بنت_عادية,girl_casual,female,npc_civilian,none_visible,human,middle_eastern
spr_01805,data/full_all/02384.png,سلايم_كتلة,blob_slime,ambiguous,unknown,none_visible,humanoid,generic_western
spr_01806,data/full_all/02385.png,سلايم_كتلة,blob_slime,ambiguous,unknown,none_visible,humanoid,generic_western
spr_01807,data/full_all/02386.png,سلايم_كتلة,blob_slime,ambiguous,unknown,none_visible,humanoid,generic_western
spr_01808,data/full_all/02387.png,بنت_عادية,girl_casual,female,npc_civilian,none_visible,human,east_asian
spr_01809,data/full_all/02388.png,فارس_محارب,knight_warrior,male,warrior,shield_tank,human,middle_eastern
spr_01810,data/full_all/02389.png,بنت_عادية,girl_casual,female,npc_civilian,none_visible,human,middle_eastern
spr_01811,data/full_all/02390.png,تاجر,shopkeeper,male,npc_civilian,none_visible,human,middle_eastern
spr_01812,data/full_all/02391.png,فارس_محارب,knight_warrior,male,warrior,melee_blade,human,middle_eastern
spr_01813,data/full_all/02392.png,تاجر,shopkeeper,male,npc_civilian,none_visible,human,middle_eastern
spr_01814,data/full_all/02393.png,سلايم_كتلة,blob_slime,ambiguous,unknown,none_visible,humanoid,generic_western
spr_01815,data/full_all/02394.png,سلايم_كتلة,blob_slime,ambiguous,unknown,none_visible,humanoid,generic_western
spr_01816,data/full_all/02395.png,فارس_محارب,knight_warrior,male,warrior,shield_tank,human,middle_eastern
spr_01817,data/full_all/02396.png,بنت_عادية,girl_casual,female,npc_civilian,none_visible,human,east_asian
spr_01818,data/full_all/02397.png,سلايم_كتلة,blob_slime,ambiguous,unknown,none_visible,humanoid,generic_western
spr_01819,data/full_all/02398.png,طباخ_جزار,cook_butcher,male,npc_civilian,none_visible,human,middle_eastern
spr_01820,data/full_all/02399.png,طباخ_جزار,cook_butcher,male,npc_civilian,none_visible,human,middle_eastern
spr_01821,data/full_all/02400.png,طباخ_جزار,cook_butcher,male,npc_civilian,none_visible,human,middle_eastern
spr_01822,data/full_all/02401.png,طباخ_جزار,cook_butcher,male,npc_civilian,none_visible,human,middle_eastern
spr_01823,data/full_all/02402.png,طباخ_جزار,cook_butcher,male,npc_civilian,none_visible,human,middle_eastern
spr_01824,data/full_all/02403.png,طباخ_جزار,cook_butcher,male,npc_civilian,none_visible,human,middle_eastern
spr_01825,data/full_all/02404.png,بنت_عادية,girl_casual,female,npc_civilian,none_visible,human,middle_eastern
spr_01826,data/full_all/02405.png,طباخ_جزار,cook_butcher,male,npc_civilian,none_visible,human,middle_eastern
spr_01827,data/full_all/02406.png,فارس_محارب,knight_warrior,male,warrior,shield_tank,human,middle_eastern
spr_01828,data/full_all/02407.png,طباخ_جزار,cook_butcher,male,npc_civilian,none_visible,human,middle_eastern
spr_01829,data/full_all/02408.png,طباخ_جزار,cook_butcher,male,npc_civilian,none_visible,human,middle_eastern
spr_01830,data/full_all/02409.png,سلايم_كتلة,blob_slime,ambiguous,unknown,none_visible,humanoid,generic_western
spr_01831,data/full_all/02410.png,سلايم_كتلة,blob_slime,ambiguous,unknown,none_visible,humanoid,generic_western
spr_01832,data/full_all/02411.png,طباخ_جزار,cook_butcher,male,npc_civilian,none_visible,human,middle_eastern
spr_01833,data/full_all/02412.png,طباخ_جزار,cook_butcher,male,npc_civilian,none_visible,human,middle_eastern
spr_01834,data/full_all/02413.png,رامي_قوس,archer,male,archer,ranged_bow,human,middle_eastern
spr_01835,data/full_all/02414.png,طباخ_جزار,cook_butcher,male,npc_civilian,none_visible,human,middle_eastern
spr_01836,data/full_all/02415.png,طباخ_جزار,cook_butcher,male,npc_civilian,none_visible,human,middle_eastern
spr_01837,data/full_all/02416.png,طباخ_جزار,cook_butcher,male,npc_civilian,none_visible,human,middle_eastern
spr_01838,data/full_all/02417.png,بنت_عادية,girl_casual,female,npc_civilian,none_visible,human,east_asian
spr_01839,data/full_all/02418.png,سلايم_كتلة,blob_slime,ambiguous,unknown,none_visible,humanoid,generic_western
spr_01840,data/full_all/02419.png,بنت_عادية,girl_casual,female,npc_civilian,none_visible,human,east_asian
spr_01841,data/full_all/02420.png,طباخ_جزار,cook_butcher,male,npc_civilian,none_visible,human,middle_eastern
spr_01842,data/full_all/02421.png,رامي_قوس,archer,male,archer,ranged_bow,human,middle_eastern
spr_01843,data/full_all/02422.png,طباخ_جزار,cook_butcher,male,npc_civilian,none_visible,human,middle_eastern
spr_01844,data/full_all/02423.png,طباخ_جزار,cook_butcher,male,npc_civilian,none_visible,human,middle_eastern
spr_01845,data/full_all/02424.png,بنت_عادية,girl_casual,female,npc_civilian,none_visible,human,middle_eastern
spr_01846,data/full_all/02425.png,فارس_محارب,knight_warrior,male,warrior,melee_blade,human,middle_eastern
spr_01847,data/full_all/02426.png,رامي_قوس,archer,male,archer,ranged_bow,human,middle_eastern
spr_01848,data/full_all/02427.png,طباخ_جزار,cook_butcher,male,npc_civilian,none_visible,human,middle_eastern
spr_01849,data/full_all/02428.png,رامي_قوس,archer,male,archer,ranged_bow,human,middle_eastern
spr_01850,data/full_all/02429.png,رامي_قوس,archer,male,archer,ranged_bow,human,middle_eastern
spr_01851,data/full_all/02430.png,رامي_قوس,archer,male,archer,ranged_bow,human,middle_eastern
spr_01852,data/full_all/02431.png,بنت_عادية,girl_casual,female,npc_civilian,none_visible,human,east_asian
spr_01853,data/full_all/02432.png,سلايم_كتلة,blob_slime,ambiguous,unknown,none_visible,humanoid,generic_western
spr_01854,data/full_all/02433.png,طباخ_جزار,cook_butcher,male,npc_civilian,none_visible,human,middle_eastern
spr_01855,data/full_all/02434.png,طباخ_جزار,cook_butcher,male,npc_civilian,none_visible,human,middle_eastern
spr_01856,data/full_all/02435.png,رامي_قوس,archer,male,archer,ranged_bow,human,middle_eastern
spr_01857,data/full_all/02436.png,رامي_قوس,archer,male,archer,ranged_bow,human,middle_eastern
spr_01858,data/full_all/02437.png,رامي_قوس,archer,male,archer,ranged_bow,human,middle_eastern
spr_01859,data/full_all/02438.png,رامي_قوس,archer,male,archer,ranged_bow,human,middle_eastern
spr_01860,data/full_all/02439.png,بنت_عادية,girl_casual,female,npc_civilian,none_visible,human,middle_eastern
spr_01861,data/full_all/02440.png,طباخ_جزار,cook_butcher,male,npc_civilian,none_visible,human,middle_eastern
spr_01862,data/full_all/02441.png,طباخ_جزار,cook_butcher,male,npc_civilian,none_visible,human,middle_eastern
spr_01863,data/full_all/02442.png,بنت_عادية,girl_casual,female,npc_civilian,none_visible,human,east_asian
spr_01864,data/full_all/02443.png,بنت_عادية,girl_casual,female,npc_civilian,none_visible,human,east_asian
spr_01865,data/full_all/02444.png,فارس_محارب,knight_warrior,male,warrior,melee_blade,human,middle_eastern
spr_01866,data/full_all/02445.png,فارس_محارب,knight_warrior,male,warrior,melee_blade,human,middle_eastern
spr_01867,data/full_all/02446.png,رامي_قوس,archer,male,archer,ranged_bow,human,middle_eastern
spr_01868,data/full_all/02447.png,كائن_وردي,pink_creature,ambiguous,animal_pet,none_visible,animal_anthro,generic_western
spr_01869,data/full_all/02448.png,طباخ_جزار,cook_butcher,male,npc_civilian,none_visible,human,middle_eastern
spr_01870,data/full_all/02449.png,رامي_قوس,archer,male,archer,ranged_bow,human,middle_eastern
spr_01871,data/full_all/02450.png,طباخ_جزار,cook_butcher,male,npc_civilian,none_visible,human,middle_eastern
spr_01872,data/full_all/02451.png,رامي_قوس,archer,male,archer,ranged_bow,human,middle_eastern
spr_01873,data/full_all/02452.png,طباخ_جزار,cook_butcher,male,npc_civilian,none_visible,human,middle_eastern
spr_01874,data/full_all/02453.png,طباخ_جزار,cook_butcher,male,npc_civilian,none_visible,human,middle_eastern
spr_01875,data/full_all/02454.png,فارس_محارب,knight_warrior,male,warrior,melee_blade,human,middle_eastern
spr_01876,data/full_all/02455.png,فارس_محارب,knight_warrior,male,warrior,melee_blade,human,middle_eastern
spr_01877,data/full_all/02456.png,بنت_عادية,girl_casual,female,npc_civilian,none_visible,human,middle_eastern
spr_01878,data/full_all/02457.png,طباخ_جزار,cook_butcher,male,npc_civilian,none_visible,human,middle_eastern
spr_01879,data/full_all/02458.png,رامي_قوس,archer,male,archer,ranged_bow,human,middle_eastern
spr_01880,data/full_all/02459.png,رامي_قوس,archer,male,archer,ranged_bow,human,middle_eastern
spr_01881,data/full_all/02460.png,فارس_محارب,knight_warrior,male,warrior,melee_blade,human,middle_eastern
spr_01882,data/full_all/02461.png,بنت_عادية,girl_casual,female,npc_civilian,none_visible,human,east_asian
spr_01883,data/full_all/02462.png,سلايم_كتلة,blob_slime,ambiguous,unknown,none_visible,humanoid,generic_western
spr_01884,data/full_all/02463.png,فارس_محارب,knight_warrior,male,warrior,melee_blade,human,middle_eastern
spr_01885,data/full_all/02464.png,بنت_عادية,girl_casual,female,npc_civilian,none_visible,human,middle_eastern
spr_01886,data/full_all/02465.png,رامي_قوس,archer,male,archer,ranged_bow,human,middle_eastern
spr_01887,data/full_all/02466.png,بنت_عادية,girl_casual,female,npc_civilian,none_visible,human,middle_eastern
spr_01888,data/full_all/02467.png,فارس_محارب,knight_warrior,male,warrior,melee_blade,human,middle_eastern
spr_01889,data/full_all/02468.png,بنت_عادية,girl_casual,female,npc_civilian,none_visible,human,middle_eastern
spr_01890,data/full_all/02469.png,بنت_عادية,girl_casual,female,npc_civilian,none_visible,human,east_asian
spr_01891,data/full_all/02470.png,فارس_محارب,knight_warrior,male,warrior,melee_blade,human,middle_eastern
spr_01892,data/full_all/02471.png,بنت_عادية,girl_casual,female,npc_civilian,none_visible,human,east_asian
spr_01893,data/full_all/02472.png,طباخ_جزار,cook_butcher,male,npc_civilian,none_visible,human,middle_eastern
spr_01894,data/full_all/02473.png,طباخ_جزار,cook_butcher,male,npc_civilian,none_visible,human,middle_eastern
spr_01895,data/full_all/02474.png,بنت_عادية,girl_casual,female,npc_civilian,none_visible,human,east_asian
spr_01896,data/full_all/02475.png,طباخ_جزار,cook_butcher,male,npc_civilian,none_visible,human,middle_eastern
spr_01897,data/full_all/02476.png,فارس_محارب,knight_warrior,male,warrior,melee_blade,human,middle_eastern
spr_01898,data/full_all/02477.png,رامي_قوس,archer,male,archer,ranged_bow,human,middle_eastern
spr_01899,data/full_all/02478.png,رامي_قوس,archer,male,archer,ranged_bow,human,middle_eastern
spr_01900,data/full_all/02479.png,فارس_محارب,knight_warrior,male,warrior,melee_blade,human,middle_eastern
spr_01901,data/full_all/02480.png,طباخ_جزار,cook_butcher,male,npc_civilian,none_visible,human,middle_eastern
spr_01902,data/full_all/02481.png,طباخ_جزار,cook_butcher,male,npc_civilian,none_visible,human,middle_eastern
spr_01903,data/full_all/02482.png,فارس_محارب,knight_warrior,male,warrior,shield_tank,human,middle_eastern
spr_01904,data/full_all/02483.png,سبرايت_غير_محدد,unknown_sprite,ambiguous,unknown,none_visible,human,generic_western
spr_01905,data/full_all/02484.png,فارس_محارب,knight_warrior,male,warrior,melee_blade,human,middle_eastern
spr_01906,data/full_all/02485.png,رامي_قوس,archer,male,archer,ranged_bow,human,middle_eastern
spr_01907,data/full_all/02486.png,بنت_عادية,girl_casual,female,npc_civilian,none_visible,human,east_asian
spr_01908,data/full_all/02487.png,فارس_محارب,knight_warrior,male,warrior,shield_tank,human,middle_eastern
spr_01909,data/full_all/02488.png,بنت_عادية,girl_casual,female,npc_civilian,none_visible,human,east_asian
spr_01910,data/full_all/02489.png,طباخ_جزار,cook_butcher,male,npc_civilian,none_visible,human,middle_eastern
spr_01911,data/full_all/02490.png,طباخ_جزار,cook_butcher,male,npc_civilian,none_visible,human,middle_eastern
spr_01912,data/full_all/02491.png,طباخ_جزار,cook_butcher,male,npc_civilian,none_visible,human,middle_eastern
spr_01913,data/full_all/02492.png,طباخ_جزار,cook_butcher,male,npc_civilian,none_visible,human,middle_eastern
spr_01914,data/full_all/02493.png,فارس_محارب,knight_warrior,male,warrior,shield_tank,human,middle_eastern
spr_01915,data/full_all/02494.png,طباخ_جزار,cook_butcher,male,npc_civilian,none_visible,human,middle_eastern
spr_01916,data/full_all/02495.png,بنت_عادية,girl_casual,female,npc_civilian,none_visible,human,middle_eastern
spr_01917,data/full_all/02496.png,فارس_محارب,knight_warrior,male,warrior,melee_blade,human,middle_eastern
spr_01918,data/full_all/02497.png,طباخ_جزار,cook_butcher,male,npc_civilian,none_visible,human,middle_eastern
spr_01919,data/full_all/02498.png,طباخ_جزار,cook_butcher,male,npc_civilian,none_visible,human,middle_eastern
spr_01920,data/full_all/02499.png,فارس_محارب,knight_warrior,male,warrior,melee_blade,human,middle_eastern
spr_01921,data/full_all/02500.png,رامي_قوس,archer,male,archer,ranged_bow,human,middle_eastern
spr_01922,data/full_all/02501.png,طباخ_جزار,cook_butcher,male,npc_civilian,none_visible,human,middle_eastern
spr_01923,data/full_all/02502.png,رامي_قوس,archer,male,archer,ranged_bow,human,middle_eastern
spr_01924,data/full_all/02503.png,رامي_قوس,archer,male,archer,ranged_bow,human,middle_eastern
spr_01925,data/full_all/02504.png,فارس_محارب,knight_warrior,male,warrior,melee_blade,human,middle_eastern
spr_01926,data/full_all/02505.png,رامي_قوس,archer,male,archer,ranged_bow,human,middle_eastern
spr_01927,data/full_all/02506.png,طباخ_جزار,cook_butcher,male,npc_civilian,none_visible,human,middle_eastern
spr_01928,data/full_all/02507.png,رامي_قوس,archer,male,archer,ranged_bow,human,middle_eastern
spr_01929,data/full_all/02508.png,طباخ_جزار,cook_butcher,male,npc_civilian,none_visible,human,middle_eastern
spr_01930,data/full_all/02509.png,رامي_قوس,archer,male,archer,ranged_bow,human,middle_eastern
spr_01931,data/full_all/02510.png,فارس_محارب,knight_warrior,male,warrior,shield_tank,human,middle_eastern
spr_01932,data/full_all/02511.png,طباخ_جزار,cook_butcher,male,npc_civilian,none_visible,human,middle_eastern
spr_01933,data/full_all/02512.png,بنت_عادية,girl_casual,female,npc_civilian,none_visible,human,middle_eastern
spr_01934,data/full_all/02513.png,رامي_قوس,archer,male,archer,ranged_bow,human,middle_eastern
spr_01935,data/full_all/02514.png,تاجر,shopkeeper,male,npc_civilian,none_visible,human,middle_eastern
spr_01936,data/full_all/02515.png,تاجر,shopkeeper,male,npc_civilian,none_visible,human,middle_eastern
spr_01937,data/full_all/02516.png,طباخ_جزار,cook_butcher,male,npc_civilian,none_visible,human,middle_eastern
spr_01938,data/full_all/02517.png,طباخ_جزار,cook_butcher,male,npc_civilian,none_visible,human,middle_eastern
spr_01939,data/full_all/02518.png,طباخ_جزار,cook_butcher,male,npc_civilian,none_visible,human,middle_eastern
spr_01940,data/full_all/02519.png,طباخ_جزار,cook_butcher,male,npc_civilian,none_visible,human,middle_eastern
spr_01941,data/full_all/02520.png,طباخ_جزار,cook_butcher,male,npc_civilian,none_visible,human,middle_eastern
spr_01942,data/full_all/02521.png,طباخ_جزار,cook_butcher,male,npc_civilian,none_visible,human,middle_eastern
spr_01943,data/full_all/02522.png,سبرايت_غير_محدد,unknown_sprite,ambiguous,unknown,none_visible,human,generic_western
spr_01944,data/full_all/02523.png,فارس_محارب,knight_warrior,male,warrior,shield_tank,human,middle_eastern
spr_01945,data/full_all/02524.png,سلايم_كتلة,blob_slime,ambiguous,unknown,none_visible,humanoid,generic_western
spr_01946,data/full_all/02525.png,فارس_محارب,knight_warrior,male,warrior,melee_blade,human,middle_eastern
spr_01947,data/full_all/02526.png,بنت_عادية,girl_casual,female,npc_civilian,none_visible,human,middle_eastern
spr_01948,data/full_all/02527.png,سلايم_كتلة,blob_slime,ambiguous,unknown,none_visible,humanoid,generic_western
spr_01949,data/full_all/02528.png,رامي_قوس,archer,male,archer,ranged_bow,human,middle_eastern
spr_01950,data/full_all/02529.png,فارس_محارب,knight_warrior,male,warrior,melee_blade,human,middle_eastern
spr_01951,data/full_all/02530.png,ولد_عادي,boy_casual,male,npc_civilian,none_visible,human,middle_eastern
spr_01952,data/full_all/02531.png,بنت_عادية,girl_casual,female,npc_civilian,none_visible,human,middle_eastern
spr_01953,data/full_all/02532.png,طباخ_جزار,cook_butcher,male,npc_civilian,none_visible,human,middle_eastern
spr_01954,data/full_all/02533.png,فارس_محارب,knight_warrior,male,warrior,melee_blade,human,middle_eastern
spr_01955,data/full_all/02534.png,طباخ_جزار,cook_butcher,male,npc_civilian,none_visible,human,middle_eastern
spr_01956,data/full_all/02535.png,طباخ_جزار,cook_butcher,male,npc_civilian,none_visible,human,middle_eastern
spr_01957,data/full_all/02536.png,بنت_عادية,girl_casual,female,npc_civilian,none_visible,human,middle_eastern
spr_01958,data/full_all/02537.png,بنت_عادية,girl_casual,female,npc_civilian,none_visible,human,middle_eastern
spr_01959,data/full_all/02538.png,تاجر,shopkeeper,male,npc_civilian,none_visible,human,middle_eastern
spr_01960,data/full_all/02539.png,طباخ_جزار,cook_butcher,male,npc_civilian,none_visible,human,middle_eastern
spr_01961,data/full_all/02540.png,ولد_عادي,boy_casual,male,npc_civilian,none_visible,human,middle_eastern
spr_01962,data/full_all/02541.png,طباخ_جزار,cook_butcher,male,npc_civilian,none_visible,human,middle_eastern
spr_01963,data/full_all/02542.png,رامي_قوس,archer,male,archer,ranged_bow,human,middle_eastern
spr_01964,data/full_all/02543.png,تاجر,shopkeeper,male,npc_civilian,none_visible,human,middle_eastern
spr_01965,data/full_all/02544.png,رامي_قوس,archer,male,archer,ranged_bow,human,middle_eastern
spr_01966,data/full_all/02545.png,طباخ_جزار,cook_butcher,male,npc_civilian,none_visible,human,middle_eastern
spr_01967,data/full_all/02546.png,رامي_قوس,archer,male,archer,ranged_bow,human,middle_eastern
spr_01968,data/full_all/02547.png,طباخ_جزار,cook_butcher,male,npc_civilian,none_visible,human,middle_eastern
spr_01969,data/full_all/02548.png,رامي_قوس,archer,male,archer,ranged_bow,human,middle_eastern
spr_01970,data/full_all/02549.png,بنت_عادية,girl_casual,female,npc_civilian,none_visible,human,middle_eastern
spr_01971,data/full_all/02550.png,فارس_محارب,knight_warrior,male,warrior,melee_blade,human,middle_eastern
spr_01972,data/full_all/02551.png,بنت_عادية,girl_casual,female,npc_civilian,none_visible,human,middle_eastern
spr_01973,data/full_all/02552.png,طباخ_جزار,cook_butcher,male,npc_civilian,none_visible,human,middle_eastern
spr_01974,data/full_all/02553.png,طباخ_جزار,cook_butcher,male,npc_civilian,none_visible,human,middle_eastern
spr_01975,data/full_all/02554.png,بنت_عادية,girl_casual,female,npc_civilian,none_visible,human,east_asian
spr_01976,data/full_all/02555.png,طباخ_جزار,cook_butcher,male,npc_civilian,none_visible,human,middle_eastern
spr_01977,data/full_all/02556.png,طباخ_جزار,cook_butcher,male,npc_civilian,none_visible,human,middle_eastern
spr_01978,data/full_all/02557.png,فارس_محارب,knight_warrior,male,warrior,melee_blade,human,middle_eastern
spr_01979,data/full_all/02558.png,رامي_قوس,archer,male,archer,ranged_bow,human,middle_eastern
spr_01980,data/full_all/02559.png,فارس_محارب,knight_warrior,male,warrior,shield_tank,human,middle_eastern
spr_01981,data/full_all/02560.png,طباخ_جزار,cook_butcher,male,npc_civilian,none_visible,human,middle_eastern
spr_01982,data/full_all/02561.png,طباخ_جزار,cook_butcher,male,npc_civilian,none_visible,human,middle_eastern
spr_01983,data/full_all/02562.png,طباخ_جزار,cook_butcher,male,npc_civilian,none_visible,human,middle_eastern
spr_01984,data/full_all/02563.png,طباخ_جزار,cook_butcher,male,npc_civilian,none_visible,human,middle_eastern
spr_01985,data/full_all/02564.png,فارس_محارب,knight_warrior,male,warrior,melee_blade,human,middle_eastern
spr_01986,data/full_all/02565.png,طباخ_جزار,cook_butcher,male,npc_civilian,none_visible,human,middle_eastern
spr_01987,data/full_all/02566.png,فارس_محارب,knight_warrior,male,warrior,melee_blade,human,middle_eastern
spr_01988,data/full_all/02567.png,رامي_قوس,archer,male,archer,ranged_bow,human,middle_eastern
spr_01989,data/full_all/02568.png,رامي_قوس,archer,male,archer,ranged_bow,human,middle_eastern
spr_01990,data/full_all/02569.png,طباخ_جزار,cook_butcher,male,npc_civilian,none_visible,human,middle_eastern
spr_01991,data/full_all/02570.png,فارس_محارب,knight_warrior,male,warrior,melee_blade,human,middle_eastern
spr_01992,data/full_all/02571.png,ولد_عادي,boy_casual,male,npc_civilian,none_visible,human,middle_eastern
spr_01993,data/full_all/02572.png,رامي_قوس,archer,male,archer,ranged_bow,human,middle_eastern
spr_01994,data/full_all/02573.png,طباخ_جزار,cook_butcher,male,npc_civilian,none_visible,human,middle_eastern
spr_01995,data/full_all/02574.png,فارس_محارب,knight_warrior,male,warrior,shield_tank,human,middle_eastern
spr_01996,data/full_all/02575.png,طباخ_جزار,cook_butcher,male,npc_civilian,none_visible,human,middle_eastern
spr_01997,data/full_all/02576.png,فارس_محارب,knight_warrior,male,warrior,melee_blade,human,middle_eastern
spr_01998,data/full_all/02577.png,طباخ_جزار,cook_butcher,male,npc_civilian,none_visible,human,middle_eastern
spr_01999,data/full_all/02578.png,تاجر,shopkeeper,male,npc_civilian,none_visible,human,middle_eastern
spr_02000,data/full_all/02579.png,طباخ_جزار,cook_butcher,male,npc_civilian,none_visible,human,middle_eastern
spr_02001,data/full_all/02580.png,طباخ_جزار,cook_butcher,male,npc_civilian,none_visible,human,middle_eastern
spr_02002,data/full_all/02581.png,فارس_محارب,knight_warrior,male,warrior,shield_tank,human,middle_eastern
spr_02003,data/full_all/02582.png,طباخ_جزار,cook_butcher,male,npc_civilian,none_visible,human,middle_eastern
spr_02004,data/full_all/02583.png,طباخ_جزار,cook_butcher,male,npc_civilian,none_visible,human,middle_eastern
spr_02005,data/full_all/02584.png,طباخ_جزار,cook_butcher,male,npc_civilian,none_visible,human,middle_eastern
spr_02006,data/full_all/02585.png,طباخ_جزار,cook_butcher,male,npc_civilian,none_visible,human,middle_eastern
spr_02007,data/full_all/02586.png,سلايم_كتلة,blob_slime,ambiguous,unknown,none_visible,humanoid,generic_western
spr_02008,data/full_all/02587.png,طباخ_جزار,cook_butcher,male,npc_civilian,none_visible,human,middle_eastern
spr_02009,data/full_all/02588.png,طباخ_جزار,cook_butcher,male,npc_civilian,none_visible,human,middle_eastern
spr_02010,data/full_all/02589.png,ولد_عادي,boy_casual,male,npc_civilian,none_visible,human,middle_eastern
spr_02011,data/full_all/02590.png,طباخ_جزار,cook_butcher,male,npc_civilian,none_visible,human,middle_eastern
spr_02012,data/full_all/02591.png,رامي_قوس,archer,male,archer,ranged_bow,human,middle_eastern
spr_02013,data/full_all/02592.png,طباخ_جزار,cook_butcher,male,npc_civilian,none_visible,human,middle_eastern
spr_02014,data/full_all/02593.png,رامي_قوس,archer,male,archer,ranged_bow,human,middle_eastern
spr_02015,data/full_all/02594.png,رامي_قوس,archer,male,archer,ranged_bow,human,middle_eastern
spr_02016,data/full_all/02595.png,طباخ_جزار,cook_butcher,male,npc_civilian,none_visible,human,middle_eastern
spr_02017,data/full_all/02596.png,طباخ_جزار,cook_butcher,male,npc_civilian,none_visible,human,middle_eastern
spr_02018,data/full_all/02597.png,طباخ_جزار,cook_butcher,male,npc_civilian,none_visible,human,middle_eastern
spr_02019,data/full_all/02598.png,طباخ_جزار,cook_butcher,male,npc_civilian,none_visible,human,middle_eastern
spr_02020,data/full_all/02599.png,طباخ_جزار,cook_butcher,male,npc_civilian,none_visible,human,middle_eastern
spr_02021,data/full_all/02600.png,فارس_محارب,knight_warrior,male,warrior,melee_blade,human,middle_eastern
spr_02022,data/full_all/02601.png,بنت_عادية,girl_casual,female,npc_civilian,none_visible,human,middle_eastern
spr_02023,data/full_all/02602.png,بنت_عادية,girl_casual,female,npc_civilian,none_visible,human,middle_eastern
spr_02024,data/full_all/02603.png,بنت_عادية,girl_casual,female,npc_civilian,none_visible,human,middle_eastern
spr_02025,data/full_all/02604.png,طباخ_جزار,cook_butcher,male,npc_civilian,none_visible,human,middle_eastern
spr_02026,data/full_all/02605.png,فارس_محارب,knight_warrior,male,warrior,melee_blade,human,middle_eastern
spr_02027,data/full_all/02606.png,رامي_قوس,archer,male,archer,ranged_bow,human,middle_eastern
spr_02028,data/full_all/02607.png,طباخ_جزار,cook_butcher,male,npc_civilian,none_visible,human,middle_eastern
spr_02029,data/full_all/02608.png,طباخ_جزار,cook_butcher,male,npc_civilian,none_visible,human,middle_eastern
spr_02030,data/full_all/02609.png,فارس_محارب,knight_warrior,male,warrior,melee_blade,human,middle_eastern
spr_02031,data/full_all/02610.png,رامي_قوس,archer,male,archer,ranged_bow,human,middle_eastern
spr_02032,data/full_all/02611.png,طباخ_جزار,cook_butcher,male,npc_civilian,none_visible,human,middle_eastern
spr_02033,data/full_all/02612.png,طباخ_جزار,cook_butcher,male,npc_civilian,none_visible,human,middle_eastern
spr_02034,data/full_all/02613.png,بنت_عادية,girl_casual,female,npc_civilian,none_visible,human,middle_eastern
spr_02035,data/full_all/02614.png,رامي_قوس,archer,male,archer,ranged_bow,human,middle_eastern
spr_02036,data/full_all/02615.png,طباخ_جزار,cook_butcher,male,npc_civilian,none_visible,human,middle_eastern
spr_02037,data/full_all/02616.png,طائر_مجسم,bird_anthro,ambiguous,animal_pet,none_visible,animal_anthro,generic_western
spr_02038,data/full_all/02617.png,طائر_مجسم,bird_anthro,ambiguous,animal_pet,none_visible,animal_anthro,generic_western
spr_02039,data/full_all/02618.png,طائر_مجسم,bird_anthro,ambiguous,animal_pet,none_visible,animal_anthro,generic_western
spr_02040,data/full_all/02619.png,رامي_قوس,archer,male,archer,ranged_bow,human,middle_eastern
spr_02041,data/full_all/02620.png,رامي_قوس,archer,male,archer,ranged_bow,human,middle_eastern
spr_02042,data/full_all/02621.png,كائن_وردي,pink_creature,ambiguous,animal_pet,none_visible,animal_anthro,generic_western
spr_02043,data/full_all/02622.png,فارس_محارب,knight_warrior,male,warrior,melee_blade,human,middle_eastern
spr_02044,data/full_all/02623.png,فارس_محارب,knight_warrior,male,warrior,melee_blade,human,middle_eastern
spr_02045,data/full_all/02624.png,رامي_قوس,archer,male,archer,ranged_bow,human,middle_eastern
spr_02046,data/full_all/02625.png,فارس_محارب,knight_warrior,male,warrior,melee_blade,human,middle_eastern
spr_02047,data/full_all/02626.png,فارس_محارب,knight_warrior,male,warrior,melee_blade,human,middle_eastern
spr_02048,data/full_all/02627.png,فارس_محارب,knight_warrior,male,warrior,melee_blade,human,middle_eastern
spr_02049,data/full_all/02628.png,فارس_محارب,knight_warrior,male,warrior,melee_blade,human,middle_eastern
spr_02050,data/full_all/02629.png,تاجر,shopkeeper,male,npc_civilian,none_visible,human,middle_eastern
spr_02051,data/full_all/02630.png,فارس_محارب,knight_warrior,male,warrior,melee_blade,human,middle_eastern
spr_02052,data/full_all/02631.png,فارس_محارب,knight_warrior,male,warrior,melee_blade,human,middle_eastern
spr_02053,data/full_all/02632.png,تاجر,shopkeeper,male,npc_civilian,none_visible,human,middle_eastern
spr_02054,data/full_all/02633.png,فارس_محارب,knight_warrior,male,warrior,melee_blade,human,middle_eastern
spr_02055,data/full_all/02634.png,طباخ_جزار,cook_butcher,male,npc_civilian,none_visible,human,middle_eastern
spr_02056,data/full_all/02635.png,طباخ_جزار,cook_butcher,male,npc_civilian,none_visible,human,middle_eastern
spr_02057,data/full_all/02636.png,طباخ_جزار,cook_butcher,male,npc_civilian,none_visible,human,middle_eastern
spr_02058,data/full_all/02637.png,ولد_عادي,boy_casual,male,npc_civilian,none_visible,human,middle_eastern
spr_02059,data/full_all/02638.png,طباخ_جزار,cook_butcher,male,npc_civilian,none_visible,human,middle_eastern
spr_02060,data/full_all/02639.png,طباخ_جزار,cook_butcher,male,npc_civilian,none_visible,human,middle_eastern
spr_02061,data/full_all/02640.png,تاجر,shopkeeper,male,npc_civilian,none_visible,human,middle_eastern
spr_02062,data/full_all/02641.png,بنت_عادية,girl_casual,female,npc_civilian,none_visible,human,middle_eastern
spr_02063,data/full_all/02642.png,بنت_عادية,girl_casual,female,npc_civilian,none_visible,human,middle_eastern
spr_02064,data/full_all/02643.png,سبرايت_غير_محدد,unknown_sprite,ambiguous,unknown,none_visible,human,generic_western
spr_02065,data/full_all/02644.png,فارس_محارب,knight_warrior,male,warrior,melee_blade,human,middle_eastern
spr_02066,data/full_all/02645.png,رامي_قوس,archer,male,archer,ranged_bow,human,middle_eastern
spr_02067,data/full_all/02646.png,رامي_قوس,archer,male,archer,ranged_bow,human,middle_eastern
spr_02068,data/full_all/02647.png,طباخ_جزار,cook_butcher,male,npc_civilian,none_visible,human,middle_eastern
spr_02069,data/full_all/02648.png,رامي_قوس,archer,male,archer,ranged_bow,human,middle_eastern
spr_02070,data/full_all/02649.png,فارس_محارب,knight_warrior,male,warrior,melee_blade,human,middle_eastern
spr_02071,data/full_all/02650.png,طباخ_جزار,cook_butcher,male,npc_civilian,none_visible,human,middle_eastern
spr_02072,data/full_all/02651.png,بنت_عادية,girl_casual,female,npc_civilian,none_visible,human,middle_eastern
spr_02073,data/full_all/02652.png,تاجر,shopkeeper,male,npc_civilian,none_visible,human,middle_eastern
spr_02074,data/full_all/02653.png,تاجر,shopkeeper,male,npc_civilian,none_visible,human,middle_eastern
spr_02075,data/full_all/02654.png,تاجر,shopkeeper,male,npc_civilian,none_visible,human,middle_eastern
spr_02076,data/full_all/02655.png,تاجر,shopkeeper,male,npc_civilian,none_visible,human,middle_eastern
spr_02077,data/full_all/02656.png,رامي_قوس,archer,male,archer,ranged_bow,human,middle_eastern
spr_02078,data/full_all/02657.png,فارس_محارب,knight_warrior,male,warrior,shield_tank,human,middle_eastern
spr_02079,data/full_all/02658.png,بنت_فستان,girl_dress,female,npc_civilian,none_visible,human,middle_eastern
spr_02080,data/full_all/02659.png,سلايم_كتلة,blob_slime,ambiguous,unknown,none_visible,humanoid,generic_western
spr_02081,data/full_all/02660.png,سلايم_كتلة,blob_slime,ambiguous,unknown,none_visible,humanoid,generic_western
spr_02082,data/full_all/02661.png,فارس_محارب,knight_warrior,male,warrior,shield_tank,human,middle_eastern
spr_02083,data/full_all/02662.png,رامي_قوس,archer,male,archer,ranged_bow,human,middle_eastern
spr_02084,data/full_all/02663.png,فارس_محارب,knight_warrior,male,warrior,melee_blade,human,middle_eastern
spr_02085,data/full_all/02664.png,سلايم_كتلة,blob_slime,ambiguous,unknown,none_visible,humanoid,generic_western
spr_02086,data/full_all/02665.png,سلايم_كتلة,blob_slime,ambiguous,unknown,none_visible,humanoid,generic_western
spr_02087,data/full_all/02666.png,سلايم_كتلة,blob_slime,ambiguous,unknown,none_visible,humanoid,generic_western
spr_02088,data/full_all/02667.png,سلايم_كتلة,blob_slime,ambiguous,unknown,none_visible,humanoid,generic_western
spr_02089,data/full_all/02668.png,سلايم_كتلة,blob_slime,ambiguous,unknown,none_visible,humanoid,generic_western
spr_02090,data/full_all/02669.png,سلايم_كتلة,blob_slime,ambiguous,unknown,none_visible,humanoid,generic_western
spr_02091,data/full_all/02670.png,سلايم_كتلة,blob_slime,ambiguous,unknown,none_visible,humanoid,generic_western
spr_02092,data/full_all/02671.png,سلايم_كتلة,blob_slime,ambiguous,unknown,none_visible,humanoid,generic_western
spr_02093,data/full_all/02672.png,سلايم_كتلة,blob_slime,ambiguous,unknown,none_visible,humanoid,generic_western
spr_02094,data/full_all/02673.png,سلايم_كتلة,blob_slime,ambiguous,unknown,none_visible,humanoid,generic_western
spr_02095,data/full_all/02674.png,سلايم_كتلة,blob_slime,ambiguous,unknown,none_visible,humanoid,generic_western
spr_02096,data/full_all/02675.png,سلايم_كتلة,blob_slime,ambiguous,unknown,none_visible,humanoid,generic_western
spr_02097,data/full_all/02676.png,بنت_عادية,girl_casual,female,npc_civilian,none_visible,human,east_asian
spr_02098,data/full_all/02677.png,بنت_عادية,girl_casual,female,npc_civilian,none_visible,human,east_asian
spr_02099,data/full_all/02678.png,سلايم_كتلة,blob_slime,ambiguous,unknown,none_visible,humanoid,generic_western
spr_02100,data/full_all/02679.png,فارس_محارب,knight_warrior,male,warrior,shield_tank,human,middle_eastern
spr_02101,data/full_all/02680.png,بنت_عادية,girl_casual,female,npc_civilian,none_visible,human,east_asian
spr_02102,data/full_all/02681.png,سلايم_كتلة,blob_slime,ambiguous,unknown,none_visible,humanoid,generic_western
spr_02103,data/full_all/02682.png,فارس_محارب,knight_warrior,male,warrior,shield_tank,human,middle_eastern
spr_02104,data/full_all/02683.png,بنت_عادية,girl_casual,female,npc_civilian,none_visible,human,east_asian
spr_02105,data/full_all/02684.png,فارس_محارب,knight_warrior,male,warrior,shield_tank,human,middle_eastern
spr_02106,data/full_all/02685.png,فارس_محارب,knight_warrior,male,warrior,shield_tank,human,middle_eastern
spr_02107,data/full_all/02686.png,سلايم_كتلة,blob_slime,ambiguous,unknown,none_visible,humanoid,generic_western
spr_02108,data/full_all/02687.png,بنت_عادية,girl_casual,female,npc_civilian,none_visible,human,east_asian
spr_02109,data/full_all/02688.png,بنت_عادية,girl_casual,female,npc_civilian,none_visible,human,east_asian
spr_02110,data/full_all/02689.png,سلايم_كتلة,blob_slime,ambiguous,unknown,none_visible,humanoid,generic_western
spr_02111,data/full_all/02690.png,بنت_عادية,girl_casual,female,npc_civilian,none_visible,human,east_asian
spr_02112,data/full_all/02691.png,ساحر,mage_caster,female,mage,magic_caster,human,middle_eastern
spr_02113,data/full_all/02692.png,بنت_عادية,girl_casual,female,npc_civilian,none_visible,human,east_asian
spr_02114,data/full_all/02693.png,سلايم_كتلة,blob_slime,ambiguous,unknown,none_visible,humanoid,generic_western
spr_02115,data/full_all/02694.png,فارس_محارب,knight_warrior,male,warrior,shield_tank,human,middle_eastern
spr_02116,data/full_all/02695.png,فارس_محارب,knight_warrior,male,warrior,shield_tank,human,middle_eastern
spr_02117,data/full_all/02696.png,فارس_محارب,knight_warrior,male,warrior,melee_blade,human,middle_eastern
spr_02118,data/full_all/02697.png,سلايم_كتلة,blob_slime,ambiguous,unknown,none_visible,humanoid,generic_western
spr_02119,data/full_all/02698.png,سلايم_كتلة,blob_slime,ambiguous,unknown,none_visible,humanoid,generic_western
spr_02120,data/full_all/02699.png,سلايم_كتلة,blob_slime,ambiguous,unknown,none_visible,humanoid,generic_western
spr_02121,data/full_all/02700.png,كائن_وردي,pink_creature,ambiguous,animal_pet,none_visible,animal_anthro,generic_western
spr_02122,data/full_all/02701.png,طباخ_جزار,cook_butcher,male,npc_civilian,none_visible,human,middle_eastern
spr_02123,data/full_all/02702.png,طباخ_جزار,cook_butcher,male,npc_civilian,none_visible,human,middle_eastern
spr_02124,data/full_all/02703.png,بنت_عادية,girl_casual,female,npc_civilian,none_visible,human,middle_eastern
spr_02125,data/full_all/02704.png,كائن_وردي,pink_creature,ambiguous,animal_pet,none_visible,animal_anthro,generic_western
spr_02126,data/full_all/02705.png,رامي_قوس,archer,male,archer,ranged_bow,human,middle_eastern
spr_02127,data/full_all/02706.png,طباخ_جزار,cook_butcher,male,npc_civilian,none_visible,human,middle_eastern
spr_02128,data/full_all/02707.png,كائن_وردي,pink_creature,ambiguous,animal_pet,none_visible,animal_anthro,generic_western
spr_02129,data/full_all/02708.png,تاجر,shopkeeper,male,npc_civilian,none_visible,human,middle_eastern
spr_02130,data/full_all/02709.png,تاجر,shopkeeper,male,npc_civilian,none_visible,human,middle_eastern
spr_02131,data/full_all/02710.png,فارس_محارب,knight_warrior,male,warrior,melee_blade,human,middle_eastern
spr_02132,data/full_all/02711.png,فارس_محارب,knight_warrior,male,warrior,melee_blade,human,middle_eastern
spr_02133,data/full_all/02712.png,وحش_بوس,monster_boss,male,warrior,dual_wield,monster_creature,generic_western
spr_02134,data/full_all/02713.png,وحش_بوس,monster_boss,male,warrior,dual_wield,monster_creature,generic_western
spr_02135,data/full_all/02714.png,وحش_بوس,monster_boss,male,warrior,dual_wield,monster_creature,generic_western
spr_02136,data/full_all/02715.png,طباخ_جزار,cook_butcher,male,npc_civilian,none_visible,human,middle_eastern
spr_02137,data/full_all/02716.png,طباخ_جزار,cook_butcher,male,npc_civilian,none_visible,human,middle_eastern
spr_02138,data/full_all/02717.png,طباخ_جزار,cook_butcher,male,npc_civilian,none_visible,human,middle_eastern
spr_02139,data/full_all/02718.png,طباخ_جزار,cook_butcher,male,npc_civilian,none_visible,human,middle_eastern
spr_02140,data/full_all/02719.png,طباخ_جزار,cook_butcher,male,npc_civilian,none_visible,human,middle_eastern
spr_02141,data/full_all/02720.png,طباخ_جزار,cook_butcher,male,npc_civilian,none_visible,human,middle_eastern
spr_02142,data/full_all/02721.png,طباخ_جزار,cook_butcher,male,npc_civilian,none_visible,human,middle_eastern
spr_02143,data/full_all/02722.png,بنت_عادية,girl_casual,female,npc_civilian,none_visible,human,middle_eastern
spr_02144,data/full_all/02723.png,طباخ_جزار,cook_butcher,male,npc_civilian,none_visible,human,middle_eastern
spr_02145,data/full_all/02724.png,طباخ_جزار,cook_butcher,male,npc_civilian,none_visible,human,middle_eastern
spr_02146,data/full_all/02725.png,طباخ_جزار,cook_butcher,male,npc_civilian,none_visible,human,middle_eastern
spr_02147,data/full_all/02726.png,فارس_محارب,knight_warrior,male,warrior,melee_blade,human,middle_eastern
spr_02148,data/full_all/02727.png,طباخ_جزار,cook_butcher,male,npc_civilian,none_visible,human,middle_eastern
spr_02149,data/full_all/02728.png,فارس_محارب,knight_warrior,male,warrior,melee_blade,human,middle_eastern
spr_02150,data/full_all/02729.png,طباخ_جزار,cook_butcher,male,npc_civilian,none_visible,human,middle_eastern
spr_02151,data/full_all/02730.png,رامي_قوس,archer,male,archer,ranged_bow,human,middle_eastern
spr_02152,data/full_all/02731.png,رامي_قوس,archer,male,archer,ranged_bow,human,middle_eastern
spr_02153,data/full_all/02732.png,فارس_محارب,knight_warrior,male,warrior,melee_blade,human,middle_eastern
spr_02154,data/full_all/02733.png,طباخ_جزار,cook_butcher,male,npc_civilian,none_visible,human,middle_eastern
spr_02155,data/full_all/02734.png,طباخ_جزار,cook_butcher,male,npc_civilian,none_visible,human,middle_eastern
spr_02156,data/full_all/02735.png,طباخ_جزار,cook_butcher,male,npc_civilian,none_visible,human,middle_eastern
spr_02157,data/full_all/02736.png,طباخ_جزار,cook_butcher,male,npc_civilian,none_visible,human,middle_eastern
spr_02158,data/full_all/02737.png,طباخ_جزار,cook_butcher,male,npc_civilian,none_visible,human,middle_eastern
spr_02159,data/full_all/02738.png,طباخ_جزار,cook_butcher,male,npc_civilian,none_visible,human,middle_eastern
spr_02160,data/full_all/02739.png,طباخ_جزار,cook_butcher,male,npc_civilian,none_visible,human,middle_eastern
spr_02161,data/full_all/02740.png,بنت_عادية,girl_casual,female,npc_civilian,none_visible,human,middle_eastern
spr_02162,data/full_all/02741.png,رامي_قوس,archer,male,archer,ranged_bow,human,middle_eastern
spr_02163,data/full_all/02742.png,وحش_بوس,monster_boss,male,boss,dual_wield,monster_creature,generic_western
spr_02164,data/full_all/02743.png,وحش_بوس,monster_boss,male,boss,dual_wield,monster_creature,generic_western
spr_02165,data/full_all/02744.png,وحش_بوس,monster_boss,male,boss,dual_wield,monster_creature,generic_western
spr_02166,data/full_all/02745.png,بورتريه_رأس,head_portrait,ambiguous,unknown,none_visible,humanoid,generic_western
spr_02167,data/full_all/02746.png,بورتريه_رأس,head_portrait,ambiguous,unknown,none_visible,humanoid,generic_western
spr_02168,data/full_all/02747.png,بورتريه_رأس,head_portrait,ambiguous,unknown,none_visible,humanoid,generic_western
spr_02169,data/full_all/02748.png,بنت_عادية,girl_casual,female,npc_civilian,none_visible,human,east_asian
spr_02170,data/full_all/02749.png,بنت_عادية,girl_casual,female,npc_civilian,none_visible,human,east_asian
spr_02171,data/full_all/02750.png,سلايم_كتلة,blob_slime,ambiguous,unknown,none_visible,humanoid,generic_western
spr_02172,data/full_all/02751.png,بنت_عادية,girl_casual,female,npc_civilian,none_visible,human,east_asian
spr_02173,data/full_all/02752.png,بنت_عادية,girl_casual,female,npc_civilian,none_visible,human,east_asian
spr_02174,data/full_all/02753.png,بنت_عادية,girl_casual,female,npc_civilian,none_visible,human,east_asian
spr_02175,data/full_all/02754.png,سلايم_كتلة,blob_slime,ambiguous,unknown,none_visible,humanoid,generic_western
spr_02176,data/full_all/02755.png,فارس_محارب,knight_warrior,male,warrior,shield_tank,human,middle_eastern
spr_02177,data/full_all/02756.png,بنت_عادية,girl_casual,female,npc_civilian,none_visible,human,east_asian
spr_02178,data/full_all/02757.png,سلايم_كتلة,blob_slime,ambiguous,unknown,none_visible,humanoid,generic_western
spr_02179,data/full_all/02758.png,بنت_عادية,girl_casual,female,npc_civilian,none_visible,human,east_asian
spr_02180,data/full_all/02759.png,بنت_عادية,girl_casual,female,npc_civilian,none_visible,human,east_asian
spr_02181,data/full_all/02760.png,ساحر,mage_caster,female,mage,magic_caster,human,middle_eastern
spr_02182,data/full_all/02761.png,فارس_محارب,knight_warrior,male,warrior,shield_tank,human,middle_eastern
spr_02183,data/full_all/02762.png,فارس_محارب,knight_warrior,male,warrior,melee_blade,human,middle_eastern
spr_02184,data/full_all/02763.png,رامي_قوس,archer,male,archer,ranged_bow,human,middle_eastern
spr_02185,data/full_all/02764.png,رامي_قوس,archer,male,archer,ranged_bow,human,middle_eastern
spr_02186,data/full_all/02765.png,بنت_فستان,girl_dress,female,npc_civilian,none_visible,human,middle_eastern
spr_02187,data/full_all/02766.png,طباخ_جزار,cook_butcher,male,npc_civilian,none_visible,human,middle_eastern
spr_02188,data/full_all/02767.png,طباخ_جزار,cook_butcher,male,npc_civilian,none_visible,human,middle_eastern
spr_02189,data/full_all/02768.png,طباخ_جزار,cook_butcher,male,npc_civilian,none_visible,human,middle_eastern
spr_02190,data/full_all/02769.png,طباخ_جزار,cook_butcher,male,npc_civilian,none_visible,human,middle_eastern
spr_02191,data/full_all/02770.png,طباخ_جزار,cook_butcher,male,npc_civilian,none_visible,human,middle_eastern
spr_02192,data/full_all/02771.png,رامي_قوس,archer,male,archer,ranged_bow,human,middle_eastern
spr_02193,data/full_all/02772.png,رامي_قوس,archer,male,archer,ranged_bow,human,middle_eastern
spr_02194,data/full_all/02773.png,طباخ_جزار,cook_butcher,male,npc_civilian,none_visible,human,middle_eastern
spr_02195,data/full_all/02774.png,طباخ_جزار,cook_butcher,male,npc_civilian,none_visible,human,middle_eastern
spr_02196,data/full_all/02775.png,فارس_محارب,knight_warrior,male,warrior,melee_blade,human,middle_eastern
spr_02197,data/full_all/02776.png,رامي_قوس,archer,male,archer,ranged_bow,human,middle_eastern
spr_02198,data/full_all/02777.png,رامي_قوس,archer,male,archer,ranged_bow,human,middle_eastern
spr_02199,data/full_all/02778.png,فارس_محارب,knight_warrior,male,warrior,melee_blade,human,middle_eastern
spr_02200,data/full_all/02779.png,طباخ_جزار,cook_butcher,male,npc_civilian,none_visible,human,middle_eastern
spr_02201,data/full_all/02780.png,طباخ_جزار,cook_butcher,male,npc_civilian,none_visible,human,middle_eastern
spr_02202,data/full_all/02781.png,طباخ_جزار,cook_butcher,male,npc_civilian,none_visible,human,middle_eastern
spr_02203,data/full_all/02782.png,كائن_وردي,pink_creature,ambiguous,animal_pet,none_visible,animal_anthro,generic_western
spr_02204,data/full_all/02783.png,طباخ_جزار,cook_butcher,male,npc_civilian,none_visible,human,middle_eastern
spr_02205,data/full_all/02784.png,بنت_عادية,girl_casual,female,npc_civilian,none_visible,human,middle_eastern
spr_02206,data/full_all/02785.png,رامي_قوس,archer,male,archer,ranged_bow,human,middle_eastern
spr_02207,data/full_all/02786.png,طباخ_جزار,cook_butcher,male,npc_civilian,none_visible,human,middle_eastern
spr_02208,data/full_all/02787.png,رامي_قوس,archer,male,archer,ranged_bow,human,middle_eastern
spr_02209,data/full_all/02788.png,رامي_قوس,archer,male,archer,ranged_bow,human,middle_eastern
spr_02210,data/full_all/02789.png,بنت_عادية,girl_casual,female,npc_civilian,none_visible,human,middle_eastern
spr_02211,data/full_all/02790.png,رامي_قوس,archer,male,archer,ranged_bow,human,middle_eastern
spr_02212,data/full_all/02791.png,رامي_قوس,archer,male,archer,ranged_bow,human,middle_eastern
spr_02213,data/full_all/02792.png,فارس_محارب,knight_warrior,male,warrior,melee_blade,human,middle_eastern
spr_02214,data/full_all/02793.png,رامي_قوس,archer,male,archer,ranged_bow,human,middle_eastern
spr_02215,data/full_all/02794.png,فارس_محارب,knight_warrior,male,warrior,melee_blade,human,middle_eastern
spr_02216,data/full_all/02795.png,لص_ملثم,rogue_hooded,male,rogue,melee_blade,human,generic_western
spr_02217,data/full_all/02796.png,فارس_محارب,knight_warrior,male,warrior,shield_tank,human,middle_eastern
spr_02218,data/full_all/02797.png,لص_ملثم,rogue_hooded,male,rogue,melee_blade,human,generic_western
spr_02219,data/full_all/02798.png,ولد_عادي,boy_casual,male,npc_civilian,none_visible,human,generic_western
spr_02220,data/full_all/02799.png,ولد_عادي,boy_casual,male,npc_civilian,none_visible,human,generic_western
spr_02221,data/full_all/02800.png,بنت_فستان,girl_dress,female,npc_civilian,none_visible,human,middle_eastern
spr_02222,data/full_all/02801.png,بنت_فستان,girl_dress,female,npc_civilian,none_visible,human,middle_eastern
spr_02223,data/full_all/02802.png,بنت_فستان,girl_dress,female,npc_civilian,none_visible,human,middle_eastern
spr_02224,data/full_all/02803.png,بنت_عادية,girl_casual,female,npc_civilian,none_visible,human,east_asian
spr_02225,data/full_all/02804.png,بنت_عادية,girl_casual,female,npc_civilian,none_visible,human,east_asian
spr_02226,data/full_all/02805.png,بنت_عادية,girl_casual,female,npc_civilian,none_visible,human,east_asian
spr_02227,data/full_all/02806.png,كاوبوي,cowboy,male,npc_civilian,none_visible,human,generic_western
spr_02228,data/full_all/02807.png,كاوبوي,cowboy,male,npc_civilian,none_visible,human,generic_western
spr_02229,data/full_all/02808.png,طائر_مجسم,bird_anthro,ambiguous,animal_pet,none_visible,animal_anthro,generic_western
spr_02230,data/full_all/02809.png,سلايم_كتلة,blob_slime,ambiguous,unknown,none_visible,humanoid,generic_western
spr_02231,data/full_all/02810.png,رامي_قوس,archer,male,archer,ranged_bow,human,middle_eastern
spr_02232,data/full_all/02811.png,بنت_فستان,girl_dress,female,npc_civilian,none_visible,human,middle_eastern
spr_02233,data/full_all/02812.png,كائن_وردي,pink_creature,ambiguous,animal_pet,none_visible,animal_anthro,generic_western
spr_02234,data/full_all/02813.png,رامي_قوس,archer,male,archer,ranged_bow,human,middle_eastern
spr_02235,data/full_all/02814.png,فارس_محارب,knight_warrior,male,warrior,melee_blade,human,middle_eastern
spr_02236,data/full_all/02815.png,تاجر,shopkeeper,male,npc_civilian,none_visible,human,middle_eastern
spr_02237,data/full_all/02816.png,رامي_قوس,archer,male,archer,ranged_bow,human,middle_eastern
spr_02238,data/full_all/02817.png,بنت_عادية,girl_casual,female,npc_civilian,none_visible,human,middle_eastern
spr_02239,data/full_all/02818.png,طباخ_جزار,cook_butcher,male,npc_civilian,none_visible,human,middle_eastern
spr_02240,data/full_all/02819.png,ولد_عادي,boy_casual,male,npc_civilian,none_visible,human,middle_eastern
spr_02241,data/full_all/02820.png,طائر_مجسم,bird_anthro,ambiguous,animal_pet,none_visible,animal_anthro,generic_western
spr_02242,data/full_all/02821.png,طباخ_جزار,cook_butcher,male,npc_civilian,none_visible,human,middle_eastern
spr_02243,data/full_all/02822.png,طائر_مجسم,bird_anthro,ambiguous,animal_pet,none_visible,animal_anthro,generic_western
spr_02244,data/full_all/02823.png,طائر_مجسم,bird_anthro,ambiguous,animal_pet,none_visible,animal_anthro,generic_western
spr_02245,data/full_all/02824.png,طائر_مجسم,bird_anthro,ambiguous,animal_pet,none_visible,animal_anthro,generic_western
spr_02246,data/full_all/02825.png,طائر_مجسم,bird_anthro,ambiguous,animal_pet,none_visible,animal_anthro,generic_western
spr_02247,data/full_all/02826.png,طائر_مجسم,bird_anthro,ambiguous,animal_pet,none_visible,animal_anthro,generic_western
spr_02248,data/full_all/02827.png,طائر_مجسم,bird_anthro,ambiguous,animal_pet,none_visible,animal_anthro,generic_western
spr_02249,data/full_all/02828.png,طائر_مجسم,bird_anthro,ambiguous,animal_pet,none_visible,animal_anthro,generic_western
spr_02250,data/full_all/02829.png,طائر_مجسم,bird_anthro,ambiguous,animal_pet,none_visible,animal_anthro,generic_western
spr_02251,data/full_all/02830.png,كاوبوي,cowboy,male,npc_civilian,none_visible,human,generic_western
spr_02252,data/full_all/02831.png,حيوان_صغير,animal_critter,ambiguous,animal_pet,none_visible,animal_anthro,generic_western
spr_02253,data/full_all/02832.png,كاوبوي,cowboy,male,npc_civilian,none_visible,human,generic_western
spr_02254,data/full_all/02833.png,رامي_قوس,archer,male,archer,ranged_bow,human,middle_eastern
spr_02255,data/full_all/02834.png,ولد_عادي,boy_casual,male,npc_civilian,none_visible,human,middle_eastern
spr_02256,data/full_all/02835.png,كاوبوي,cowboy,male,npc_civilian,none_visible,human,generic_western
spr_02257,data/full_all/02836.png,رامي_قوس,archer,male,archer,ranged_bow,human,middle_eastern
spr_02258,data/full_all/02837.png,كاوبوي,cowboy,male,npc_civilian,none_visible,human,generic_western
spr_02259,data/full_all/02838.png,حيوان_صغير,animal_critter,ambiguous,animal_pet,none_visible,animal_anthro,generic_western
spr_02260,data/full_all/02839.png,كاوبوي,cowboy,male,npc_civilian,none_visible,human,generic_western
spr_02261,data/full_all/02840.png,كائن_وردي,pink_creature,ambiguous,animal_pet,none_visible,animal_anthro,generic_western
spr_02262,data/full_all/02841.png,كاوبوي,cowboy,male,npc_civilian,none_visible,human,generic_western
spr_02263,data/full_all/02842.png,كاوبوي,cowboy,male,npc_civilian,none_visible,human,generic_western
spr_02264,data/full_all/02843.png,وحش_بوس,monster_boss,male,boss,dual_wield,monster_creature,generic_western
spr_02265,data/full_all/02844.png,بنت_عادية,girl_casual,female,npc_civilian,none_visible,human,generic_western
spr_02266,data/full_all/02845.png,لص_ملثم,rogue_hooded,male,rogue,melee_blade,human,generic_western
spr_02267,data/full_all/02846.png,بنت_فستان,girl_dress,female,npc_civilian,none_visible,human,middle_eastern
spr_02268,data/full_all/02847.png,وحش_بوس,monster_boss,male,boss,dual_wield,monster_creature,generic_western
spr_02269,data/full_all/02848.png,بنت_عادية,girl_casual,female,npc_civilian,none_visible,human,generic_western
spr_02270,data/full_all/02849.png,وحش_بوس,monster_boss,male,boss,dual_wield,monster_creature,generic_western
spr_02271,data/full_all/02850.png,ساحر,mage_caster,male,mage,magic_caster,human,middle_eastern
spr_02272,data/full_all/02851.png,فارس_محارب,knight_warrior,male,warrior,shield_tank,human,middle_eastern
spr_02273,data/full_all/02852.png,فارس_محارب,knight_warrior,male,warrior,shield_tank,human,middle_eastern
spr_02274,data/full_all/02853.png,وحش_بوس,monster_boss,male,boss,dual_wield,monster_creature,generic_western
spr_02275,data/full_all/02854.png,فارس_محارب,knight_warrior,male,warrior,shield_tank,human,middle_eastern
spr_02276,data/full_all/02855.png,سلايم_كتلة,blob_slime,ambiguous,unknown,none_visible,humanoid,generic_western
spr_02277,data/full_all/02856.png,سلايم_كتلة,blob_slime,ambiguous,unknown,none_visible,humanoid,generic_western
spr_02278,data/full_all/02857.png,سلايم_كتلة,blob_slime,ambiguous,unknown,none_visible,humanoid,generic_western
spr_02279,data/full_all/02858.png,سلايم_كتلة,blob_slime,ambiguous,unknown,none_visible,humanoid,generic_western
spr_02280,data/full_all/02859.png,سلايم_كتلة,blob_slime,ambiguous,unknown,none_visible,humanoid,generic_western
spr_02281,data/full_all/02860.png,سلايم_كتلة,blob_slime,ambiguous,unknown,none_visible,humanoid,generic_western
spr_02282,data/full_all/02861.png,وحش_بوس,monster_boss,male,boss,dual_wield,monster_creature,generic_western
spr_02283,data/full_all/02862.png,ساحر,mage_caster,male,mage,magic_caster,human,middle_eastern
spr_02284,data/full_all/02863.png,فارس_محارب,knight_warrior,male,warrior,shield_tank,human,middle_eastern
spr_02285,data/full_all/02864.png,رامي_قوس,archer,male,archer,ranged_bow,human,middle_eastern
spr_02286,data/full_all/02865.png,وحش_بوس,monster_boss,male,boss,dual_wield,monster_creature,generic_western
spr_02287,data/full_all/02866.png,فارس_محارب,knight_warrior,male,warrior,shield_tank,human,middle_eastern
spr_02288,data/full_all/02867.png,سلايم_كتلة,blob_slime,ambiguous,unknown,none_visible,humanoid,generic_western
spr_02289,data/full_all/02868.png,سلايم_كتلة,blob_slime,ambiguous,unknown,none_visible,humanoid,generic_western
spr_02290,data/full_all/02869.png,بورتريه_رأس,head_portrait,female,unknown,none_visible,human,generic_western
spr_02291,data/full_all/02870.png,بورتريه_رأس,head_portrait,female,unknown,none_visible,human,generic_western
spr_02292,data/full_all/02871.png,سلايم_كتلة,blob_slime,ambiguous,unknown,none_visible,humanoid,generic_western
spr_02293,data/full_all/02872.png,بورتريه_رأس,head_portrait,female,unknown,none_visible,human,generic_western
spr_02294,data/full_all/02873.png,بنت_عادية,girl_casual,female,npc_civilian,none_visible,human,east_asian
spr_02295,data/full_all/02874.png,ممرضة_دعم,nurse_support,female,support,none_visible,human,east_asian
spr_02296,data/full_all/02875.png,بنت_عادية,girl_casual,female,npc_civilian,none_visible,human,generic_western
spr_02297,data/full_all/02876.png,حيوان_صغير,animal_critter,ambiguous,animal_pet,none_visible,animal_anthro,generic_western
spr_02298,data/full_all/02877.png,بطة_مجسمة,duck_anthro,ambiguous,animal_pet,none_visible,animal_anthro,generic_western
spr_02299,data/full_all/02878.png,كاوبوي,cowboy,male,npc_civilian,none_visible,human,generic_western
spr_02300,data/full_all/02879.png,حيوان_صغير,animal_critter,ambiguous,animal_pet,none_visible,animal_anthro,generic_western
spr_02301,data/full_all/02880.png,كاوبوي,cowboy,male,npc_civilian,none_visible,human,generic_western
spr_02302,data/full_all/02881.png,فارس_محارب,knight_warrior,male,warrior,shield_tank,human,middle_eastern
spr_02303,data/full_all/02882.png,مقاتل_كاراتيه,martial_artist,male,rogue,unarmed,human,east_asian
spr_02304,data/full_all/02883.png,رامي_قوس,archer,male,archer,ranged_bow,human,middle_eastern
spr_02305,data/full_all/02884.png,كاوبوي,cowboy,male,npc_civilian,none_visible,human,generic_western
spr_02306,data/full_all/02885.png,روبوت,robot_mech,not_applicable,mech_unit,tech_gadget,robot_android,generic_western
spr_02307,data/full_all/02886.png,كاوبوي,cowboy,male,npc_civilian,none_visible,human,generic_western
spr_02308,data/full_all/02887.png,رامي_قوس,archer,male,archer,ranged_bow,human,middle_eastern
spr_02309,data/full_all/02888.png,روبوت,robot_mech,not_applicable,mech_unit,tech_gadget,robot_android,generic_western
spr_02310,data/full_all/02889.png,سلايم_كتلة,blob_slime,ambiguous,unknown,none_visible,humanoid,generic_western
spr_02311,data/full_all/02890.png,كاوبوي,cowboy,male,npc_civilian,none_visible,human,generic_western
spr_02312,data/full_all/02891.png,روبوت,robot_mech,not_applicable,mech_unit,tech_gadget,robot_android,generic_western
spr_02313,data/full_all/02892.png,سلايم_كتلة,blob_slime,ambiguous,unknown,none_visible,humanoid,generic_western
spr_02314,data/full_all/02893.png,وحش_بوس,monster_boss,male,boss,dual_wield,monster_creature,generic_western
spr_02315,data/full_all/02894.png,بنت_عادية,girl_casual,female,npc_civilian,none_visible,human,generic_western
spr_02316,data/full_all/02895.png,فارس_محارب,knight_warrior,male,warrior,shield_tank,human,middle_eastern
spr_02317,data/full_all/02896.png,فارس_محارب,knight_warrior,male,warrior,melee_blade,human,middle_eastern
spr_02318,data/full_all/02897.png,روبوت,robot_mech,not_applicable,mech_unit,tech_gadget,robot_android,generic_western
spr_02319,data/full_all/02898.png,فارس_محارب,knight_warrior,male,warrior,shield_tank,human,middle_eastern
spr_02320,data/full_all/02899.png,وحش_بوس,monster_boss,male,boss,dual_wield,monster_creature,generic_western
spr_02321,data/full_all/02900.png,بنت_عادية,girl_casual,female,npc_civilian,none_visible,human,generic_western
spr_02322,data/full_all/02901.png,فارس_محارب,knight_warrior,male,warrior,shield_tank,human,middle_eastern
spr_02323,data/full_all/02902.png,فارس_محارب,knight_warrior,male,warrior,shield_tank,human,middle_eastern
spr_02324,data/full_all/02903.png,روبوت,robot_mech,not_applicable,mech_unit,tech_gadget,robot_android,generic_western
spr_02325,data/full_all/02904.png,فارس_محارب,knight_warrior,male,warrior,shield_tank,human,middle_eastern
spr_02326,data/full_all/02905.png,سلايم_كتلة,blob_slime,ambiguous,unknown,none_visible,humanoid,generic_western
spr_02327,data/full_all/02906.png,طائر_مجسم,bird_anthro,ambiguous,animal_pet,none_visible,animal_anthro,generic_western
spr_02328,data/full_all/02907.png,طائر_مجسم,bird_anthro,ambiguous,animal_pet,none_visible,animal_anthro,generic_western
spr_02329,data/full_all/02908.png,سلايم_كتلة,blob_slime,ambiguous,unknown,none_visible,humanoid,generic_western
spr_02330,data/full_all/02909.png,سلايم_كتلة,blob_slime,ambiguous,unknown,none_visible,humanoid,generic_western
spr_02331,data/full_all/02910.png,طائر_مجسم,bird_anthro,ambiguous,animal_pet,none_visible,animal_anthro,generic_western
spr_02332,data/full_all/02911.png,بنت_عادية,girl_casual,female,npc_civilian,none_visible,human,east_asian
spr_02333,data/full_all/02912.png,ساحر,mage_caster,female,mage,magic_caster,human,middle_eastern
spr_02334,data/full_all/02913.png,ممرضة_دعم,nurse_support,female,support,none_visible,human,east_asian
spr_02335,data/full_all/02914.png,بنت_عادية,girl_casual,female,npc_civilian,none_visible,human,generic_western
spr_02336,data/full_all/02915.png,حيوان_صغير,animal_critter,ambiguous,animal_pet,none_visible,animal_anthro,generic_western
spr_02337,data/full_all/02916.png,فارس_محارب,knight_warrior,male,warrior,melee_blade,human,middle_eastern
spr_02338,data/full_all/02917.png,كاوبوي,cowboy,male,npc_civilian,none_visible,human,generic_western
spr_02339,data/full_all/02918.png,كائن_وردي,pink_creature,ambiguous,animal_pet,none_visible,animal_anthro,generic_western
spr_02340,data/full_all/02919.png,سلايم_كتلة,blob_slime,ambiguous,unknown,none_visible,humanoid,generic_western
spr_02341,data/full_all/02920.png,طائر_مجسم,bird_anthro,ambiguous,animal_pet,none_visible,animal_anthro,generic_western
spr_02342,data/full_all/02921.png,طائر_مجسم,bird_anthro,ambiguous,animal_pet,none_visible,animal_anthro,generic_western
spr_02343,data/full_all/02922.png,سلايم_كتلة,blob_slime,ambiguous,unknown,none_visible,humanoid,generic_western
spr_02344,data/full_all/02923.png,سلايم_كتلة,blob_slime,ambiguous,unknown,none_visible,humanoid,generic_western
spr_02345,data/full_all/02924.png,طائر_مجسم,bird_anthro,ambiguous,animal_pet,none_visible,animal_anthro,generic_western
spr_02346,data/full_all/02925.png,وحش_بوس,monster_boss,male,boss,dual_wield,monster_creature,generic_western
spr_02347,data/full_all/02926.png,بنت_عادية,girl_casual,female,npc_civilian,none_visible,human,generic_western
spr_02348,data/full_all/02927.png,فارس_محارب,knight_warrior,male,warrior,shield_tank,human,middle_eastern
spr_02349,data/full_all/02928.png,فارس_محارب,knight_warrior,male,warrior,shield_tank,human,middle_eastern
spr_02350,data/full_all/02929.png,روبوت,robot_mech,not_applicable,mech_unit,tech_gadget,robot_android,generic_western
spr_02351,data/full_all/02930.png,فارس_محارب,knight_warrior,male,warrior,shield_tank,human,middle_eastern
spr_02352,data/full_all/02931.png,وحش_بوس,monster_boss,male,boss,dual_wield,monster_creature,generic_western
spr_02353,data/full_all/02932.png,وحش_بوس,monster_boss,male,warrior,dual_wield,monster_creature,generic_western
spr_02354,data/full_all/02933.png,أورك,orc_brute,male,warrior,melee_blade,orc_goblin,generic_western
spr_02355,data/full_all/02934.png,وحش_بوس,monster_boss,male,warrior,dual_wield,monster_creature,generic_western
spr_02356,data/full_all/02935.png,وحش_بوس,monster_boss,male,boss,dual_wield,monster_creature,generic_western
spr_02357,data/full_all/02936.png,أورك,orc_brute,male,warrior,melee_blade,orc_goblin,generic_western
spr_02358,data/full_all/02937.png,وحش_بوس,monster_boss,male,boss,dual_wield,monster_creature,generic_western
spr_02359,data/full_all/02938.png,وحش_بوس,monster_boss,male,warrior,dual_wield,monster_creature,generic_western
spr_02360,data/full_all/02939.png,أورك,orc_brute,male,warrior,melee_blade,orc_goblin,generic_western
spr_02361,data/full_all/02940.png,وحش_بوس,monster_boss,male,warrior,dual_wield,monster_creature,generic_western
spr_02362,data/full_all/02941.png,وحش_بوس,monster_boss,male,boss,dual_wield,monster_creature,generic_western
spr_02363,data/full_all/02942.png,أورك,orc_brute,male,warrior,melee_blade,orc_goblin,generic_western
spr_02364,data/full_all/02943.png,وحش_بوس,monster_boss,male,boss,dual_wield,monster_creature,generic_western
spr_02365,data/full_all/02944.png,وحش_بوس,monster_boss,male,warrior,dual_wield,monster_creature,generic_western
spr_02366,data/full_all/02945.png,أورك,orc_brute,male,warrior,melee_blade,orc_goblin,generic_western
spr_02367,data/full_all/02946.png,وحش_بوس,monster_boss,male,warrior,dual_wield,monster_creature,generic_western
spr_02368,data/full_all/02947.png,وحش_بوس,monster_boss,male,boss,dual_wield,monster_creature,generic_western
spr_02369,data/full_all/02948.png,أورك,orc_brute,male,warrior,melee_blade,orc_goblin,generic_western
spr_02370,data/full_all/02949.png,ممرضة_دعم,nurse_support,female,support,none_visible,human,east_asian
spr_02371,data/full_all/02950.png,بنت_عادية,girl_casual,female,npc_civilian,none_visible,human,generic_western
spr_02372,data/full_all/02951.png,حيوان_صغير,animal_critter,ambiguous,animal_pet,none_visible,animal_anthro,generic_western
spr_02373,data/full_all/02952.png,فارس_محارب,knight_warrior,male,warrior,shield_tank,human,middle_eastern
spr_02374,data/full_all/02953.png,كاوبوي,cowboy,male,npc_civilian,none_visible,human,generic_western
spr_02375,data/full_all/02954.png,حيوان_صغير,animal_critter,ambiguous,animal_pet,none_visible,animal_anthro,generic_western
spr_02376,data/full_all/02955.png,سلايم_كتلة,blob_slime,ambiguous,unknown,none_visible,humanoid,generic_western
spr_02377,data/full_all/02956.png,بورتريه_رأس,head_portrait,ambiguous,unknown,none_visible,human,generic_western
spr_02378,data/full_all/02957.png,سلايم_كتلة,blob_slime,ambiguous,unknown,none_visible,humanoid,generic_western
spr_02379,data/full_all/02958.png,بورتريه_رأس,head_portrait,ambiguous,unknown,none_visible,humanoid,generic_western
spr_02380,data/full_all/02959.png,سلايم_كتلة,blob_slime,ambiguous,unknown,none_visible,humanoid,generic_western
spr_02381,data/full_all/02960.png,سلايم_كتلة,blob_slime,ambiguous,unknown,none_visible,humanoid,generic_western
spr_02382,data/full_all/02961.png,وحش_بوس,monster_boss,male,boss,dual_wield,monster_creature,generic_western
spr_02383,data/full_all/02962.png,بنت_عادية,girl_casual,female,npc_civilian,none_visible,human,generic_western
spr_02384,data/full_all/02963.png,لص_ملثم,rogue_hooded,male,rogue,melee_blade,human,generic_western
spr_02385,data/full_all/02964.png,فارس_محارب,knight_warrior,male,warrior,shield_tank,human,middle_eastern
spr_02386,data/full_all/02965.png,روبوت,robot_mech,not_applicable,mech_unit,tech_gadget,robot_android,generic_western
spr_02387,data/full_all/02966.png,لص_ملثم,rogue_hooded,male,rogue,melee_blade,human,generic_western
spr_02388,data/full_all/02967.png,وحش_بوس,monster_boss,male,boss,dual_wield,monster_creature,generic_western
spr_02389,data/full_all/02968.png,بنت_عادية,girl_casual,female,npc_civilian,none_visible,human,generic_western
spr_02390,data/full_all/02969.png,رامي_قوس,archer,male,archer,ranged_bow,human,middle_eastern
spr_02391,data/full_all/02970.png,بنت_فستان,girl_dress,female,npc_civilian,none_visible,human,middle_eastern
spr_02392,data/full_all/02971.png,كاوبوي,cowboy,male,npc_civilian,none_visible,human,generic_western
spr_02393,data/full_all/02972.png,رامي_قوس,archer,male,archer,ranged_bow,human,middle_eastern
spr_02394,data/full_all/02973.png,كاوبوي,cowboy,male,npc_civilian,none_visible,human,generic_western
spr_02395,data/full_all/02974.png,حيوان_صغير,animal_critter,ambiguous,animal_pet,none_visible,animal_anthro,generic_western
spr_02396,data/full_all/02975.png,كاوبوي,cowboy,male,npc_civilian,none_visible,human,generic_western
spr_02397,data/full_all/02976.png,طباخ_جزار,cook_butcher,male,npc_civilian,none_visible,human,middle_eastern
spr_02398,data/full_all/02977.png,كاوبوي,cowboy,male,npc_civilian,none_visible,human,generic_western
spr_02399,data/full_all/02978.png,كاوبوي,cowboy,male,npc_civilian,none_visible,human,generic_western
spr_02400,data/full_all/02979.png,ممرضة_دعم,nurse_support,female,support,none_visible,human,east_asian
spr_02401,data/full_all/02980.png,كائن_وردي,pink_creature,ambiguous,animal_pet,none_visible,animal_anthro,generic_western
spr_02402,data/full_all/02981.png,ولد_عادي,boy_casual,male,npc_civilian,none_visible,human,generic_western
spr_02403,data/full_all/02982.png,ولد_عادي,boy_casual,male,npc_civilian,none_visible,human,generic_western
spr_02404,data/full_all/02983.png,سلايم_كتلة,blob_slime,ambiguous,unknown,none_visible,humanoid,generic_western
spr_02405,data/full_all/02984.png,ولد_عادي,boy_casual,male,npc_civilian,none_visible,human,generic_western
spr_02406,data/full_all/02985.png,وحش_بوس,monster_boss,male,boss,dual_wield,monster_creature,generic_western
spr_02407,data/full_all/02986.png,ساحر,mage_caster,male,mage,magic_caster,human,middle_eastern
spr_02408,data/full_all/02987.png,ساحر,mage_caster,male,mage,magic_caster,human,middle_eastern
spr_02409,data/full_all/02988.png,بنت_فستان,girl_dress,female,npc_civilian,none_visible,human,middle_eastern
spr_02410,data/full_all/02989.png,ساحر,mage_caster,female,mage,magic_caster,human,generic_western
spr_02411,data/full_all/02990.png,ساحر,mage_caster,male,mage,magic_caster,human,middle_eastern
spr_02412,data/full_all/02991.png,بنت_عادية,girl_casual,female,npc_civilian,none_visible,human,east_asian
spr_02413,data/full_all/02992.png,بنت_عادية,girl_casual,female,npc_civilian,none_visible,human,east_asian
spr_02414,data/full_all/02993.png,بنت_عادية,girl_casual,female,npc_civilian,none_visible,human,east_asian
spr_02415,data/full_all/02994.png,بنت_عادية,girl_casual,female,npc_civilian,none_visible,human,east_asian
spr_02416,data/full_all/02995.png,بنت_عادية,girl_casual,female,npc_civilian,none_visible,human,east_asian
spr_02417,data/full_all/02996.png,بنت_عادية,girl_casual,female,npc_civilian,none_visible,human,east_asian
spr_02418,data/full_all/02997.png,وحش_بوس,monster_boss,male,boss,dual_wield,monster_creature,generic_western
spr_02419,data/full_all/02998.png,سلايم_كتلة,blob_slime,ambiguous,unknown,none_visible,humanoid,generic_western
spr_02420,data/full_all/02999.png,بورتريه_رأس,head_portrait,ambiguous,unknown,none_visible,human,generic_western
spr_02421,data/full_all/03000.png,سلايم_كتلة,blob_slime,ambiguous,unknown,none_visible,humanoid,generic_western
spr_02422,data/full_all/03001.png,سلايم_كتلة,blob_slime,ambiguous,unknown,none_visible,humanoid,generic_western
spr_02423,data/full_all/03002.png,بورتريه_رأس,head_portrait,ambiguous,unknown,none_visible,human,generic_western
spr_02424,data/full_all/03003.png,وحش_بوس,monster_boss,male,boss,dual_wield,monster_creature,generic_western
spr_02425,data/full_all/03004.png,كائن_وردي,pink_creature,ambiguous,animal_pet,none_visible,animal_anthro,generic_western
spr_02426,data/full_all/03005.png,رامي_قوس,archer,male,archer,ranged_bow,human,middle_eastern
spr_02427,data/full_all/03006.png,كائن_وردي,pink_creature,ambiguous,animal_pet,none_visible,animal_anthro,generic_western
spr_02428,data/full_all/03007.png,كاوبوي,cowboy,male,npc_civilian,none_visible,human,generic_western
spr_02429,data/full_all/03008.png,رامي_قوس,archer,male,archer,ranged_bow,human,middle_eastern
spr_02430,data/full_all/03009.png,كاوبوي,cowboy,male,npc_civilian,none_visible,human,generic_western
spr_02431,data/full_all/03010.png,حيوان_صغير,animal_critter,ambiguous,animal_pet,none_visible,animal_anthro,generic_western
spr_02432,data/full_all/03011.png,كاوبوي,cowboy,male,npc_civilian,none_visible,human,generic_western
spr_02433,data/full_all/03012.png,كائن_وردي,pink_creature,ambiguous,animal_pet,none_visible,animal_anthro,generic_western
spr_02434,data/full_all/03013.png,ولد_عادي,boy_casual,male,npc_civilian,none_visible,human,middle_eastern
spr_02435,data/full_all/03014.png,كاوبوي,cowboy,male,npc_civilian,none_visible,human,generic_western
spr_02436,data/full_all/03015.png,وحش_بوس,monster_boss,male,boss,dual_wield,monster_creature,generic_western
spr_02437,data/full_all/03016.png,ساحر,mage_caster,male,mage,magic_caster,human,middle_eastern
spr_02438,data/full_all/03017.png,فارس_محارب,knight_warrior,male,warrior,shield_tank,human,middle_eastern
spr_02439,data/full_all/03018.png,فارس_محارب,knight_warrior,male,warrior,shield_tank,human,middle_eastern
spr_02440,data/full_all/03019.png,وحش_بوس,monster_boss,male,boss,dual_wield,monster_creature,generic_western
spr_02441,data/full_all/03020.png,فارس_محارب,knight_warrior,male,warrior,shield_tank,human,middle_eastern
spr_02442,data/full_all/03021.png,وحش_بوس,monster_boss,male,boss,dual_wield,monster_creature,generic_western
spr_02443,data/full_all/03022.png,ساحر,mage_caster,male,mage,magic_caster,human,middle_eastern
spr_02444,data/full_all/03023.png,فارس_محارب,knight_warrior,male,warrior,shield_tank,human,middle_eastern
spr_02445,data/full_all/03024.png,لص_ملثم,rogue_hooded,male,rogue,melee_blade,human,generic_western
spr_02446,data/full_all/03025.png,وحش_بوس,monster_boss,male,boss,dual_wield,monster_creature,generic_western
spr_02447,data/full_all/03026.png,فارس_محارب,knight_warrior,male,warrior,shield_tank,human,middle_eastern
spr_02448,data/full_all/03027.png,بنت_عادية,girl_casual,female,npc_civilian,none_visible,human,east_asian
spr_02449,data/full_all/03028.png,بنت_عادية,girl_casual,female,npc_civilian,none_visible,human,east_asian
spr_02450,data/full_all/03029.png,طائر_مجسم,bird_anthro,ambiguous,animal_pet,none_visible,animal_anthro,generic_western
spr_02451,data/full_all/03030.png,كائن_وردي,pink_creature,ambiguous,animal_pet,none_visible,animal_anthro,generic_western
spr_02452,data/full_all/03031.png,رداء_أبيض,white_robe,ambiguous,cleric_healer,none_visible,human,generic_western
spr_02453,data/full_all/03032.png,طائر_مجسم,bird_anthro,ambiguous,animal_pet,none_visible,animal_anthro,generic_western
spr_02454,data/full_all/03033.png,سلايم_كتلة,blob_slime,ambiguous,unknown,none_visible,humanoid,generic_western
spr_02455,data/full_all/03034.png,مقاتل_كاراتيه,martial_artist,male,rogue,unarmed,human,east_asian
spr_02456,data/full_all/03035.png,كاوبوي,cowboy,male,npc_civilian,none_visible,human,generic_western
spr_02457,data/full_all/03036.png,كائن_وردي,pink_creature,ambiguous,animal_pet,none_visible,animal_anthro,generic_western
spr_02458,data/full_all/03037.png,رامي_قوس,archer,male,archer,ranged_bow,human,middle_eastern
spr_02459,data/full_all/03038.png,ساحر,mage_caster,female,mage,magic_caster,human,middle_eastern
spr_02460,data/full_all/03039.png,كاوبوي,cowboy,male,npc_civilian,none_visible,human,generic_western
spr_02461,data/full_all/03040.png,رامي_قوس,archer,male,archer,ranged_bow,human,middle_eastern
spr_02462,data/full_all/03041.png,كاوبوي,cowboy,male,npc_civilian,none_visible,human,generic_western
spr_02463,data/full_all/03042.png,كائن_وردي,pink_creature,ambiguous,animal_pet,none_visible,animal_anthro,generic_western
spr_02464,data/full_all/03043.png,رامي_قوس,archer,male,archer,ranged_bow,human,middle_eastern
spr_02465,data/full_all/03044.png,رامي_قوس,archer,male,archer,ranged_bow,human,middle_eastern
spr_02466,data/full_all/03045.png,كاوبوي,cowboy,male,npc_civilian,none_visible,human,generic_western
spr_02467,data/full_all/03046.png,رامي_قوس,archer,male,archer,ranged_bow,human,middle_eastern
spr_02468,data/full_all/03047.png,سلايم_كتلة,blob_slime,ambiguous,unknown,none_visible,humanoid,generic_western
spr_02469,data/full_all/03048.png,وحش_بوس,monster_boss,male,boss,dual_wield,monster_creature,generic_western
spr_02470,data/full_all/03049.png,سلايم_كتلة,blob_slime,ambiguous,unknown,none_visible,humanoid,generic_western
spr_02471,data/full_all/03050.png,بورتريه_رأس,head_portrait,ambiguous,unknown,none_visible,human,generic_western
spr_02472,data/full_all/03051.png,وحش_بوس,monster_boss,male,boss,dual_wield,monster_creature,generic_western
spr_02473,data/full_all/03052.png,سلايم_كتلة,blob_slime,ambiguous,unknown,none_visible,humanoid,generic_western
spr_02474,data/full_all/03053.png,بورتريه_رأس,head_portrait,ambiguous,unknown,none_visible,human,generic_western
spr_02475,data/full_all/03054.png,وحش_بوس,monster_boss,male,boss,dual_wield,monster_creature,generic_western
spr_02476,data/full_all/03055.png,ساحر,mage_caster,male,mage,magic_caster,human,middle_eastern
spr_02477,data/full_all/03056.png,لص_ملثم,rogue_hooded,male,rogue,melee_blade,human,generic_western
spr_02478,data/full_all/03057.png,ساحر,mage_caster,female,mage,magic_caster,human,middle_eastern
spr_02479,data/full_all/03058.png,روبوت,robot_mech,not_applicable,mech_unit,tech_gadget,robot_android,generic_western
spr_02480,data/full_all/03059.png,لص_ملثم,rogue_hooded,male,rogue,melee_blade,human,generic_western
spr_02481,data/full_all/03060.png,وحش_بوس,monster_boss,male,boss,dual_wield,monster_creature,generic_western
spr_02482,data/full_all/03061.png,ساحر,mage_caster,male,mage,magic_caster,human,middle_eastern
spr_02483,data/full_all/03062.png,ساحر,mage_caster,male,mage,magic_caster,human,middle_eastern
spr_02484,data/full_all/03063.png,بنت_فستان,girl_dress,female,npc_civilian,none_visible,human,middle_eastern
spr_02485,data/full_all/03064.png,ساحر,mage_caster,female,mage,magic_caster,human,generic_western
spr_02486,data/full_all/03065.png,ساحر,mage_caster,male,mage,magic_caster,human,middle_eastern
spr_02487,data/full_all/03066.png,سلايم_كتلة,blob_slime,ambiguous,unknown,none_visible,humanoid,generic_western
spr_02488,data/full_all/03067.png,بورتريه_رأس,head_portrait,ambiguous,unknown,none_visible,human,generic_western
spr_02489,data/full_all/03068.png,سلايم_كتلة,blob_slime,ambiguous,unknown,none_visible,humanoid,generic_western
spr_02490,data/full_all/03069.png,بورتريه_رأس,head_portrait,ambiguous,unknown,none_visible,humanoid,generic_western
spr_02491,data/full_all/03070.png,سلايم_كتلة,blob_slime,ambiguous,unknown,none_visible,humanoid,generic_western
spr_02492,data/full_all/03071.png,سلايم_كتلة,blob_slime,ambiguous,unknown,none_visible,humanoid,generic_western
spr_02493,data/full_all/03072.png,وحش_بوس,monster_boss,male,boss,dual_wield,monster_creature,generic_western
spr_02494,data/full_all/03073.png,كائن_وردي,pink_creature,ambiguous,animal_pet,none_visible,animal_anthro,generic_western
spr_02495,data/full_all/03074.png,لص_ملثم,rogue_hooded,male,rogue,melee_blade,human,generic_western
spr_02496,data/full_all/03075.png,فارس_محارب,knight_warrior,male,warrior,melee_blade,human,middle_eastern
spr_02497,data/full_all/03076.png,كاوبوي,cowboy,male,npc_civilian,none_visible,human,generic_western
spr_02498,data/full_all/03077.png,لص_ملثم,rogue_hooded,male,rogue,melee_blade,human,generic_western
spr_02499,data/full_all/03078.png,ممرضة_دعم,nurse_support,female,support,none_visible,human,east_asian
spr_02500,data/full_all/03079.png,بنت_عادية,girl_casual,female,npc_civilian,none_visible,human,generic_western
spr_02501,data/full_all/03080.png,ولد_عادي,boy_casual,male,npc_civilian,none_visible,human,generic_western
spr_02502,data/full_all/03081.png,ولد_عادي,boy_casual,male,npc_civilian,none_visible,human,generic_western
spr_02503,data/full_all/03082.png,سلايم_كتلة,blob_slime,ambiguous,unknown,none_visible,humanoid,generic_western
spr_02504,data/full_all/03083.png,ولد_عادي,boy_casual,male,npc_civilian,none_visible,human,generic_western
spr_02505,data/full_all/03084.png,بورتريه_رأس,head_portrait,ambiguous,unknown,none_visible,humanoid,generic_western
spr_02506,data/full_all/03085.png,طائر_مجسم,bird_anthro,ambiguous,animal_pet,none_visible,animal_anthro,generic_western
spr_02507,data/full_all/03086.png,هيكل_عظمي,skeleton_undead,not_applicable,mob_enemy,none_visible,undead,generic_western
spr_02508,data/full_all/03087.png,طائر_مجسم,bird_anthro,ambiguous,animal_pet,none_visible,animal_anthro,generic_western
spr_02509,data/full_all/03088.png,كاوبوي,cowboy,male,npc_civilian,none_visible,human,generic_western
spr_02510,data/full_all/03089.png,كاوبوي,cowboy,male,npc_civilian,none_visible,human,generic_western
spr_02511,data/full_all/03090.png,مقاتل_كاراتيه,martial_artist,male,rogue,unarmed,human,east_asian
spr_02512,data/full_all/03091.png,كاوبوي,cowboy,male,npc_civilian,none_visible,human,generic_western
spr_02513,data/full_all/03092.png,حيوان_صغير,animal_critter,ambiguous,animal_pet,none_visible,animal_anthro,generic_western
spr_02514,data/full_all/03093.png,كاوبوي,cowboy,male,npc_civilian,none_visible,human,generic_western
spr_02515,data/full_all/03094.png,طباخ_جزار,cook_butcher,male,npc_civilian,none_visible,human,middle_eastern
spr_02516,data/full_all/03095.png,ولد_عادي,boy_casual,male,npc_civilian,none_visible,human,middle_eastern
spr_02517,data/full_all/03096.png,كاوبوي,cowboy,male,npc_civilian,none_visible,human,generic_western
spr_02518,data/full_all/03097.png,طائر_مجسم,bird_anthro,ambiguous,animal_pet,none_visible,animal_anthro,generic_western
spr_02519,data/full_all/03098.png,وحش_بوس,monster_boss,male,boss,dual_wield,monster_creature,generic_western
spr_02520,data/full_all/03099.png,سلايم_كتلة,blob_slime,ambiguous,unknown,none_visible,humanoid,generic_western
spr_02521,data/full_all/03100.png,بورتريه_رأس,head_portrait,ambiguous,unknown,none_visible,human,generic_western
spr_02522,data/full_all/03101.png,وحش_بوس,monster_boss,male,boss,dual_wield,monster_creature,generic_western
spr_02523,data/full_all/03102.png,سلايم_كتلة,blob_slime,ambiguous,unknown,none_visible,humanoid,generic_western
spr_02524,data/full_all/03103.png,بورتريه_رأس,head_portrait,ambiguous,unknown,none_visible,human,generic_western
spr_02525,data/full_all/03104.png,وحش_بوس,monster_boss,male,boss,dual_wield,monster_creature,generic_western
spr_02526,data/full_all/03105.png,ساحر,mage_caster,male,mage,magic_caster,human,middle_eastern
spr_02527,data/full_all/03106.png,فارس_محارب,knight_warrior,male,warrior,shield_tank,human,middle_eastern
spr_02528,data/full_all/03107.png,لص_ملثم,rogue_hooded,male,rogue,melee_blade,human,generic_western
spr_02529,data/full_all/03108.png,وحش_بوس,monster_boss,male,boss,dual_wield,monster_creature,generic_western
spr_02530,data/full_all/03109.png,فارس_محارب,knight_warrior,male,warrior,shield_tank,human,middle_eastern
spr_02531,data/full_all/03110.png,وحش_بوس,monster_boss,male,boss,dual_wield,monster_creature,generic_western
spr_02532,data/full_all/03111.png,ساحر,mage_caster,male,mage,magic_caster,human,middle_eastern
spr_02533,data/full_all/03112.png,ساحر,mage_caster,male,mage,magic_caster,human,middle_eastern
spr_02534,data/full_all/03113.png,بنت_فستان,girl_dress,female,npc_civilian,none_visible,human,middle_eastern
spr_02535,data/full_all/03114.png,ساحر,mage_caster,female,mage,magic_caster,human,generic_western
spr_02536,data/full_all/03115.png,ساحر,mage_caster,male,mage,magic_caster,human,middle_eastern
spr_02537,data/full_all/03116.png,وحش_بوس,monster_boss,male,boss,dual_wield,monster_creature,generic_western
spr_02538,data/full_all/03117.png,بنت_عادية,girl_casual,female,npc_civilian,none_visible,human,generic_western
spr_02539,data/full_all/03118.png,رامي_قوس,archer,male,archer,ranged_bow,human,middle_eastern
spr_02540,data/full_all/03119.png,رامي_قوس,archer,male,archer,ranged_bow,human,middle_eastern
spr_02541,data/full_all/03120.png,كاوبوي,cowboy,male,npc_civilian,none_visible,human,generic_western
spr_02542,data/full_all/03121.png,رامي_قوس,archer,male,archer,ranged_bow,human,middle_eastern
spr_02543,data/full_all/03122.png,طباخ_جزار,cook_butcher,male,npc_civilian,none_visible,human,middle_eastern
spr_02544,data/full_all/03123.png,طائر_مجسم,bird_anthro,ambiguous,animal_pet,none_visible,animal_anthro,generic_western
spr_02545,data/full_all/03124.png,بنت_فستان,girl_dress,female,npc_civilian,none_visible,human,middle_eastern
spr_02546,data/full_all/03125.png,ممرضة_دعم,nurse_support,female,support,none_visible,human,east_asian
spr_02547,data/full_all/03126.png,بنت_عادية,girl_casual,female,npc_civilian,none_visible,human,generic_western
spr_02548,data/full_all/03127.png,ولد_عادي,boy_casual,male,npc_civilian,none_visible,human,generic_western
spr_02549,data/full_all/03128.png,ولد_عادي,boy_casual,male,npc_civilian,none_visible,human,generic_western
spr_02550,data/full_all/03129.png,سلايم_كتلة,blob_slime,ambiguous,unknown,none_visible,humanoid,generic_western
spr_02551,data/full_all/03130.png,ولد_عادي,boy_casual,male,npc_civilian,none_visible,human,generic_western
spr_02552,data/full_all/03131.png,وحش_بوس,monster_boss,male,boss,dual_wield,monster_creature,generic_western
spr_02553,data/full_all/03132.png,ساحر,mage_caster,male,mage,magic_caster,human,middle_eastern
spr_02554,data/full_all/03133.png,بنت_عادية,girl_casual,female,npc_civilian,none_visible,human,generic_western
spr_02555,data/full_all/03134.png,بطة_مجسمة,duck_anthro,ambiguous,animal_pet,none_visible,animal_anthro,generic_western
spr_02556,data/full_all/03135.png,كاوبوي,cowboy,male,npc_civilian,none_visible,human,generic_western
spr_02557,data/full_all/03136.png,بنت_عادية,girl_casual,female,npc_civilian,none_visible,human,generic_western
spr_02558,data/full_all/03137.png,كاوبوي,cowboy,male,npc_civilian,none_visible,human,generic_western
spr_02559,data/full_all/03138.png,رامي_قوس,archer,male,archer,ranged_bow,human,middle_eastern
spr_02560,data/full_all/03139.png,مقاتل_كاراتيه,martial_artist,male,rogue,unarmed,human,east_asian
spr_02561,data/full_all/03140.png,طائر_مجسم,bird_anthro,ambiguous,animal_pet,none_visible,animal_anthro,generic_western
spr_02562,data/full_all/03141.png,طائر_مجسم,bird_anthro,ambiguous,animal_pet,none_visible,animal_anthro,generic_western
spr_02563,data/full_all/03142.png,مقاتل_كاراتيه,martial_artist,male,rogue,unarmed,human,east_asian
spr_02564,data/full_all/03143.png,طائر_مجسم,bird_anthro,ambiguous,animal_pet,none_visible,animal_anthro,generic_western
spr_02565,data/full_all/03144.png,طائر_مجسم,bird_anthro,ambiguous,animal_pet,none_visible,animal_anthro,generic_western
spr_02566,data/full_all/03145.png,كاوبوي,cowboy,male,npc_civilian,none_visible,human,generic_western
spr_02567,data/full_all/03146.png,هيكل_عظمي,skeleton_undead,not_applicable,mob_enemy,none_visible,undead,generic_western
spr_02568,data/full_all/03147.png,طائر_مجسم,bird_anthro,ambiguous,animal_pet,none_visible,animal_anthro,generic_western
spr_02569,data/full_all/03148.png,سلايم_كتلة,blob_slime,ambiguous,unknown,none_visible,humanoid,generic_western
spr_02570,data/full_all/03149.png,كاوبوي,cowboy,male,npc_civilian,none_visible,human,generic_western
spr_02571,data/full_all/03150.png,طائر_مجسم,bird_anthro,ambiguous,animal_pet,none_visible,animal_anthro,generic_western
spr_02572,data/full_all/03151.png,طائر_مجسم,bird_anthro,ambiguous,animal_pet,none_visible,animal_anthro,generic_western
spr_02573,data/full_all/03152.png,كاوبوي,cowboy,male,npc_civilian,none_visible,human,generic_western
spr_02574,data/full_all/03153.png,كائن_وردي,pink_creature,ambiguous,animal_pet,none_visible,animal_anthro,generic_western
spr_02575,data/full_all/03154.png,مقاتل_كاراتيه,martial_artist,male,rogue,unarmed,human,east_asian
spr_02576,data/full_all/03155.png,طائر_مجسم,bird_anthro,ambiguous,animal_pet,none_visible,animal_anthro,generic_western
spr_02577,data/full_all/03156.png,كاوبوي,cowboy,male,npc_civilian,none_visible,human,generic_western
spr_02578,data/full_all/03157.png,رامي_قوس,archer,male,archer,ranged_bow,human,middle_eastern
spr_02579,data/full_all/03158.png,كاوبوي,cowboy,male,npc_civilian,none_visible,human,generic_western
spr_02580,data/full_all/03159.png,كائن_وردي,pink_creature,ambiguous,animal_pet,none_visible,animal_anthro,generic_western
spr_02581,data/full_all/03160.png,مقاتل_كاراتيه,martial_artist,male,rogue,unarmed,human,east_asian
spr_02582,data/full_all/03161.png,رداء_أبيض,white_robe,ambiguous,cleric_healer,none_visible,human,generic_western
spr_02583,data/full_all/03162.png,كاوبوي,cowboy,male,npc_civilian,none_visible,human,generic_western
spr_02584,data/full_all/03163.png,مقاتل_كاراتيه,martial_artist,male,rogue,unarmed,human,east_asian
spr_02585,data/full_all/03164.png,ممرضة_دعم,nurse_support,female,support,none_visible,human,east_asian
spr_02586,data/full_all/03165.png,ساحر,mage_caster,male,mage,magic_caster,human,middle_eastern
spr_02587,data/full_all/03166.png,ساحر,mage_caster,male,mage,magic_caster,human,middle_eastern
spr_02588,data/full_all/03167.png,ساحر,mage_caster,male,mage,magic_caster,human,middle_eastern
spr_02589,data/full_all/03168.png,ساحر,mage_caster,female,mage,magic_caster,human,generic_western
spr_02590,data/full_all/03169.png,ساحر,mage_caster,male,mage,magic_caster,human,middle_eastern
spr_02591,data/full_all/03170.png,فارس_محارب,knight_warrior,male,warrior,melee_blade,human,middle_eastern
spr_02592,data/full_all/03171.png,وحش_بوس,monster_boss,male,boss,dual_wield,monster_creature,generic_western
spr_02593,data/full_all/03172.png,ساحر,mage_caster,male,mage,magic_caster,human,middle_eastern
spr_02594,data/full_all/03173.png,فارس_محارب,knight_warrior,male,warrior,shield_tank,human,middle_eastern
spr_02595,data/full_all/03174.png,رامي_قوس,archer,male,archer,ranged_bow,human,middle_eastern
spr_02596,data/full_all/03175.png,روبوت,robot_mech,not_applicable,mech_unit,tech_gadget,robot_android,generic_western
spr_02597,data/full_all/03176.png,فارس_محارب,knight_warrior,male,warrior,shield_tank,human,middle_eastern
spr_02598,data/full_all/03177.png,ممرضة_دعم,nurse_support,female,support,none_visible,human,east_asian
spr_02599,data/full_all/03178.png,بنت_عادية,girl_casual,female,npc_civilian,none_visible,human,generic_western
spr_02600,data/full_all/03179.png,ولد_عادي,boy_casual,male,npc_civilian,none_visible,human,generic_western
spr_02601,data/full_all/03180.png,ولد_عادي,boy_casual,male,npc_civilian,none_visible,human,generic_western
spr_02602,data/full_all/03181.png,وحش_بوس,monster_boss,male,boss,dual_wield,monster_creature,generic_western
spr_02603,data/full_all/03182.png,بنت_عادية,girl_casual,female,npc_civilian,none_visible,human,generic_western
spr_02604,data/full_all/03183.png,وحش_بوس,monster_boss,male,boss,dual_wield,monster_creature,generic_western
spr_02605,data/full_all/03184.png,ساحر,mage_caster,male,mage,magic_caster,human,middle_eastern
spr_02606,data/full_all/03185.png,ساحر,mage_caster,male,mage,magic_caster,human,middle_eastern
spr_02607,data/full_all/03186.png,ساحر,mage_caster,male,mage,magic_caster,human,middle_eastern
spr_02608,data/full_all/03187.png,ساحر,mage_caster,female,mage,magic_caster,human,generic_western
spr_02609,data/full_all/03188.png,ساحر,mage_caster,male,mage,magic_caster,human,middle_eastern
spr_02610,data/full_all/03189.png,ممرضة_دعم,nurse_support,female,support,none_visible,human,east_asian
spr_02611,data/full_all/03190.png,ساحر,mage_caster,male,mage,magic_caster,human,middle_eastern
spr_02612,data/full_all/03191.png,رامي_قوس,archer,male,archer,ranged_bow,human,middle_eastern
spr_02613,data/full_all/03192.png,فارس_محارب,knight_warrior,male,warrior,shield_tank,human,middle_eastern
spr_02614,data/full_all/03193.png,كاوبوي,cowboy,male,npc_civilian,none_visible,human,generic_western
spr_02615,data/full_all/03194.png,رامي_قوس,archer,male,archer,ranged_bow,human,middle_eastern
spr_02616,data/full_all/03195.png,روبوت,robot_mech,not_applicable,mech_unit,tech_gadget,robot_android,generic_western
spr_02617,data/full_all/03196.png,روبوت,robot_mech,not_applicable,mech_unit,tech_gadget,robot_android,generic_western
spr_02618,data/full_all/03197.png,روبوت,robot_mech,not_applicable,mech_unit,tech_gadget,robot_android,generic_western
spr_02619,data/full_all/03198.png,روبوت,robot_mech,not_applicable,mech_unit,tech_gadget,robot_android,generic_western
spr_02620,data/full_all/03199.png,روبوت,robot_mech,not_applicable,mech_unit,tech_gadget,robot_android,generic_western
spr_02621,data/full_all/03200.png,روبوت,robot_mech,not_applicable,mech_unit,tech_gadget,robot_android,generic_western
spr_02622,data/full_all/03201.png,ساحر,mage_caster,male,mage,magic_caster,human,middle_eastern
spr_02623,data/full_all/03202.png,ممرضة_دعم,nurse_support,female,support,none_visible,human,east_asian
spr_02624,data/full_all/03203.png,بنت_عادية,girl_casual,female,npc_civilian,none_visible,human,generic_western
spr_02625,data/full_all/03204.png,حيوان_صغير,animal_critter,ambiguous,animal_pet,none_visible,animal_anthro,generic_western
spr_02626,data/full_all/03205.png,ولد_عادي,boy_casual,male,npc_civilian,none_visible,human,generic_western
spr_02627,data/full_all/03206.png,وحش_بوس,monster_boss,male,boss,dual_wield,monster_creature,generic_western
spr_02628,data/full_all/03207.png,حيوان_صغير,animal_critter,ambiguous,animal_pet,none_visible,animal_anthro,generic_western
spr_02629,data/full_all/03208.png,كاوبوي,cowboy,male,npc_civilian,none_visible,human,generic_western
spr_02630,data/full_all/03209.png,طائر_مجسم,bird_anthro,ambiguous,animal_pet,none_visible,animal_anthro,generic_western
spr_02631,data/full_all/03210.png,وحش_بوس,monster_boss,male,boss,dual_wield,monster_creature,generic_western
spr_02632,data/full_all/03211.png,ساحر,mage_caster,male,mage,magic_caster,human,middle_eastern
spr_02633,data/full_all/03212.png,طباخ_جزار,cook_butcher,male,npc_civilian,none_visible,human,middle_eastern
spr_02634,data/full_all/03213.png,طباخ_جزار,cook_butcher,male,npc_civilian,none_visible,human,middle_eastern
spr_02635,data/full_all/03214.png,ساحر,mage_caster,female,mage,magic_caster,human,generic_western
spr_02636,data/full_all/03215.png,طباخ_جزار,cook_butcher,male,npc_civilian,none_visible,human,middle_eastern
spr_02637,data/full_all/03216.png,وحش_بوس,monster_boss,male,boss,dual_wield,monster_creature,generic_western
spr_02638,data/full_all/03217.png,وحش_بوس,monster_boss,male,warrior,dual_wield,monster_creature,generic_western
spr_02639,data/full_all/03218.png,طباخ_جزار,cook_butcher,male,npc_civilian,none_visible,human,middle_eastern
spr_02640,data/full_all/03219.png,طباخ_جزار,cook_butcher,male,npc_civilian,none_visible,human,middle_eastern
spr_02641,data/full_all/03220.png,وحش_بوس,monster_boss,male,boss,dual_wield,monster_creature,generic_western
spr_02642,data/full_all/03221.png,طباخ_جزار,cook_butcher,male,npc_civilian,none_visible,human,middle_eastern
spr_02643,data/full_all/03222.png,كاوبوي,cowboy,male,npc_civilian,none_visible,human,generic_western
spr_02644,data/full_all/03223.png,رامي_قوس,archer,male,archer,ranged_bow,human,middle_eastern
spr_02645,data/full_all/03224.png,مقاتل_كاراتيه,martial_artist,male,rogue,unarmed,human,east_asian
spr_02646,data/full_all/03225.png,رداء_أبيض,white_robe,ambiguous,cleric_healer,none_visible,human,generic_western
spr_02647,data/full_all/03226.png,كاوبوي,cowboy,male,npc_civilian,none_visible,human,generic_western
spr_02648,data/full_all/03227.png,مقاتل_كاراتيه,martial_artist,male,rogue,unarmed,human,east_asian
spr_02649,data/full_all/03228.png,وحش_بوس,monster_boss,male,boss,dual_wield,monster_creature,generic_western
spr_02650,data/full_all/03229.png,ساحر,mage_caster,male,mage,magic_caster,human,middle_eastern
spr_02651,data/full_all/03230.png,رامي_قوس,archer,male,archer,ranged_bow,human,middle_eastern
spr_02652,data/full_all/03231.png,بنت_فستان,girl_dress,female,npc_civilian,none_visible,human,middle_eastern
spr_02653,data/full_all/03232.png,كاوبوي,cowboy,male,npc_civilian,none_visible,human,generic_western
spr_02654,data/full_all/03233.png,رامي_قوس,archer,male,archer,ranged_bow,human,middle_eastern
spr_02655,data/full_all/03234.png,طائر_مجسم,bird_anthro,ambiguous,animal_pet,none_visible,animal_anthro,generic_western
spr_02656,data/full_all/03235.png,طائر_مجسم,bird_anthro,ambiguous,animal_pet,none_visible,animal_anthro,generic_western
spr_02657,data/full_all/03236.png,وحش_بوس,monster_boss,male,boss,dual_wield,monster_creature,generic_western
spr_02658,data/full_all/03237.png,ساحر,mage_caster,male,mage,magic_caster,human,middle_eastern
spr_02659,data/full_all/03238.png,ساحر,mage_caster,male,mage,magic_caster,human,middle_eastern
spr_02660,data/full_all/03239.png,بنت_فستان,girl_dress,female,npc_civilian,none_visible,human,middle_eastern
spr_02661,data/full_all/03240.png,ساحر,mage_caster,female,mage,magic_caster,human,generic_western
spr_02662,data/full_all/03241.png,ساحر,mage_caster,male,mage,magic_caster,human,middle_eastern
spr_02663,data/full_all/03242.png,وحش_بوس,monster_boss,male,boss,dual_wield,monster_creature,generic_western
spr_02664,data/full_all/03243.png,ساحر,mage_caster,male,mage,magic_caster,human,middle_eastern
spr_02665,data/full_all/03244.png,لص_ملثم,rogue_hooded,male,rogue,melee_blade,human,generic_western
spr_02666,data/full_all/03245.png,فارس_محارب,knight_warrior,male,warrior,shield_tank,human,middle_eastern
spr_02667,data/full_all/03246.png,سلايم_كتلة,blob_slime,ambiguous,unknown,none_visible,humanoid,generic_western
spr_02668,data/full_all/03247.png,لص_ملثم,rogue_hooded,male,rogue,melee_blade,human,generic_western
spr_02669,data/full_all/03248.png,وحش_بوس,monster_boss,male,boss,dual_wield,monster_creature,generic_western
spr_02670,data/full_all/03249.png,بنت_عادية,girl_casual,female,npc_civilian,none_visible,human,generic_western
spr_02671,data/full_all/03250.png,لص_ملثم,rogue_hooded,male,rogue,melee_blade,human,generic_western
spr_02672,data/full_all/03251.png,فارس_محارب,knight_warrior,male,warrior,shield_tank,human,middle_eastern
spr_02673,data/full_all/03252.png,سلايم_كتلة,blob_slime,ambiguous,unknown,none_visible,humanoid,generic_western
spr_02674,data/full_all/03253.png,بنت_عادية,girl_casual,female,npc_civilian,none_visible,human,generic_western
spr_02675,data/full_all/03254.png,وحش_بوس,monster_boss,male,boss,dual_wield,monster_creature,generic_western
spr_02676,data/full_all/03255.png,ساحر,mage_caster,male,mage,magic_caster,human,middle_eastern
spr_02677,data/full_all/03256.png,ساحر,mage_caster,male,mage,magic_caster,human,middle_eastern
spr_02678,data/full_all/03257.png,فارس_محارب,knight_warrior,male,warrior,shield_tank,human,middle_eastern
spr_02679,data/full_all/03258.png,ساحر,mage_caster,female,mage,magic_caster,human,generic_western
spr_02680,data/full_all/03259.png,ساحر,mage_caster,male,mage,magic_caster,human,middle_eastern
spr_02681,data/full_all/03260.png,رامي_قوس,archer,male,archer,ranged_bow,human,middle_eastern
spr_02682,data/full_all/03261.png,روبوت,robot_mech,not_applicable,mech_unit,tech_gadget,robot_android,generic_western
spr_02683,data/full_all/03262.png,روبوت,robot_mech,not_applicable,mech_unit,tech_gadget,robot_android,generic_western
spr_02684,data/full_all/03263.png,روبوت,robot_mech,not_applicable,mech_unit,tech_gadget,robot_android,generic_western
spr_02685,data/full_all/03264.png,روبوت,robot_mech,not_applicable,mech_unit,tech_gadget,robot_android,generic_western
spr_02686,data/full_all/03265.png,روبوت,robot_mech,not_applicable,mech_unit,tech_gadget,robot_android,generic_western
spr_02687,data/full_all/03266.png,روبوت,robot_mech,not_applicable,mech_unit,tech_gadget,robot_android,generic_western
spr_02688,data/full_all/03267.png,كاوبوي,cowboy,male,npc_civilian,none_visible,human,generic_western
spr_02689,data/full_all/03268.png,كائن_وردي,pink_creature,ambiguous,animal_pet,none_visible,animal_anthro,generic_western
spr_02690,data/full_all/03269.png,مقاتل_كاراتيه,martial_artist,male,rogue,unarmed,human,east_asian
spr_02691,data/full_all/03270.png,رامي_قوس,archer,male,archer,ranged_bow,human,middle_eastern
spr_02692,data/full_all/03271.png,كاوبوي,cowboy,male,npc_civilian,none_visible,human,generic_western
spr_02693,data/full_all/03272.png,رامي_قوس,archer,male,archer,ranged_bow,human,middle_eastern
spr_02694,data/full_all/03273.png,وحش_بوس,monster_boss,male,boss,dual_wield,monster_creature,generic_western
spr_02695,data/full_all/03274.png,ساحر,mage_caster,male,mage,magic_caster,human,middle_eastern
spr_02696,data/full_all/03275.png,ساحر,mage_caster,male,mage,magic_caster,human,middle_eastern
spr_02697,data/full_all/03276.png,ساحر,mage_caster,male,mage,magic_caster,human,middle_eastern
spr_02698,data/full_all/03277.png,ساحر,mage_caster,female,mage,magic_caster,human,generic_western
spr_02699,data/full_all/03278.png,طباخ_جزار,cook_butcher,male,npc_civilian,none_visible,human,middle_eastern
spr_02700,data/full_all/03279.png,وحش_بوس,monster_boss,male,boss,dual_wield,monster_creature,generic_western
spr_02701,data/full_all/03280.png,ساحر,mage_caster,male,mage,magic_caster,human,middle_eastern
spr_02702,data/full_all/03281.png,طباخ_جزار,cook_butcher,male,npc_civilian,none_visible,human,middle_eastern
spr_02703,data/full_all/03282.png,طباخ_جزار,cook_butcher,male,npc_civilian,none_visible,human,middle_eastern
spr_02704,data/full_all/03283.png,ساحر,mage_caster,female,mage,magic_caster,human,generic_western
spr_02705,data/full_all/03284.png,طباخ_جزار,cook_butcher,male,npc_civilian,none_visible,human,middle_eastern
spr_02706,data/full_all/03285.png,ساحر,mage_caster,male,mage,magic_caster,human,middle_eastern
spr_02707,data/full_all/03286.png,بطة_مجسمة,duck_anthro,ambiguous,animal_pet,none_visible,animal_anthro,generic_western
spr_02708,data/full_all/03287.png,سلايم_كتلة,blob_slime,ambiguous,unknown,none_visible,humanoid,generic_western
spr_02709,data/full_all/03288.png,ساحر,mage_caster,female,mage,magic_caster,human,middle_eastern
spr_02710,data/full_all/03289.png,طائر_مجسم,bird_anthro,ambiguous,animal_pet,none_visible,animal_anthro,generic_western
spr_02711,data/full_all/03290.png,ساحر,mage_caster,female,mage,magic_caster,human,middle_eastern
spr_02712,data/full_all/03291.png,طباخ_جزار,cook_butcher,male,npc_civilian,none_visible,human,middle_eastern
spr_02713,data/full_all/03292.png,ممرضة_دعم,nurse_support,female,support,none_visible,human,east_asian
spr_02714,data/full_all/03293.png,ساحر,mage_caster,male,mage,magic_caster,human,middle_eastern
spr_02715,data/full_all/03294.png,حيوان_صغير,animal_critter,ambiguous,animal_pet,none_visible,animal_anthro,generic_western
spr_02716,data/full_all/03295.png,ولد_عادي,boy_casual,male,npc_civilian,none_visible,human,generic_western
spr_02717,data/full_all/03296.png,وحش_بوس,monster_boss,male,boss,dual_wield,monster_creature,generic_western
spr_02718,data/full_all/03297.png,حيوان_صغير,animal_critter,ambiguous,animal_pet,none_visible,animal_anthro,generic_western
spr_02719,data/full_all/03298.png,طائر_مجسم,bird_anthro,ambiguous,animal_pet,none_visible,animal_anthro,generic_western
spr_02720,data/full_all/03299.png,سلايم_كتلة,blob_slime,ambiguous,unknown,none_visible,humanoid,generic_western
spr_02721,data/full_all/03300.png,وحش_بوس,monster_boss,male,boss,dual_wield,monster_creature,generic_western
spr_02722,data/full_all/03301.png,ساحر,mage_caster,male,mage,magic_caster,human,middle_eastern
spr_02723,data/full_all/03302.png,لص_ملثم,rogue_hooded,male,rogue,melee_blade,human,generic_western
spr_02724,data/full_all/03303.png,فارس_محارب,knight_warrior,male,warrior,shield_tank,human,middle_eastern
spr_02725,data/full_all/03304.png,سلايم_كتلة,blob_slime,ambiguous,unknown,none_visible,humanoid,generic_western
spr_02726,data/full_all/03305.png,لص_ملثم,rogue_hooded,male,rogue,melee_blade,human,generic_western
spr_02727,data/full_all/03306.png,سلايم_كتلة,blob_slime,ambiguous,unknown,none_visible,humanoid,generic_western
spr_02728,data/full_all/03307.png,ممرضة_دعم,nurse_support,female,support,none_visible,human,east_asian
spr_02729,data/full_all/03308.png,ساحر,mage_caster,male,mage,magic_caster,human,middle_eastern
spr_02730,data/full_all/03309.png,رامي_قوس,archer,male,archer,ranged_bow,human,middle_eastern
spr_02731,data/full_all/03310.png,بطة_مجسمة,duck_anthro,ambiguous,animal_pet,none_visible,animal_anthro,generic_western
spr_02732,data/full_all/03311.png,كاوبوي,cowboy,male,npc_civilian,none_visible,human,generic_western
spr_02733,data/full_all/03312.png,رامي_قوس,archer,male,archer,ranged_bow,human,middle_eastern
spr_02734,data/full_all/03313.png,طائر_مجسم,bird_anthro,ambiguous,animal_pet,none_visible,animal_anthro,generic_western
spr_02735,data/full_all/03314.png,سلايم_كتلة,blob_slime,ambiguous,unknown,none_visible,humanoid,generic_western
spr_02736,data/full_all/03315.png,طائر_مجسم,bird_anthro,ambiguous,animal_pet,none_visible,animal_anthro,generic_western
spr_02737,data/full_all/03316.png,رداء_أبيض,white_robe,ambiguous,cleric_healer,none_visible,human,generic_western
spr_02738,data/full_all/03317.png,ممرضة_دعم,nurse_support,female,support,none_visible,human,east_asian
spr_02739,data/full_all/03318.png,بنت_عادية,girl_casual,female,npc_civilian,none_visible,human,generic_western
spr_02740,data/full_all/03319.png,ولد_عادي,boy_casual,male,npc_civilian,none_visible,human,generic_western
spr_02741,data/full_all/03320.png,ولد_عادي,boy_casual,male,npc_civilian,none_visible,human,generic_western
spr_02742,data/full_all/03321.png,سلايم_كتلة,blob_slime,ambiguous,unknown,none_visible,humanoid,generic_western
spr_02743,data/full_all/03322.png,بنت_عادية,girl_casual,female,npc_civilian,none_visible,human,generic_western
spr_02744,data/full_all/03323.png,ممرضة_دعم,nurse_support,female,support,none_visible,human,east_asian
spr_02745,data/full_all/03324.png,بنت_عادية,girl_casual,female,npc_civilian,none_visible,human,generic_western
spr_02746,data/full_all/03325.png,ولد_عادي,boy_casual,male,npc_civilian,none_visible,human,generic_western
spr_02747,data/full_all/03326.png,بنت_عادية,girl_casual,female,npc_civilian,none_visible,human,generic_western
spr_02748,data/full_all/03327.png,سلايم_كتلة,blob_slime,ambiguous,unknown,none_visible,humanoid,generic_western
spr_02749,data/full_all/03328.png,بنت_عادية,girl_casual,female,npc_civilian,none_visible,human,generic_western
spr_02750,data/full_all/03329.png,وحش_بوس,monster_boss,male,boss,dual_wield,monster_creature,generic_western
spr_02751,data/full_all/03330.png,ساحر,mage_caster,male,mage,magic_caster,human,middle_eastern
spr_02752,data/full_all/03331.png,ساحر,mage_caster,male,mage,magic_caster,human,middle_eastern
spr_02753,data/full_all/03332.png,ساحر,mage_caster,male,mage,magic_caster,human,middle_eastern
spr_02754,data/full_all/03333.png,ساحر,mage_caster,female,mage,magic_caster,human,generic_western
spr_02755,data/full_all/03334.png,ساحر,mage_caster,male,mage,magic_caster,human,middle_eastern
spr_02756,data/full_all/03335.png,روبوت,robot_mech,not_applicable,mech_unit,tech_gadget,robot_android,generic_western
spr_02757,data/full_all/03336.png,روبوت,robot_mech,not_applicable,mech_unit,tech_gadget,robot_android,generic_western
spr_02758,data/full_all/03337.png,روبوت,robot_mech,not_applicable,mech_unit,tech_gadget,robot_android,generic_western
spr_02759,data/full_all/03338.png,روبوت,robot_mech,not_applicable,mech_unit,tech_gadget,robot_android,generic_western
spr_02760,data/full_all/03339.png,روبوت,robot_mech,not_applicable,mech_unit,tech_gadget,robot_android,generic_western
spr_02761,data/full_all/03340.png,روبوت,robot_mech,not_applicable,mech_unit,tech_gadget,robot_android,generic_western
spr_02762,data/full_all/03341.png,ساحر,mage_caster,male,mage,magic_caster,human,middle_eastern
spr_02763,data/full_all/03342.png,طائر_مجسم,bird_anthro,ambiguous,animal_pet,none_visible,animal_anthro,generic_western
spr_02764,data/full_all/03343.png,طائر_مجسم,bird_anthro,ambiguous,animal_pet,none_visible,animal_anthro,generic_western
spr_02765,data/full_all/03344.png,سلايم_كتلة,blob_slime,ambiguous,unknown,none_visible,humanoid,generic_western
spr_02766,data/full_all/03345.png,طائر_مجسم,bird_anthro,ambiguous,animal_pet,none_visible,animal_anthro,generic_western
spr_02767,data/full_all/03346.png,بنت_فستان,girl_dress,female,npc_civilian,none_visible,human,middle_eastern
spr_02768,data/full_all/03347.png,طائر_مجسم,bird_anthro,ambiguous,animal_pet,none_visible,animal_anthro,generic_western
spr_02769,data/full_all/03348.png,رامي_قوس,archer,male,archer,ranged_bow,human,middle_eastern
spr_02770,data/full_all/03349.png,فارس_محارب,knight_warrior,male,warrior,shield_tank,human,middle_eastern
spr_02771,data/full_all/03350.png,فارس_محارب,knight_warrior,male,warrior,shield_tank,human,middle_eastern
spr_02772,data/full_all/03351.png,ساحر,mage_caster,male,mage,magic_caster,human,middle_eastern
spr_02773,data/full_all/03352.png,ولد_عادي,boy_casual,male,npc_civilian,none_visible,human,generic_western
spr_02774,data/full_all/03353.png,فارس_محارب,knight_warrior,male,warrior,melee_blade,human,middle_eastern
spr_02775,data/full_all/03354.png,فارس_محارب,knight_warrior,male,warrior,melee_blade,human,middle_eastern
spr_02776,data/full_all/03355.png,رامي_قوس,archer,male,archer,ranged_bow,human,middle_eastern
spr_02777,data/full_all/03356.png,فارس_محارب,knight_warrior,male,warrior,melee_blade,human,middle_eastern
spr_02778,data/full_all/03357.png,فارس_محارب,knight_warrior,male,warrior,melee_blade,human,middle_eastern
spr_02779,data/full_all/03358.png,فارس_محارب,knight_warrior,male,warrior,melee_blade,human,middle_eastern
spr_02780,data/full_all/03359.png,فارس_محارب,knight_warrior,male,warrior,melee_blade,human,middle_eastern
spr_02781,data/full_all/03360.png,فارس_محارب,knight_warrior,male,warrior,melee_blade,human,middle_eastern
spr_02782,data/full_all/03361.png,تاجر,shopkeeper,male,npc_civilian,none_visible,human,middle_eastern
spr_02783,data/full_all/03362.png,فارس_محارب,knight_warrior,male,warrior,melee_blade,human,middle_eastern
spr_02784,data/full_all/03363.png,فارس_محارب,knight_warrior,male,warrior,melee_blade,human,middle_eastern
spr_02785,data/full_all/03364.png,تاجر,shopkeeper,male,npc_civilian,none_visible,human,middle_eastern
spr_02786,data/full_all/03365.png,طباخ_جزار,cook_butcher,male,npc_civilian,none_visible,human,middle_eastern
spr_02787,data/full_all/03366.png,طباخ_جزار,cook_butcher,male,npc_civilian,none_visible,human,middle_eastern
spr_02788,data/full_all/03367.png,رامي_قوس,archer,male,archer,ranged_bow,human,middle_eastern
spr_02789,data/full_all/03368.png,تاجر,shopkeeper,male,npc_civilian,none_visible,human,middle_eastern
spr_02790,data/full_all/03369.png,بنت_عادية,girl_casual,female,npc_civilian,none_visible,human,middle_eastern
spr_02791,data/full_all/03370.png,بنت_عادية,girl_casual,female,npc_civilian,none_visible,human,middle_eastern
spr_02792,data/full_all/03371.png,سبرايت_غير_محدد,unknown_sprite,ambiguous,unknown,none_visible,human,generic_western
spr_02793,data/full_all/03372.png,طباخ_جزار,cook_butcher,male,npc_civilian,none_visible,human,middle_eastern
spr_02794,data/full_all/03373.png,طباخ_جزار,cook_butcher,male,npc_civilian,none_visible,human,middle_eastern
spr_02795,data/full_all/03374.png,طباخ_جزار,cook_butcher,male,npc_civilian,none_visible,human,middle_eastern
spr_02796,data/full_all/03375.png,فارس_محارب,knight_warrior,male,warrior,melee_blade,human,middle_eastern
spr_02797,data/full_all/03376.png,فارس_محارب,knight_warrior,male,warrior,melee_blade,human,middle_eastern
spr_02798,data/full_all/03377.png,رامي_قوس,archer,male,archer,ranged_bow,human,middle_eastern
spr_02799,data/full_all/03378.png,طباخ_جزار,cook_butcher,male,npc_civilian,none_visible,human,middle_eastern
spr_02800,data/full_all/03379.png,فارس_محارب,knight_warrior,male,warrior,melee_blade,human,middle_eastern
spr_02801,data/full_all/03380.png,تاجر,shopkeeper,male,npc_civilian,none_visible,human,middle_eastern
spr_02802,data/full_all/03381.png,تاجر,shopkeeper,male,npc_civilian,none_visible,human,middle_eastern
spr_02803,data/full_all/03382.png,فارس_محارب,knight_warrior,male,warrior,melee_blade,human,middle_eastern
spr_02804,data/full_all/03383.png,طباخ_جزار,cook_butcher,male,npc_civilian,none_visible,human,middle_eastern
spr_02805,data/full_all/03384.png,تاجر,shopkeeper,male,npc_civilian,none_visible,human,middle_eastern
spr_02806,data/full_all/03385.png,تاجر,shopkeeper,male,npc_civilian,none_visible,human,middle_eastern
spr_02807,data/full_all/03386.png,بنت_عادية,girl_casual,female,npc_civilian,none_visible,human,middle_eastern
spr_02808,data/full_all/03387.png,طباخ_جزار,cook_butcher,male,npc_civilian,none_visible,human,middle_eastern
spr_02809,data/full_all/03388.png,رامي_قوس,archer,male,archer,ranged_bow,human,middle_eastern
spr_02810,data/full_all/03389.png,فارس_محارب,knight_warrior,male,warrior,shield_tank,human,middle_eastern
spr_02811,data/full_all/03390.png,سلايم_كتلة,blob_slime,ambiguous,unknown,none_visible,humanoid,generic_western
spr_02812,data/full_all/03391.png,سلايم_كتلة,blob_slime,ambiguous,unknown,none_visible,humanoid,generic_western
spr_02813,data/full_all/03392.png,سلايم_كتلة,blob_slime,ambiguous,unknown,none_visible,humanoid,generic_western
spr_02814,data/full_all/03393.png,سلايم_كتلة,blob_slime,ambiguous,unknown,none_visible,humanoid,generic_western
spr_02815,data/full_all/03394.png,بنت_عادية,girl_casual,female,npc_civilian,none_visible,human,east_asian
spr_02816,data/full_all/03395.png,سلايم_كتلة,blob_slime,ambiguous,unknown,none_visible,humanoid,generic_western
spr_02817,data/full_all/03396.png,سلايم_كتلة,blob_slime,ambiguous,unknown,none_visible,humanoid,generic_western
spr_02818,data/full_all/03397.png,بنت_عادية,girl_casual,female,npc_civilian,none_visible,human,east_asian
spr_02819,data/full_all/03398.png,بنت_عادية,girl_casual,female,npc_civilian,none_visible,human,east_asian
spr_02820,data/full_all/03399.png,سلايم_كتلة,blob_slime,ambiguous,unknown,none_visible,humanoid,generic_western
spr_02821,data/full_all/03400.png,بنت_عادية,girl_casual,female,npc_civilian,none_visible,human,middle_eastern
spr_02822,data/full_all/03401.png,سلايم_كتلة,blob_slime,ambiguous,unknown,none_visible,humanoid,generic_western
spr_02823,data/full_all/03402.png,سلايم_كتلة,blob_slime,ambiguous,unknown,none_visible,humanoid,generic_western
spr_02824,data/full_all/03403.png,سلايم_كتلة,blob_slime,ambiguous,unknown,none_visible,humanoid,generic_western
spr_02825,data/full_all/03404.png,بنت_عادية,girl_casual,female,npc_civilian,none_visible,human,east_asian
spr_02826,data/full_all/03405.png,فارس_محارب,knight_warrior,male,warrior,shield_tank,human,middle_eastern
spr_02827,data/full_all/03406.png,بنت_عادية,girl_casual,female,npc_civilian,none_visible,human,middle_eastern
spr_02828,data/full_all/03407.png,تاجر,shopkeeper,male,npc_civilian,none_visible,human,middle_eastern
spr_02829,data/full_all/03408.png,فارس_محارب,knight_warrior,male,warrior,melee_blade,human,middle_eastern
spr_02830,data/full_all/03409.png,تاجر,shopkeeper,male,npc_civilian,none_visible,human,middle_eastern
spr_02831,data/full_all/03410.png,سلايم_كتلة,blob_slime,ambiguous,unknown,none_visible,humanoid,generic_western
spr_02832,data/full_all/03411.png,سلايم_كتلة,blob_slime,ambiguous,unknown,none_visible,humanoid,generic_western
spr_02833,data/full_all/03412.png,فارس_محارب,knight_warrior,male,warrior,shield_tank,human,middle_eastern
spr_02834,data/full_all/03413.png,بنت_عادية,girl_casual,female,npc_civilian,none_visible,human,east_asian
spr_02835,data/full_all/03414.png,سلايم_كتلة,blob_slime,ambiguous,unknown,none_visible,humanoid,generic_western
spr_02836,data/full_all/03415.png,طباخ_جزار,cook_butcher,male,npc_civilian,none_visible,human,middle_eastern
spr_02837,data/full_all/03416.png,طباخ_جزار,cook_butcher,male,npc_civilian,none_visible,human,middle_eastern
spr_02838,data/full_all/03417.png,طباخ_جزار,cook_butcher,male,npc_civilian,none_visible,human,middle_eastern
spr_02839,data/full_all/03418.png,طباخ_جزار,cook_butcher,male,npc_civilian,none_visible,human,middle_eastern
spr_02840,data/full_all/03419.png,طباخ_جزار,cook_butcher,male,npc_civilian,none_visible,human,middle_eastern
spr_02841,data/full_all/03420.png,طباخ_جزار,cook_butcher,male,npc_civilian,none_visible,human,middle_eastern
spr_02842,data/full_all/03421.png,بنت_عادية,girl_casual,female,npc_civilian,none_visible,human,middle_eastern
spr_02843,data/full_all/03422.png,طباخ_جزار,cook_butcher,male,npc_civilian,none_visible,human,middle_eastern
spr_02844,data/full_all/03423.png,فارس_محارب,knight_warrior,male,warrior,shield_tank,human,middle_eastern
spr_02845,data/full_all/03424.png,طباخ_جزار,cook_butcher,male,npc_civilian,none_visible,human,middle_eastern
spr_02846,data/full_all/03425.png,طباخ_جزار,cook_butcher,male,npc_civilian,none_visible,human,middle_eastern
spr_02847,data/full_all/03426.png,سلايم_كتلة,blob_slime,ambiguous,unknown,none_visible,humanoid,generic_western
spr_02848,data/full_all/03427.png,سلايم_كتلة,blob_slime,ambiguous,unknown,none_visible,humanoid,generic_western
spr_02849,data/full_all/03428.png,طباخ_جزار,cook_butcher,male,npc_civilian,none_visible,human,middle_eastern
spr_02850,data/full_all/03429.png,طباخ_جزار,cook_butcher,male,npc_civilian,none_visible,human,middle_eastern
spr_02851,data/full_all/03430.png,رامي_قوس,archer,male,archer,ranged_bow,human,middle_eastern
spr_02852,data/full_all/03431.png,طباخ_جزار,cook_butcher,male,npc_civilian,none_visible,human,middle_eastern
spr_02853,data/full_all/03432.png,طباخ_جزار,cook_butcher,male,npc_civilian,none_visible,human,middle_eastern
spr_02854,data/full_all/03433.png,طباخ_جزار,cook_butcher,male,npc_civilian,none_visible,human,middle_eastern
spr_02855,data/full_all/03434.png,بنت_عادية,girl_casual,female,npc_civilian,none_visible,human,east_asian
spr_02856,data/full_all/03435.png,سلايم_كتلة,blob_slime,ambiguous,unknown,none_visible,humanoid,generic_western
spr_02857,data/full_all/03436.png,بنت_عادية,girl_casual,female,npc_civilian,none_visible,human,east_asian
spr_02858,data/full_all/03437.png,طباخ_جزار,cook_butcher,male,npc_civilian,none_visible,human,middle_eastern
spr_02859,data/full_all/03438.png,رامي_قوس,archer,male,archer,ranged_bow,human,middle_eastern
spr_02860,data/full_all/03439.png,طباخ_جزار,cook_butcher,male,npc_civilian,none_visible,human,middle_eastern
spr_02861,data/full_all/03440.png,طباخ_جزار,cook_butcher,male,npc_civilian,none_visible,human,middle_eastern
spr_02862,data/full_all/03441.png,بنت_عادية,girl_casual,female,npc_civilian,none_visible,human,middle_eastern
spr_02863,data/full_all/03442.png,فارس_محارب,knight_warrior,male,warrior,melee_blade,human,middle_eastern
spr_02864,data/full_all/03443.png,رامي_قوس,archer,male,archer,ranged_bow,human,middle_eastern
spr_02865,data/full_all/03444.png,طباخ_جزار,cook_butcher,male,npc_civilian,none_visible,human,middle_eastern
spr_02866,data/full_all/03445.png,رامي_قوس,archer,male,archer,ranged_bow,human,middle_eastern
spr_02867,data/full_all/03446.png,رامي_قوس,archer,male,archer,ranged_bow,human,middle_eastern
spr_02868,data/full_all/03447.png,رامي_قوس,archer,male,archer,ranged_bow,human,middle_eastern
spr_02869,data/full_all/03448.png,بنت_عادية,girl_casual,female,npc_civilian,none_visible,human,east_asian
spr_02870,data/full_all/03449.png,سلايم_كتلة,blob_slime,ambiguous,unknown,none_visible,humanoid,generic_western
spr_02871,data/full_all/03450.png,طباخ_جزار,cook_butcher,male,npc_civilian,none_visible,human,middle_eastern
spr_02872,data/full_all/03451.png,طباخ_جزار,cook_butcher,male,npc_civilian,none_visible,human,middle_eastern
spr_02873,data/full_all/03452.png,رامي_قوس,archer,male,archer,ranged_bow,human,middle_eastern
spr_02874,data/full_all/03453.png,رامي_قوس,archer,male,archer,ranged_bow,human,middle_eastern
spr_02875,data/full_all/03454.png,رامي_قوس,archer,male,archer,ranged_bow,human,middle_eastern
spr_02876,data/full_all/03455.png,رامي_قوس,archer,male,archer,ranged_bow,human,middle_eastern
spr_02877,data/full_all/03456.png,بنت_عادية,girl_casual,female,npc_civilian,none_visible,human,middle_eastern
spr_02878,data/full_all/03457.png,طباخ_جزار,cook_butcher,male,npc_civilian,none_visible,human,middle_eastern
spr_02879,data/full_all/03458.png,طباخ_جزار,cook_butcher,male,npc_civilian,none_visible,human,middle_eastern
spr_02880,data/full_all/03459.png,بنت_عادية,girl_casual,female,npc_civilian,none_visible,human,east_asian
spr_02881,data/full_all/03460.png,بنت_عادية,girl_casual,female,npc_civilian,none_visible,human,east_asian
spr_02882,data/full_all/03461.png,فارس_محارب,knight_warrior,male,warrior,melee_blade,human,middle_eastern
spr_02883,data/full_all/03462.png,فارس_محارب,knight_warrior,male,warrior,melee_blade,human,middle_eastern
spr_02884,data/full_all/03463.png,رامي_قوس,archer,male,archer,ranged_bow,human,middle_eastern
spr_02885,data/full_all/03464.png,كائن_وردي,pink_creature,ambiguous,animal_pet,none_visible,animal_anthro,generic_western
spr_02886,data/full_all/03465.png,طباخ_جزار,cook_butcher,male,npc_civilian,none_visible,human,middle_eastern
spr_02887,data/full_all/03466.png,رامي_قوس,archer,male,archer,ranged_bow,human,middle_eastern
spr_02888,data/full_all/03467.png,طباخ_جزار,cook_butcher,male,npc_civilian,none_visible,human,middle_eastern
spr_02889,data/full_all/03468.png,رامي_قوس,archer,male,archer,ranged_bow,human,middle_eastern
spr_02890,data/full_all/03469.png,طباخ_جزار,cook_butcher,male,npc_civilian,none_visible,human,middle_eastern
spr_02891,data/full_all/03470.png,طباخ_جزار,cook_butcher,male,npc_civilian,none_visible,human,middle_eastern
spr_02892,data/full_all/03471.png,فارس_محارب,knight_warrior,male,warrior,melee_blade,human,middle_eastern
spr_02893,data/full_all/03472.png,فارس_محارب,knight_warrior,male,warrior,melee_blade,human,middle_eastern
spr_02894,data/full_all/03473.png,بنت_عادية,girl_casual,female,npc_civilian,none_visible,human,middle_eastern
spr_02895,data/full_all/03474.png,طباخ_جزار,cook_butcher,male,npc_civilian,none_visible,human,middle_eastern
spr_02896,data/full_all/03475.png,رامي_قوس,archer,male,archer,ranged_bow,human,middle_eastern
spr_02897,data/full_all/03476.png,رامي_قوس,archer,male,archer,ranged_bow,human,middle_eastern
spr_02898,data/full_all/03477.png,فارس_محارب,knight_warrior,male,warrior,melee_blade,human,middle_eastern
spr_02899,data/full_all/03478.png,بنت_عادية,girl_casual,female,npc_civilian,none_visible,human,east_asian
