filename_base,platform,poster_type,language_structure,typography_style,art_style,resolution,genre,layout,image_path,metadata_path
gameboy_classic_box_art_front_0001_128x128,gameboy_classic,box_art_front,arabic_only,pixel_ruqah_fast,retro_8bit_nes,128x128,action_adventure,top_title_hero_bottom,gameboy_classic/box_art_front/arabic_only/pixel_ruqah_fast/retro_8bit_nes/128x128/gameboy_classic_box_art_front_0001_128x128.png,gameboy_classic/box_art_front/arabic_only/pixel_ruqah_fast/retro_8bit_nes/128x128/gameboy_classic_box_art_front_0001_128x128.json
gameboy_classic_box_art_front_0001_256x256,gameboy_classic,box_art_front,arabic_only,pixel_ruqah_fast,retro_8bit_nes,256x256,action_adventure,top_title_hero_bottom,gameboy_classic/box_art_front/arabic_only/pixel_ruqah_fast/retro_8bit_nes/256x256/gameboy_classic_box_art_front_0001_256x256.png,gameboy_classic/box_art_front/arabic_only/pixel_ruqah_fast/retro_8bit_nes/256x256/gameboy_classic_box_art_front_0001_256x256.json
gameboy_classic_box_art_front_0002_128x128,gameboy_classic,box_art_front,bilingual_arabic_primary,pixel_naskh_clean,retro_16bit_snes_genesis,128x128,fighting_game,bottom_title_scene_top,gameboy_classic/box_art_front/bilingual_arabic_primary/pixel_naskh_clean/retro_16bit_snes_genesis/128x128/gameboy_classic_box_art_front_0002_128x128.png,gameboy_classic/box_art_front/bilingual_arabic_primary/pixel_naskh_clean/retro_16bit_snes_genesis/128x128/gameboy_classic_box_art_front_0002_128x128.json
gameboy_classic_box_art_front_0002_256x256,gameboy_classic,box_art_front,bilingual_arabic_primary,pixel_naskh_clean,retro_16bit_snes_genesis,256x256,fighting_game,bottom_title_scene_top,gameboy_classic/box_art_front/bilingual_arabic_primary/pixel_naskh_clean/retro_16bit_snes_genesis/256x256/gameboy_classic_box_art_front_0002_256x256.png,gameboy_classic/box_art_front/bilingual_arabic_primary/pixel_naskh_clean/retro_16bit_snes_genesis/256x256/gameboy_classic_box_art_front_0002_256x256.json
gameboy_classic_box_art_front_0003_128x128,gameboy_classic,box_art_front,bilingual_english_primary,bold_arcade_arabic,arcade_vibrant,128x128,rpg_fantasy,grid_framed_boxart,gameboy_classic/box_art_front/bilingual_english_primary/bold_arcade_arabic/arcade_vibrant/128x128/gameboy_classic_box_art_front_0003_128x128.png,gameboy_classic/box_art_front/bilingual_english_primary/bold_arcade_arabic/arcade_vibrant/128x128/gameboy_classic_box_art_front_0003_128x128.json
gameboy_classic_box_art_front_0003_256x256,gameboy_classic,box_art_front,bilingual_english_primary,bold_arcade_arabic,arcade_vibrant,256x256,rpg_fantasy,grid_framed_boxart,gameboy_classic/box_art_front/bilingual_english_primary/bold_arcade_arabic/arcade_vibrant/256x256/gameboy_classic_box_art_front_0003_256x256.png,gameboy_classic/box_art_front/bilingual_english_primary/bold_arcade_arabic/arcade_vibrant/256x256/gameboy_classic_box_art_front_0003_256x256.json
gameboy_classic_box_art_front_0004_128x128,gameboy_classic,box_art_front,parallel_pair_arabic,3d_bevel_arabic,retro_synthwave_80s,128x128,shoot_em_up,black_border_nes,gameboy_classic/box_art_front/parallel_pair_arabic/3d_bevel_arabic/retro_synthwave_80s/128x128/gameboy_classic_box_art_front_0004_128x128.png,gameboy_classic/box_art_front/parallel_pair_arabic/3d_bevel_arabic/retro_synthwave_80s/128x128/gameboy_classic_box_art_front_0004_128x128.json
gameboy_classic_box_art_front_0004_256x256,gameboy_classic,box_art_front,parallel_pair_arabic,3d_bevel_arabic,retro_synthwave_80s,256x256,shoot_em_up,black_border_nes,gameboy_classic/box_art_front/parallel_pair_arabic/3d_bevel_arabic/retro_synthwave_80s/256x256/gameboy_classic_box_art_front_0004_256x256.png,gameboy_classic/box_art_front/parallel_pair_arabic/3d_bevel_arabic/retro_synthwave_80s/256x256/gameboy_classic_box_art_front_0004_256x256.json
gameboy_classic_box_art_front_0005_128x128,gameboy_classic,box_art_front,arabic_transliteration,neon_glitch_arabic,constructivist_arcade,128x128,racing_sports,diagonal_arcade_badge,gameboy_classic/box_art_front/arabic_transliteration/neon_glitch_arabic/constructivist_arcade/128x128/gameboy_classic_box_art_front_0005_128x128.png,gameboy_classic/box_art_front/arabic_transliteration/neon_glitch_arabic/constructivist_arcade/128x128/gameboy_classic_box_art_front_0005_128x128.json
gameboy_classic_box_art_front_0005_256x256,gameboy_classic,box_art_front,arabic_transliteration,neon_glitch_arabic,constructivist_arcade,256x256,racing_sports,diagonal_arcade_badge,gameboy_classic/box_art_front/arabic_transliteration/neon_glitch_arabic/constructivist_arcade/256x256/gameboy_classic_box_art_front_0005_256x256.png,gameboy_classic/box_art_front/arabic_transliteration/neon_glitch_arabic/constructivist_arcade/256x256/gameboy_classic_box_art_front_0005_256x256.json
gameboy_classic_box_art_front_0006_128x128,gameboy_classic,box_art_front,arabic_subtitle,fantasy_ornate_arabic,dark_fantasy_gothic,128x128,horror_survival,centered_emblem,gameboy_classic/box_art_front/arabic_subtitle/fantasy_ornate_arabic/dark_fantasy_gothic/128x128/gameboy_classic_box_art_front_0006_128x128.png,gameboy_classic/box_art_front/arabic_subtitle/fantasy_ornate_arabic/dark_fantasy_gothic/128x128/gameboy_classic_box_art_front_0006_128x128.json
gameboy_classic_box_art_front_0006_256x256,gameboy_classic,box_art_front,arabic_subtitle,fantasy_ornate_arabic,dark_fantasy_gothic,256x256,horror_survival,centered_emblem,gameboy_classic/box_art_front/arabic_subtitle/fantasy_ornate_arabic/dark_fantasy_gothic/256x256/gameboy_classic_box_art_front_0006_256x256.png,gameboy_classic/box_art_front/arabic_subtitle/fantasy_ornate_arabic/dark_fantasy_gothic/256x256/gameboy_classic_box_art_front_0006_256x256.json
gameboy_classic_title_screen_art_0007_128x128,gameboy_classic,title_screen_art,arabic_only,retro_8bit_arabic,pop_art_comic,128x128,beat_em_up,split_bilingual_layout,gameboy_classic/title_screen_art/arabic_only/retro_8bit_arabic/pop_art_comic/128x128/gameboy_classic_title_screen_art_0007_128x128.png,gameboy_classic/title_screen_art/arabic_only/retro_8bit_arabic/pop_art_comic/128x128/gameboy_classic_title_screen_art_0007_128x128.json
gameboy_classic_title_screen_art_0007_256x256,gameboy_classic,title_screen_art,arabic_only,retro_8bit_arabic,pop_art_comic,256x256,beat_em_up,split_bilingual_layout,gameboy_classic/title_screen_art/arabic_only/retro_8bit_arabic/pop_art_comic/256x256/gameboy_classic_title_screen_art_0007_256x256.png,gameboy_classic/title_screen_art/arabic_only/retro_8bit_arabic/pop_art_comic/256x256/gameboy_classic_title_screen_art_0007_256x256.json
gameboy_classic_title_screen_art_0008_128x128,gameboy_classic,title_screen_art,bilingual_arabic_primary,metallic_chrome_arabic,cyberpunk_neon_dystopian,128x128,puzzle_strategy,border_framed,gameboy_classic/title_screen_art/bilingual_arabic_primary/metallic_chrome_arabic/cyberpunk_neon_dystopian/128x128/gameboy_classic_title_screen_art_0008_128x128.png,gameboy_classic/title_screen_art/bilingual_arabic_primary/metallic_chrome_arabic/cyberpunk_neon_dystopian/128x128/gameboy_classic_title_screen_art_0008_128x128.json
gameboy_classic_title_screen_art_0008_256x256,gameboy_classic,title_screen_art,bilingual_arabic_primary,metallic_chrome_arabic,cyberpunk_neon_dystopian,256x256,puzzle_strategy,border_framed,gameboy_classic/title_screen_art/bilingual_arabic_primary/metallic_chrome_arabic/cyberpunk_neon_dystopian/256x256/gameboy_classic_title_screen_art_0008_256x256.png,gameboy_classic/title_screen_art/bilingual_arabic_primary/metallic_chrome_arabic/cyberpunk_neon_dystopian/256x256/gameboy_classic_title_screen_art_0008_256x256.json
gameboy_classic_title_screen_art_0009_128x128,gameboy_classic,title_screen_art,bilingual_english_primary,pixel_thuluth_display,minimalist_pixel_poster,128x128,sci_fi_cyberpunk,center_title_large,gameboy_classic/title_screen_art/bilingual_english_primary/pixel_thuluth_display/minimalist_pixel_poster/128x128/gameboy_classic_title_screen_art_0009_128x128.png,gameboy_classic/title_screen_art/bilingual_english_primary/pixel_thuluth_display/minimalist_pixel_poster/128x128/gameboy_classic_title_screen_art_0009_128x128.json
gameboy_classic_title_screen_art_0009_256x256,gameboy_classic,title_screen_art,bilingual_english_primary,pixel_thuluth_display,minimalist_pixel_poster,256x256,sci_fi_cyberpunk,center_title_large,gameboy_classic/title_screen_art/bilingual_english_primary/pixel_thuluth_display/minimalist_pixel_poster/256x256/gameboy_classic_title_screen_art_0009_256x256.png,gameboy_classic/title_screen_art/bilingual_english_primary/pixel_thuluth_display/minimalist_pixel_poster/256x256/gameboy_classic_title_screen_art_0009_256x256.json
gameboy_classic_title_screen_art_0010_128x128,gameboy_classic,title_screen_art,parallel_pair_arabic,pixel_calligraffiti,egyptian_folklore_pixel,128x128,historical_medieval,top_title_hero_bottom,gameboy_classic/title_screen_art/parallel_pair_arabic/pixel_calligraffiti/egyptian_folklore_pixel/128x128/gameboy_classic_title_screen_art_0010_128x128.png,gameboy_classic/title_screen_art/parallel_pair_arabic/pixel_calligraffiti/egyptian_folklore_pixel/128x128/gameboy_classic_title_screen_art_0010_128x128.json
gameboy_classic_title_screen_art_0010_256x256,gameboy_classic,title_screen_art,parallel_pair_arabic,pixel_calligraffiti,egyptian_folklore_pixel,256x256,historical_medieval,top_title_hero_bottom,gameboy_classic/title_screen_art/parallel_pair_arabic/pixel_calligraffiti/egyptian_folklore_pixel/256x256/gameboy_classic_title_screen_art_0010_256x256.png,gameboy_classic/title_screen_art/parallel_pair_arabic/pixel_calligraffiti/egyptian_folklore_pixel/256x256/gameboy_classic_title_screen_art_0010_256x256.json
gameboy_classic_title_screen_art_0011_128x128,gameboy_classic,title_screen_art,arabic_transliteration,pixel_kufic_geometric,japanese_boxart_style,128x128,egyptian_folklore,bottom_title_scene_top,gameboy_classic/title_screen_art/arabic_transliteration/pixel_kufic_geometric/japanese_boxart_style/128x128/gameboy_classic_title_screen_art_0011_128x128.png,gameboy_classic/title_screen_art/arabic_transliteration/pixel_kufic_geometric/japanese_boxart_style/128x128/gameboy_classic_title_screen_art_0011_128x128.json
gameboy_classic_title_screen_art_0011_256x256,gameboy_classic,title_screen_art,arabic_transliteration,pixel_kufic_geometric,japanese_boxart_style,256x256,egyptian_folklore,bottom_title_scene_top,gameboy_classic/title_screen_art/arabic_transliteration/pixel_kufic_geometric/japanese_boxart_style/256x256/gameboy_classic_title_screen_art_0011_256x256.png,gameboy_classic/title_screen_art/arabic_transliteration/pixel_kufic_geometric/japanese_boxart_style/256x256/gameboy_classic_title_screen_art_0011_256x256.json
gameboy_classic_title_screen_art_0012_128x128,gameboy_classic,title_screen_art,arabic_subtitle,pixel_ruqah_fast,western_boxart_style,128x128,post_apocalyptic,grid_framed_boxart,gameboy_classic/title_screen_art/arabic_subtitle/pixel_ruqah_fast/western_boxart_style/128x128/gameboy_classic_title_screen_art_0012_128x128.png,gameboy_classic/title_screen_art/arabic_subtitle/pixel_ruqah_fast/western_boxart_style/128x128/gameboy_classic_title_screen_art_0012_128x128.json
gameboy_classic_title_screen_art_0012_256x256,gameboy_classic,title_screen_art,arabic_subtitle,pixel_ruqah_fast,western_boxart_style,256x256,post_apocalyptic,grid_framed_boxart,gameboy_classic/title_screen_art/arabic_subtitle/pixel_ruqah_fast/western_boxart_style/256x256/gameboy_classic_title_screen_art_0012_256x256.png,gameboy_classic/title_screen_art/arabic_subtitle/pixel_ruqah_fast/western_boxart_style/256x256/gameboy_classic_title_screen_art_0012_256x256.json
gameboy_classic_arcade_marquee_0013_128x128,gameboy_classic,arcade_marquee,arabic_only,pixel_naskh_clean,monochrome_dmg,128x128,platformer,black_border_nes,gameboy_classic/arcade_marquee/arabic_only/pixel_naskh_clean/monochrome_dmg/128x128/gameboy_classic_arcade_marquee_0013_128x128.png,gameboy_classic/arcade_marquee/arabic_only/pixel_naskh_clean/monochrome_dmg/128x128/gameboy_classic_arcade_marquee_0013_128x128.json
gameboy_classic_arcade_marquee_0013_256x256,gameboy_classic,arcade_marquee,arabic_only,pixel_naskh_clean,monochrome_dmg,256x256,platformer,black_border_nes,gameboy_classic/arcade_marquee/arabic_only/pixel_naskh_clean/monochrome_dmg/256x256/gameboy_classic_arcade_marquee_0013_256x256.png,gameboy_classic/arcade_marquee/arabic_only/pixel_naskh_clean/monochrome_dmg/256x256/gameboy_classic_arcade_marquee_0013_256x256.json
gameboy_classic_arcade_marquee_0014_128x128,gameboy_classic,arcade_marquee,bilingual_arabic_primary,bold_arcade_arabic,retro_8bit_nes,128x128,action_adventure,diagonal_arcade_badge,gameboy_classic/arcade_marquee/bilingual_arabic_primary/bold_arcade_arabic/retro_8bit_nes/128x128/gameboy_classic_arcade_marquee_0014_128x128.png,gameboy_classic/arcade_marquee/bilingual_arabic_primary/bold_arcade_arabic/retro_8bit_nes/128x128/gameboy_classic_arcade_marquee_0014_128x128.json
gameboy_classic_arcade_marquee_0014_256x256,gameboy_classic,arcade_marquee,bilingual_arabic_primary,bold_arcade_arabic,retro_8bit_nes,256x256,action_adventure,diagonal_arcade_badge,gameboy_classic/arcade_marquee/bilingual_arabic_primary/bold_arcade_arabic/retro_8bit_nes/256x256/gameboy_classic_arcade_marquee_0014_256x256.png,gameboy_classic/arcade_marquee/bilingual_arabic_primary/bold_arcade_arabic/retro_8bit_nes/256x256/gameboy_classic_arcade_marquee_0014_256x256.json
gameboy_classic_arcade_marquee_0015_128x128,gameboy_classic,arcade_marquee,bilingual_english_primary,3d_bevel_arabic,retro_16bit_snes_genesis,128x128,fighting_game,centered_emblem,gameboy_classic/arcade_marquee/bilingual_english_primary/3d_bevel_arabic/retro_16bit_snes_genesis/128x128/gameboy_classic_arcade_marquee_0015_128x128.png,gameboy_classic/arcade_marquee/bilingual_english_primary/3d_bevel_arabic/retro_16bit_snes_genesis/128x128/gameboy_classic_arcade_marquee_0015_128x128.json
gameboy_classic_arcade_marquee_0015_256x256,gameboy_classic,arcade_marquee,bilingual_english_primary,3d_bevel_arabic,retro_16bit_snes_genesis,256x256,fighting_game,centered_emblem,gameboy_classic/arcade_marquee/bilingual_english_primary/3d_bevel_arabic/retro_16bit_snes_genesis/256x256/gameboy_classic_arcade_marquee_0015_256x256.png,gameboy_classic/arcade_marquee/bilingual_english_primary/3d_bevel_arabic/retro_16bit_snes_genesis/256x256/gameboy_classic_arcade_marquee_0015_256x256.json
gameboy_classic_arcade_marquee_0016_128x128,gameboy_classic,arcade_marquee,parallel_pair_arabic,neon_glitch_arabic,arcade_vibrant,128x128,rpg_fantasy,split_bilingual_layout,gameboy_classic/arcade_marquee/parallel_pair_arabic/neon_glitch_arabic/arcade_vibrant/128x128/gameboy_classic_arcade_marquee_0016_128x128.png,gameboy_classic/arcade_marquee/parallel_pair_arabic/neon_glitch_arabic/arcade_vibrant/128x128/gameboy_classic_arcade_marquee_0016_128x128.json
gameboy_classic_arcade_marquee_0016_256x256,gameboy_classic,arcade_marquee,parallel_pair_arabic,neon_glitch_arabic,arcade_vibrant,256x256,rpg_fantasy,split_bilingual_layout,gameboy_classic/arcade_marquee/parallel_pair_arabic/neon_glitch_arabic/arcade_vibrant/256x256/gameboy_classic_arcade_marquee_0016_256x256.png,gameboy_classic/arcade_marquee/parallel_pair_arabic/neon_glitch_arabic/arcade_vibrant/256x256/gameboy_classic_arcade_marquee_0016_256x256.json
gameboy_classic_arcade_marquee_0017_128x128,gameboy_classic,arcade_marquee,arabic_transliteration,fantasy_ornate_arabic,retro_synthwave_80s,128x128,shoot_em_up,border_framed,gameboy_classic/arcade_marquee/arabic_transliteration/fantasy_ornate_arabic/retro_synthwave_80s/128x128/gameboy_classic_arcade_marquee_0017_128x128.png,gameboy_classic/arcade_marquee/arabic_transliteration/fantasy_ornate_arabic/retro_synthwave_80s/128x128/gameboy_classic_arcade_marquee_0017_128x128.json
gameboy_classic_arcade_marquee_0017_256x256,gameboy_classic,arcade_marquee,arabic_transliteration,fantasy_ornate_arabic,retro_synthwave_80s,256x256,shoot_em_up,border_framed,gameboy_classic/arcade_marquee/arabic_transliteration/fantasy_ornate_arabic/retro_synthwave_80s/256x256/gameboy_classic_arcade_marquee_0017_256x256.png,gameboy_classic/arcade_marquee/arabic_transliteration/fantasy_ornate_arabic/retro_synthwave_80s/256x256/gameboy_classic_arcade_marquee_0017_256x256.json
gameboy_classic_arcade_marquee_0018_128x128,gameboy_classic,arcade_marquee,arabic_subtitle,retro_8bit_arabic,constructivist_arcade,128x128,racing_sports,center_title_large,gameboy_classic/arcade_marquee/arabic_subtitle/retro_8bit_arabic/constructivist_arcade/128x128/gameboy_classic_arcade_marquee_0018_128x128.png,gameboy_classic/arcade_marquee/arabic_subtitle/retro_8bit_arabic/constructivist_arcade/128x128/gameboy_classic_arcade_marquee_0018_128x128.json
gameboy_classic_arcade_marquee_0018_256x256,gameboy_classic,arcade_marquee,arabic_subtitle,retro_8bit_arabic,constructivist_arcade,256x256,racing_sports,center_title_large,gameboy_classic/arcade_marquee/arabic_subtitle/retro_8bit_arabic/constructivist_arcade/256x256/gameboy_classic_arcade_marquee_0018_256x256.png,gameboy_classic/arcade_marquee/arabic_subtitle/retro_8bit_arabic/constructivist_arcade/256x256/gameboy_classic_arcade_marquee_0018_256x256.json
gameboy_classic_cartridge_label_0019_128x128,gameboy_classic,cartridge_label,arabic_only,metallic_chrome_arabic,dark_fantasy_gothic,128x128,horror_survival,top_title_hero_bottom,gameboy_classic/cartridge_label/arabic_only/metallic_chrome_arabic/dark_fantasy_gothic/128x128/gameboy_classic_cartridge_label_0019_128x128.png,gameboy_classic/cartridge_label/arabic_only/metallic_chrome_arabic/dark_fantasy_gothic/128x128/gameboy_classic_cartridge_label_0019_128x128.json
gameboy_classic_cartridge_label_0019_256x256,gameboy_classic,cartridge_label,arabic_only,metallic_chrome_arabic,dark_fantasy_gothic,256x256,horror_survival,top_title_hero_bottom,gameboy_classic/cartridge_label/arabic_only/metallic_chrome_arabic/dark_fantasy_gothic/256x256/gameboy_classic_cartridge_label_0019_256x256.png,gameboy_classic/cartridge_label/arabic_only/metallic_chrome_arabic/dark_fantasy_gothic/256x256/gameboy_classic_cartridge_label_0019_256x256.json
gameboy_classic_cartridge_label_0020_128x128,gameboy_classic,cartridge_label,bilingual_arabic_primary,pixel_thuluth_display,pop_art_comic,128x128,beat_em_up,bottom_title_scene_top,gameboy_classic/cartridge_label/bilingual_arabic_primary/pixel_thuluth_display/pop_art_comic/128x128/gameboy_classic_cartridge_label_0020_128x128.png,gameboy_classic/cartridge_label/bilingual_arabic_primary/pixel_thuluth_display/pop_art_comic/128x128/gameboy_classic_cartridge_label_0020_128x128.json
gameboy_classic_cartridge_label_0020_256x256,gameboy_classic,cartridge_label,bilingual_arabic_primary,pixel_thuluth_display,pop_art_comic,256x256,beat_em_up,bottom_title_scene_top,gameboy_classic/cartridge_label/bilingual_arabic_primary/pixel_thuluth_display/pop_art_comic/256x256/gameboy_classic_cartridge_label_0020_256x256.png,gameboy_classic/cartridge_label/bilingual_arabic_primary/pixel_thuluth_display/pop_art_comic/256x256/gameboy_classic_cartridge_label_0020_256x256.json
gameboy_classic_cartridge_label_0021_128x128,gameboy_classic,cartridge_label,bilingual_english_primary,pixel_calligraffiti,cyberpunk_neon_dystopian,128x128,puzzle_strategy,grid_framed_boxart,gameboy_classic/cartridge_label/bilingual_english_primary/pixel_calligraffiti/cyberpunk_neon_dystopian/128x128/gameboy_classic_cartridge_label_0021_128x128.png,gameboy_classic/cartridge_label/bilingual_english_primary/pixel_calligraffiti/cyberpunk_neon_dystopian/128x128/gameboy_classic_cartridge_label_0021_128x128.json
gameboy_classic_cartridge_label_0021_256x256,gameboy_classic,cartridge_label,bilingual_english_primary,pixel_calligraffiti,cyberpunk_neon_dystopian,256x256,puzzle_strategy,grid_framed_boxart,gameboy_classic/cartridge_label/bilingual_english_primary/pixel_calligraffiti/cyberpunk_neon_dystopian/256x256/gameboy_classic_cartridge_label_0021_256x256.png,gameboy_classic/cartridge_label/bilingual_english_primary/pixel_calligraffiti/cyberpunk_neon_dystopian/256x256/gameboy_classic_cartridge_label_0021_256x256.json
gameboy_classic_cartridge_label_0022_128x128,gameboy_classic,cartridge_label,parallel_pair_arabic,pixel_kufic_geometric,minimalist_pixel_poster,128x128,sci_fi_cyberpunk,black_border_nes,gameboy_classic/cartridge_label/parallel_pair_arabic/pixel_kufic_geometric/minimalist_pixel_poster/128x128/gameboy_classic_cartridge_label_0022_128x128.png,gameboy_classic/cartridge_label/parallel_pair_arabic/pixel_kufic_geometric/minimalist_pixel_poster/128x128/gameboy_classic_cartridge_label_0022_128x128.json
gameboy_classic_cartridge_label_0022_256x256,gameboy_classic,cartridge_label,parallel_pair_arabic,pixel_kufic_geometric,minimalist_pixel_poster,256x256,sci_fi_cyberpunk,black_border_nes,gameboy_classic/cartridge_label/parallel_pair_arabic/pixel_kufic_geometric/minimalist_pixel_poster/256x256/gameboy_classic_cartridge_label_0022_256x256.png,gameboy_classic/cartridge_label/parallel_pair_arabic/pixel_kufic_geometric/minimalist_pixel_poster/256x256/gameboy_classic_cartridge_label_0022_256x256.json
gameboy_classic_cartridge_label_0023_128x128,gameboy_classic,cartridge_label,arabic_transliteration,pixel_ruqah_fast,egyptian_folklore_pixel,128x128,historical_medieval,diagonal_arcade_badge,gameboy_classic/cartridge_label/arabic_transliteration/pixel_ruqah_fast/egyptian_folklore_pixel/128x128/gameboy_classic_cartridge_label_0023_128x128.png,gameboy_classic/cartridge_label/arabic_transliteration/pixel_ruqah_fast/egyptian_folklore_pixel/128x128/gameboy_classic_cartridge_label_0023_128x128.json
gameboy_classic_cartridge_label_0023_256x256,gameboy_classic,cartridge_label,arabic_transliteration,pixel_ruqah_fast,egyptian_folklore_pixel,256x256,historical_medieval,diagonal_arcade_badge,gameboy_classic/cartridge_label/arabic_transliteration/pixel_ruqah_fast/egyptian_folklore_pixel/256x256/gameboy_classic_cartridge_label_0023_256x256.png,gameboy_classic/cartridge_label/arabic_transliteration/pixel_ruqah_fast/egyptian_folklore_pixel/256x256/gameboy_classic_cartridge_label_0023_256x256.json
gameboy_classic_cartridge_label_0024_128x128,gameboy_classic,cartridge_label,arabic_subtitle,pixel_naskh_clean,japanese_boxart_style,128x128,egyptian_folklore,centered_emblem,gameboy_classic/cartridge_label/arabic_subtitle/pixel_naskh_clean/japanese_boxart_style/128x128/gameboy_classic_cartridge_label_0024_128x128.png,gameboy_classic/cartridge_label/arabic_subtitle/pixel_naskh_clean/japanese_boxart_style/128x128/gameboy_classic_cartridge_label_0024_128x128.json
gameboy_classic_cartridge_label_0024_256x256,gameboy_classic,cartridge_label,arabic_subtitle,pixel_naskh_clean,japanese_boxart_style,256x256,egyptian_folklore,centered_emblem,gameboy_classic/cartridge_label/arabic_subtitle/pixel_naskh_clean/japanese_boxart_style/256x256/gameboy_classic_cartridge_label_0024_256x256.png,gameboy_classic/cartridge_label/arabic_subtitle/pixel_naskh_clean/japanese_boxart_style/256x256/gameboy_classic_cartridge_label_0024_256x256.json
gameboy_classic_full_game_poster_0025_128x128,gameboy_classic,full_game_poster,arabic_only,bold_arcade_arabic,western_boxart_style,128x128,post_apocalyptic,split_bilingual_layout,gameboy_classic/full_game_poster/arabic_only/bold_arcade_arabic/western_boxart_style/128x128/gameboy_classic_full_game_poster_0025_128x128.png,gameboy_classic/full_game_poster/arabic_only/bold_arcade_arabic/western_boxart_style/128x128/gameboy_classic_full_game_poster_0025_128x128.json
gameboy_classic_full_game_poster_0025_256x256,gameboy_classic,full_game_poster,arabic_only,bold_arcade_arabic,western_boxart_style,256x256,post_apocalyptic,split_bilingual_layout,gameboy_classic/full_game_poster/arabic_only/bold_arcade_arabic/western_boxart_style/256x256/gameboy_classic_full_game_poster_0025_256x256.png,gameboy_classic/full_game_poster/arabic_only/bold_arcade_arabic/western_boxart_style/256x256/gameboy_classic_full_game_poster_0025_256x256.json
gameboy_classic_full_game_poster_0026_128x128,gameboy_classic,full_game_poster,bilingual_arabic_primary,3d_bevel_arabic,monochrome_dmg,128x128,platformer,border_framed,gameboy_classic/full_game_poster/bilingual_arabic_primary/3d_bevel_arabic/monochrome_dmg/128x128/gameboy_classic_full_game_poster_0026_128x128.png,gameboy_classic/full_game_poster/bilingual_arabic_primary/3d_bevel_arabic/monochrome_dmg/128x128/gameboy_classic_full_game_poster_0026_128x128.json
gameboy_classic_full_game_poster_0026_256x256,gameboy_classic,full_game_poster,bilingual_arabic_primary,3d_bevel_arabic,monochrome_dmg,256x256,platformer,border_framed,gameboy_classic/full_game_poster/bilingual_arabic_primary/3d_bevel_arabic/monochrome_dmg/256x256/gameboy_classic_full_game_poster_0026_256x256.png,gameboy_classic/full_game_poster/bilingual_arabic_primary/3d_bevel_arabic/monochrome_dmg/256x256/gameboy_classic_full_game_poster_0026_256x256.json
gameboy_classic_full_game_poster_0027_128x128,gameboy_classic,full_game_poster,bilingual_english_primary,neon_glitch_arabic,retro_8bit_nes,128x128,action_adventure,center_title_large,gameboy_classic/full_game_poster/bilingual_english_primary/neon_glitch_arabic/retro_8bit_nes/128x128/gameboy_classic_full_game_poster_0027_128x128.png,gameboy_classic/full_game_poster/bilingual_english_primary/neon_glitch_arabic/retro_8bit_nes/128x128/gameboy_classic_full_game_poster_0027_128x128.json
gameboy_classic_full_game_poster_0027_256x256,gameboy_classic,full_game_poster,bilingual_english_primary,neon_glitch_arabic,retro_8bit_nes,256x256,action_adventure,center_title_large,gameboy_classic/full_game_poster/bilingual_english_primary/neon_glitch_arabic/retro_8bit_nes/256x256/gameboy_classic_full_game_poster_0027_256x256.png,gameboy_classic/full_game_poster/bilingual_english_primary/neon_glitch_arabic/retro_8bit_nes/256x256/gameboy_classic_full_game_poster_0027_256x256.json
gameboy_classic_full_game_poster_0028_128x128,gameboy_classic,full_game_poster,parallel_pair_arabic,fantasy_ornate_arabic,retro_16bit_snes_genesis,128x128,fighting_game,top_title_hero_bottom,gameboy_classic/full_game_poster/parallel_pair_arabic/fantasy_ornate_arabic/retro_16bit_snes_genesis/128x128/gameboy_classic_full_game_poster_0028_128x128.png,gameboy_classic/full_game_poster/parallel_pair_arabic/fantasy_ornate_arabic/retro_16bit_snes_genesis/128x128/gameboy_classic_full_game_poster_0028_128x128.json
gameboy_classic_full_game_poster_0028_256x256,gameboy_classic,full_game_poster,parallel_pair_arabic,fantasy_ornate_arabic,retro_16bit_snes_genesis,256x256,fighting_game,top_title_hero_bottom,gameboy_classic/full_game_poster/parallel_pair_arabic/fantasy_ornate_arabic/retro_16bit_snes_genesis/256x256/gameboy_classic_full_game_poster_0028_256x256.png,gameboy_classic/full_game_poster/parallel_pair_arabic/fantasy_ornate_arabic/retro_16bit_snes_genesis/256x256/gameboy_classic_full_game_poster_0028_256x256.json
gameboy_classic_full_game_poster_0029_128x128,gameboy_classic,full_game_poster,arabic_transliteration,retro_8bit_arabic,arcade_vibrant,128x128,rpg_fantasy,bottom_title_scene_top,gameboy_classic/full_game_poster/arabic_transliteration/retro_8bit_arabic/arcade_vibrant/128x128/gameboy_classic_full_game_poster_0029_128x128.png,gameboy_classic/full_game_poster/arabic_transliteration/retro_8bit_arabic/arcade_vibrant/128x128/gameboy_classic_full_game_poster_0029_128x128.json
gameboy_classic_full_game_poster_0029_256x256,gameboy_classic,full_game_poster,arabic_transliteration,retro_8bit_arabic,arcade_vibrant,256x256,rpg_fantasy,bottom_title_scene_top,gameboy_classic/full_game_poster/arabic_transliteration/retro_8bit_arabic/arcade_vibrant/256x256/gameboy_classic_full_game_poster_0029_256x256.png,gameboy_classic/full_game_poster/arabic_transliteration/retro_8bit_arabic/arcade_vibrant/256x256/gameboy_classic_full_game_poster_0029_256x256.json
gameboy_classic_full_game_poster_0030_128x128,gameboy_classic,full_game_poster,arabic_subtitle,metallic_chrome_arabic,retro_synthwave_80s,128x128,shoot_em_up,grid_framed_boxart,gameboy_classic/full_game_poster/arabic_subtitle/metallic_chrome_arabic/retro_synthwave_80s/128x128/gameboy_classic_full_game_poster_0030_128x128.png,gameboy_classic/full_game_poster/arabic_subtitle/metallic_chrome_arabic/retro_synthwave_80s/128x128/gameboy_classic_full_game_poster_0030_128x128.json
gameboy_classic_full_game_poster_0030_256x256,gameboy_classic,full_game_poster,arabic_subtitle,metallic_chrome_arabic,retro_synthwave_80s,256x256,shoot_em_up,grid_framed_boxart,gameboy_classic/full_game_poster/arabic_subtitle/metallic_chrome_arabic/retro_synthwave_80s/256x256/gameboy_classic_full_game_poster_0030_256x256.png,gameboy_classic/full_game_poster/arabic_subtitle/metallic_chrome_arabic/retro_synthwave_80s/256x256/gameboy_classic_full_game_poster_0030_256x256.json
gameboy_classic_promo_flyer_0031_128x128,gameboy_classic,promo_flyer,arabic_only,pixel_thuluth_display,constructivist_arcade,128x128,racing_sports,black_border_nes,gameboy_classic/promo_flyer/arabic_only/pixel_thuluth_display/constructivist_arcade/128x128/gameboy_classic_promo_flyer_0031_128x128.png,gameboy_classic/promo_flyer/arabic_only/pixel_thuluth_display/constructivist_arcade/128x128/gameboy_classic_promo_flyer_0031_128x128.json
gameboy_classic_promo_flyer_0031_256x256,gameboy_classic,promo_flyer,arabic_only,pixel_thuluth_display,constructivist_arcade,256x256,racing_sports,black_border_nes,gameboy_classic/promo_flyer/arabic_only/pixel_thuluth_display/constructivist_arcade/256x256/gameboy_classic_promo_flyer_0031_256x256.png,gameboy_classic/promo_flyer/arabic_only/pixel_thuluth_display/constructivist_arcade/256x256/gameboy_classic_promo_flyer_0031_256x256.json
gameboy_classic_promo_flyer_0032_128x128,gameboy_classic,promo_flyer,bilingual_arabic_primary,pixel_calligraffiti,dark_fantasy_gothic,128x128,horror_survival,diagonal_arcade_badge,gameboy_classic/promo_flyer/bilingual_arabic_primary/pixel_calligraffiti/dark_fantasy_gothic/128x128/gameboy_classic_promo_flyer_0032_128x128.png,gameboy_classic/promo_flyer/bilingual_arabic_primary/pixel_calligraffiti/dark_fantasy_gothic/128x128/gameboy_classic_promo_flyer_0032_128x128.json
gameboy_classic_promo_flyer_0032_256x256,gameboy_classic,promo_flyer,bilingual_arabic_primary,pixel_calligraffiti,dark_fantasy_gothic,256x256,horror_survival,diagonal_arcade_badge,gameboy_classic/promo_flyer/bilingual_arabic_primary/pixel_calligraffiti/dark_fantasy_gothic/256x256/gameboy_classic_promo_flyer_0032_256x256.png,gameboy_classic/promo_flyer/bilingual_arabic_primary/pixel_calligraffiti/dark_fantasy_gothic/256x256/gameboy_classic_promo_flyer_0032_256x256.json
gameboy_classic_promo_flyer_0033_128x128,gameboy_classic,promo_flyer,bilingual_english_primary,pixel_kufic_geometric,pop_art_comic,128x128,beat_em_up,centered_emblem,gameboy_classic/promo_flyer/bilingual_english_primary/pixel_kufic_geometric/pop_art_comic/128x128/gameboy_classic_promo_flyer_0033_128x128.png,gameboy_classic/promo_flyer/bilingual_english_primary/pixel_kufic_geometric/pop_art_comic/128x128/gameboy_classic_promo_flyer_0033_128x128.json
gameboy_classic_promo_flyer_0033_256x256,gameboy_classic,promo_flyer,bilingual_english_primary,pixel_kufic_geometric,pop_art_comic,256x256,beat_em_up,centered_emblem,gameboy_classic/promo_flyer/bilingual_english_primary/pixel_kufic_geometric/pop_art_comic/256x256/gameboy_classic_promo_flyer_0033_256x256.png,gameboy_classic/promo_flyer/bilingual_english_primary/pixel_kufic_geometric/pop_art_comic/256x256/gameboy_classic_promo_flyer_0033_256x256.json
gameboy_classic_promo_flyer_0034_128x128,gameboy_classic,promo_flyer,parallel_pair_arabic,pixel_ruqah_fast,cyberpunk_neon_dystopian,128x128,puzzle_strategy,split_bilingual_layout,gameboy_classic/promo_flyer/parallel_pair_arabic/pixel_ruqah_fast/cyberpunk_neon_dystopian/128x128/gameboy_classic_promo_flyer_0034_128x128.png,gameboy_classic/promo_flyer/parallel_pair_arabic/pixel_ruqah_fast/cyberpunk_neon_dystopian/128x128/gameboy_classic_promo_flyer_0034_128x128.json
gameboy_classic_promo_flyer_0034_256x256,gameboy_classic,promo_flyer,parallel_pair_arabic,pixel_ruqah_fast,cyberpunk_neon_dystopian,256x256,puzzle_strategy,split_bilingual_layout,gameboy_classic/promo_flyer/parallel_pair_arabic/pixel_ruqah_fast/cyberpunk_neon_dystopian/256x256/gameboy_classic_promo_flyer_0034_256x256.png,gameboy_classic/promo_flyer/parallel_pair_arabic/pixel_ruqah_fast/cyberpunk_neon_dystopian/256x256/gameboy_classic_promo_flyer_0034_256x256.json
gameboy_classic_promo_flyer_0035_128x128,gameboy_classic,promo_flyer,arabic_transliteration,pixel_naskh_clean,minimalist_pixel_poster,128x128,sci_fi_cyberpunk,border_framed,gameboy_classic/promo_flyer/arabic_transliteration/pixel_naskh_clean/minimalist_pixel_poster/128x128/gameboy_classic_promo_flyer_0035_128x128.png,gameboy_classic/promo_flyer/arabic_transliteration/pixel_naskh_clean/minimalist_pixel_poster/128x128/gameboy_classic_promo_flyer_0035_128x128.json
gameboy_classic_promo_flyer_0035_256x256,gameboy_classic,promo_flyer,arabic_transliteration,pixel_naskh_clean,minimalist_pixel_poster,256x256,sci_fi_cyberpunk,border_framed,gameboy_classic/promo_flyer/arabic_transliteration/pixel_naskh_clean/minimalist_pixel_poster/256x256/gameboy_classic_promo_flyer_0035_256x256.png,gameboy_classic/promo_flyer/arabic_transliteration/pixel_naskh_clean/minimalist_pixel_poster/256x256/gameboy_classic_promo_flyer_0035_256x256.json
gameboy_classic_promo_flyer_0036_128x128,gameboy_classic,promo_flyer,arabic_subtitle,bold_arcade_arabic,egyptian_folklore_pixel,128x128,historical_medieval,center_title_large,gameboy_classic/promo_flyer/arabic_subtitle/bold_arcade_arabic/egyptian_folklore_pixel/128x128/gameboy_classic_promo_flyer_0036_128x128.png,gameboy_classic/promo_flyer/arabic_subtitle/bold_arcade_arabic/egyptian_folklore_pixel/128x128/gameboy_classic_promo_flyer_0036_128x128.json
gameboy_classic_promo_flyer_0036_256x256,gameboy_classic,promo_flyer,arabic_subtitle,bold_arcade_arabic,egyptian_folklore_pixel,256x256,historical_medieval,center_title_large,gameboy_classic/promo_flyer/arabic_subtitle/bold_arcade_arabic/egyptian_folklore_pixel/256x256/gameboy_classic_promo_flyer_0036_256x256.png,gameboy_classic/promo_flyer/arabic_subtitle/bold_arcade_arabic/egyptian_folklore_pixel/256x256/gameboy_classic_promo_flyer_0036_256x256.json
gameboy_classic_arabic_title_logo_0037_128x128,gameboy_classic,arabic_title_logo,arabic_only,3d_bevel_arabic,japanese_boxart_style,128x128,egyptian_folklore,top_title_hero_bottom,gameboy_classic/arabic_title_logo/arabic_only/3d_bevel_arabic/japanese_boxart_style/128x128/gameboy_classic_arabic_title_logo_0037_128x128.png,gameboy_classic/arabic_title_logo/arabic_only/3d_bevel_arabic/japanese_boxart_style/128x128/gameboy_classic_arabic_title_logo_0037_128x128.json
gameboy_classic_arabic_title_logo_0037_256x256,gameboy_classic,arabic_title_logo,arabic_only,3d_bevel_arabic,japanese_boxart_style,256x256,egyptian_folklore,top_title_hero_bottom,gameboy_classic/arabic_title_logo/arabic_only/3d_bevel_arabic/japanese_boxart_style/256x256/gameboy_classic_arabic_title_logo_0037_256x256.png,gameboy_classic/arabic_title_logo/arabic_only/3d_bevel_arabic/japanese_boxart_style/256x256/gameboy_classic_arabic_title_logo_0037_256x256.json
gameboy_classic_arabic_title_logo_0038_128x128,gameboy_classic,arabic_title_logo,bilingual_arabic_primary,neon_glitch_arabic,western_boxart_style,128x128,post_apocalyptic,bottom_title_scene_top,gameboy_classic/arabic_title_logo/bilingual_arabic_primary/neon_glitch_arabic/western_boxart_style/128x128/gameboy_classic_arabic_title_logo_0038_128x128.png,gameboy_classic/arabic_title_logo/bilingual_arabic_primary/neon_glitch_arabic/western_boxart_style/128x128/gameboy_classic_arabic_title_logo_0038_128x128.json
gameboy_classic_arabic_title_logo_0038_256x256,gameboy_classic,arabic_title_logo,bilingual_arabic_primary,neon_glitch_arabic,western_boxart_style,256x256,post_apocalyptic,bottom_title_scene_top,gameboy_classic/arabic_title_logo/bilingual_arabic_primary/neon_glitch_arabic/western_boxart_style/256x256/gameboy_classic_arabic_title_logo_0038_256x256.png,gameboy_classic/arabic_title_logo/bilingual_arabic_primary/neon_glitch_arabic/western_boxart_style/256x256/gameboy_classic_arabic_title_logo_0038_256x256.json
gameboy_classic_arabic_title_logo_0039_128x128,gameboy_classic,arabic_title_logo,bilingual_english_primary,fantasy_ornate_arabic,monochrome_dmg,128x128,platformer,grid_framed_boxart,gameboy_classic/arabic_title_logo/bilingual_english_primary/fantasy_ornate_arabic/monochrome_dmg/128x128/gameboy_classic_arabic_title_logo_0039_128x128.png,gameboy_classic/arabic_title_logo/bilingual_english_primary/fantasy_ornate_arabic/monochrome_dmg/128x128/gameboy_classic_arabic_title_logo_0039_128x128.json
gameboy_classic_arabic_title_logo_0039_256x256,gameboy_classic,arabic_title_logo,bilingual_english_primary,fantasy_ornate_arabic,monochrome_dmg,256x256,platformer,grid_framed_boxart,gameboy_classic/arabic_title_logo/bilingual_english_primary/fantasy_ornate_arabic/monochrome_dmg/256x256/gameboy_classic_arabic_title_logo_0039_256x256.png,gameboy_classic/arabic_title_logo/bilingual_english_primary/fantasy_ornate_arabic/monochrome_dmg/256x256/gameboy_classic_arabic_title_logo_0039_256x256.json
gameboy_classic_arabic_title_logo_0040_128x128,gameboy_classic,arabic_title_logo,parallel_pair_arabic,retro_8bit_arabic,retro_8bit_nes,128x128,action_adventure,black_border_nes,gameboy_classic/arabic_title_logo/parallel_pair_arabic/retro_8bit_arabic/retro_8bit_nes/128x128/gameboy_classic_arabic_title_logo_0040_128x128.png,gameboy_classic/arabic_title_logo/parallel_pair_arabic/retro_8bit_arabic/retro_8bit_nes/128x128/gameboy_classic_arabic_title_logo_0040_128x128.json
gameboy_classic_arabic_title_logo_0040_256x256,gameboy_classic,arabic_title_logo,parallel_pair_arabic,retro_8bit_arabic,retro_8bit_nes,256x256,action_adventure,black_border_nes,gameboy_classic/arabic_title_logo/parallel_pair_arabic/retro_8bit_arabic/retro_8bit_nes/256x256/gameboy_classic_arabic_title_logo_0040_256x256.png,gameboy_classic/arabic_title_logo/parallel_pair_arabic/retro_8bit_arabic/retro_8bit_nes/256x256/gameboy_classic_arabic_title_logo_0040_256x256.json
gameboy_classic_arabic_title_logo_0041_128x128,gameboy_classic,arabic_title_logo,arabic_transliteration,metallic_chrome_arabic,retro_16bit_snes_genesis,128x128,fighting_game,diagonal_arcade_badge,gameboy_classic/arabic_title_logo/arabic_transliteration/metallic_chrome_arabic/retro_16bit_snes_genesis/128x128/gameboy_classic_arabic_title_logo_0041_128x128.png,gameboy_classic/arabic_title_logo/arabic_transliteration/metallic_chrome_arabic/retro_16bit_snes_genesis/128x128/gameboy_classic_arabic_title_logo_0041_128x128.json
gameboy_classic_arabic_title_logo_0041_256x256,gameboy_classic,arabic_title_logo,arabic_transliteration,metallic_chrome_arabic,retro_16bit_snes_genesis,256x256,fighting_game,diagonal_arcade_badge,gameboy_classic/arabic_title_logo/arabic_transliteration/metallic_chrome_arabic/retro_16bit_snes_genesis/256x256/gameboy_classic_arabic_title_logo_0041_256x256.png,gameboy_classic/arabic_title_logo/arabic_transliteration/metallic_chrome_arabic/retro_16bit_snes_genesis/256x256/gameboy_classic_arabic_title_logo_0041_256x256.json
gameboy_classic_arabic_title_logo_0042_128x128,gameboy_classic,arabic_title_logo,arabic_subtitle,pixel_thuluth_display,arcade_vibrant,128x128,rpg_fantasy,centered_emblem,gameboy_classic/arabic_title_logo/arabic_subtitle/pixel_thuluth_display/arcade_vibrant/128x128/gameboy_classic_arabic_title_logo_0042_128x128.png,gameboy_classic/arabic_title_logo/arabic_subtitle/pixel_thuluth_display/arcade_vibrant/128x128/gameboy_classic_arabic_title_logo_0042_128x128.json
gameboy_classic_arabic_title_logo_0042_256x256,gameboy_classic,arabic_title_logo,arabic_subtitle,pixel_thuluth_display,arcade_vibrant,256x256,rpg_fantasy,centered_emblem,gameboy_classic/arabic_title_logo/arabic_subtitle/pixel_thuluth_display/arcade_vibrant/256x256/gameboy_classic_arabic_title_logo_0042_256x256.png,gameboy_classic/arabic_title_logo/arabic_subtitle/pixel_thuluth_display/arcade_vibrant/256x256/gameboy_classic_arabic_title_logo_0042_256x256.json
gameboy_classic_english_title_logo_0043_128x128,gameboy_classic,english_title_logo,arabic_only,pixel_calligraffiti,retro_synthwave_80s,128x128,shoot_em_up,split_bilingual_layout,gameboy_classic/english_title_logo/arabic_only/pixel_calligraffiti/retro_synthwave_80s/128x128/gameboy_classic_english_title_logo_0043_128x128.png,gameboy_classic/english_title_logo/arabic_only/pixel_calligraffiti/retro_synthwave_80s/128x128/gameboy_classic_english_title_logo_0043_128x128.json
gameboy_classic_english_title_logo_0043_256x256,gameboy_classic,english_title_logo,arabic_only,pixel_calligraffiti,retro_synthwave_80s,256x256,shoot_em_up,split_bilingual_layout,gameboy_classic/english_title_logo/arabic_only/pixel_calligraffiti/retro_synthwave_80s/256x256/gameboy_classic_english_title_logo_0043_256x256.png,gameboy_classic/english_title_logo/arabic_only/pixel_calligraffiti/retro_synthwave_80s/256x256/gameboy_classic_english_title_logo_0043_256x256.json
gameboy_classic_english_title_logo_0044_128x128,gameboy_classic,english_title_logo,bilingual_arabic_primary,pixel_kufic_geometric,constructivist_arcade,128x128,racing_sports,border_framed,gameboy_classic/english_title_logo/bilingual_arabic_primary/pixel_kufic_geometric/constructivist_arcade/128x128/gameboy_classic_english_title_logo_0044_128x128.png,gameboy_classic/english_title_logo/bilingual_arabic_primary/pixel_kufic_geometric/constructivist_arcade/128x128/gameboy_classic_english_title_logo_0044_128x128.json
gameboy_classic_english_title_logo_0044_256x256,gameboy_classic,english_title_logo,bilingual_arabic_primary,pixel_kufic_geometric,constructivist_arcade,256x256,racing_sports,border_framed,gameboy_classic/english_title_logo/bilingual_arabic_primary/pixel_kufic_geometric/constructivist_arcade/256x256/gameboy_classic_english_title_logo_0044_256x256.png,gameboy_classic/english_title_logo/bilingual_arabic_primary/pixel_kufic_geometric/constructivist_arcade/256x256/gameboy_classic_english_title_logo_0044_256x256.json
gameboy_classic_english_title_logo_0045_128x128,gameboy_classic,english_title_logo,bilingual_english_primary,pixel_ruqah_fast,dark_fantasy_gothic,128x128,horror_survival,center_title_large,gameboy_classic/english_title_logo/bilingual_english_primary/pixel_ruqah_fast/dark_fantasy_gothic/128x128/gameboy_classic_english_title_logo_0045_128x128.png,gameboy_classic/english_title_logo/bilingual_english_primary/pixel_ruqah_fast/dark_fantasy_gothic/128x128/gameboy_classic_english_title_logo_0045_128x128.json
gameboy_classic_english_title_logo_0045_256x256,gameboy_classic,english_title_logo,bilingual_english_primary,pixel_ruqah_fast,dark_fantasy_gothic,256x256,horror_survival,center_title_large,gameboy_classic/english_title_logo/bilingual_english_primary/pixel_ruqah_fast/dark_fantasy_gothic/256x256/gameboy_classic_english_title_logo_0045_256x256.png,gameboy_classic/english_title_logo/bilingual_english_primary/pixel_ruqah_fast/dark_fantasy_gothic/256x256/gameboy_classic_english_title_logo_0045_256x256.json
gameboy_classic_english_title_logo_0046_128x128,gameboy_classic,english_title_logo,parallel_pair_arabic,pixel_naskh_clean,pop_art_comic,128x128,beat_em_up,top_title_hero_bottom,gameboy_classic/english_title_logo/parallel_pair_arabic/pixel_naskh_clean/pop_art_comic/128x128/gameboy_classic_english_title_logo_0046_128x128.png,gameboy_classic/english_title_logo/parallel_pair_arabic/pixel_naskh_clean/pop_art_comic/128x128/gameboy_classic_english_title_logo_0046_128x128.json
gameboy_classic_english_title_logo_0046_256x256,gameboy_classic,english_title_logo,parallel_pair_arabic,pixel_naskh_clean,pop_art_comic,256x256,beat_em_up,top_title_hero_bottom,gameboy_classic/english_title_logo/parallel_pair_arabic/pixel_naskh_clean/pop_art_comic/256x256/gameboy_classic_english_title_logo_0046_256x256.png,gameboy_classic/english_title_logo/parallel_pair_arabic/pixel_naskh_clean/pop_art_comic/256x256/gameboy_classic_english_title_logo_0046_256x256.json
gameboy_classic_english_title_logo_0047_128x128,gameboy_classic,english_title_logo,arabic_transliteration,bold_arcade_arabic,cyberpunk_neon_dystopian,128x128,puzzle_strategy,bottom_title_scene_top,gameboy_classic/english_title_logo/arabic_transliteration/bold_arcade_arabic/cyberpunk_neon_dystopian/128x128/gameboy_classic_english_title_logo_0047_128x128.png,gameboy_classic/english_title_logo/arabic_transliteration/bold_arcade_arabic/cyberpunk_neon_dystopian/128x128/gameboy_classic_english_title_logo_0047_128x128.json
gameboy_classic_english_title_logo_0047_256x256,gameboy_classic,english_title_logo,arabic_transliteration,bold_arcade_arabic,cyberpunk_neon_dystopian,256x256,puzzle_strategy,bottom_title_scene_top,gameboy_classic/english_title_logo/arabic_transliteration/bold_arcade_arabic/cyberpunk_neon_dystopian/256x256/gameboy_classic_english_title_logo_0047_256x256.png,gameboy_classic/english_title_logo/arabic_transliteration/bold_arcade_arabic/cyberpunk_neon_dystopian/256x256/gameboy_classic_english_title_logo_0047_256x256.json
gameboy_classic_english_title_logo_0048_128x128,gameboy_classic,english_title_logo,arabic_subtitle,3d_bevel_arabic,minimalist_pixel_poster,128x128,sci_fi_cyberpunk,grid_framed_boxart,gameboy_classic/english_title_logo/arabic_subtitle/3d_bevel_arabic/minimalist_pixel_poster/128x128/gameboy_classic_english_title_logo_0048_128x128.png,gameboy_classic/english_title_logo/arabic_subtitle/3d_bevel_arabic/minimalist_pixel_poster/128x128/gameboy_classic_english_title_logo_0048_128x128.json
gameboy_classic_english_title_logo_0048_256x256,gameboy_classic,english_title_logo,arabic_subtitle,3d_bevel_arabic,minimalist_pixel_poster,256x256,sci_fi_cyberpunk,grid_framed_boxart,gameboy_classic/english_title_logo/arabic_subtitle/3d_bevel_arabic/minimalist_pixel_poster/256x256/gameboy_classic_english_title_logo_0048_256x256.png,gameboy_classic/english_title_logo/arabic_subtitle/3d_bevel_arabic/minimalist_pixel_poster/256x256/gameboy_classic_english_title_logo_0048_256x256.json
gameboy_classic_bilingual_title_logo_0049_128x128,gameboy_classic,bilingual_title_logo,arabic_only,neon_glitch_arabic,egyptian_folklore_pixel,128x128,historical_medieval,black_border_nes,gameboy_classic/bilingual_title_logo/arabic_only/neon_glitch_arabic/egyptian_folklore_pixel/128x128/gameboy_classic_bilingual_title_logo_0049_128x128.png,gameboy_classic/bilingual_title_logo/arabic_only/neon_glitch_arabic/egyptian_folklore_pixel/128x128/gameboy_classic_bilingual_title_logo_0049_128x128.json
gameboy_classic_bilingual_title_logo_0049_256x256,gameboy_classic,bilingual_title_logo,arabic_only,neon_glitch_arabic,egyptian_folklore_pixel,256x256,historical_medieval,black_border_nes,gameboy_classic/bilingual_title_logo/arabic_only/neon_glitch_arabic/egyptian_folklore_pixel/256x256/gameboy_classic_bilingual_title_logo_0049_256x256.png,gameboy_classic/bilingual_title_logo/arabic_only/neon_glitch_arabic/egyptian_folklore_pixel/256x256/gameboy_classic_bilingual_title_logo_0049_256x256.json
gameboy_classic_bilingual_title_logo_0050_128x128,gameboy_classic,bilingual_title_logo,bilingual_arabic_primary,fantasy_ornate_arabic,japanese_boxart_style,128x128,egyptian_folklore,diagonal_arcade_badge,gameboy_classic/bilingual_title_logo/bilingual_arabic_primary/fantasy_ornate_arabic/japanese_boxart_style/128x128/gameboy_classic_bilingual_title_logo_0050_128x128.png,gameboy_classic/bilingual_title_logo/bilingual_arabic_primary/fantasy_ornate_arabic/japanese_boxart_style/128x128/gameboy_classic_bilingual_title_logo_0050_128x128.json
gameboy_classic_bilingual_title_logo_0050_256x256,gameboy_classic,bilingual_title_logo,bilingual_arabic_primary,fantasy_ornate_arabic,japanese_boxart_style,256x256,egyptian_folklore,diagonal_arcade_badge,gameboy_classic/bilingual_title_logo/bilingual_arabic_primary/fantasy_ornate_arabic/japanese_boxart_style/256x256/gameboy_classic_bilingual_title_logo_0050_256x256.png,gameboy_classic/bilingual_title_logo/bilingual_arabic_primary/fantasy_ornate_arabic/japanese_boxart_style/256x256/gameboy_classic_bilingual_title_logo_0050_256x256.json
gameboy_classic_bilingual_title_logo_0051_128x128,gameboy_classic,bilingual_title_logo,bilingual_english_primary,retro_8bit_arabic,western_boxart_style,128x128,post_apocalyptic,centered_emblem,gameboy_classic/bilingual_title_logo/bilingual_english_primary/retro_8bit_arabic/western_boxart_style/128x128/gameboy_classic_bilingual_title_logo_0051_128x128.png,gameboy_classic/bilingual_title_logo/bilingual_english_primary/retro_8bit_arabic/western_boxart_style/128x128/gameboy_classic_bilingual_title_logo_0051_128x128.json
gameboy_classic_bilingual_title_logo_0051_256x256,gameboy_classic,bilingual_title_logo,bilingual_english_primary,retro_8bit_arabic,western_boxart_style,256x256,post_apocalyptic,centered_emblem,gameboy_classic/bilingual_title_logo/bilingual_english_primary/retro_8bit_arabic/western_boxart_style/256x256/gameboy_classic_bilingual_title_logo_0051_256x256.png,gameboy_classic/bilingual_title_logo/bilingual_english_primary/retro_8bit_arabic/western_boxart_style/256x256/gameboy_classic_bilingual_title_logo_0051_256x256.json
gameboy_classic_bilingual_title_logo_0052_128x128,gameboy_classic,bilingual_title_logo,parallel_pair_arabic,metallic_chrome_arabic,monochrome_dmg,128x128,platformer,split_bilingual_layout,gameboy_classic/bilingual_title_logo/parallel_pair_arabic/metallic_chrome_arabic/monochrome_dmg/128x128/gameboy_classic_bilingual_title_logo_0052_128x128.png,gameboy_classic/bilingual_title_logo/parallel_pair_arabic/metallic_chrome_arabic/monochrome_dmg/128x128/gameboy_classic_bilingual_title_logo_0052_128x128.json
gameboy_classic_bilingual_title_logo_0052_256x256,gameboy_classic,bilingual_title_logo,parallel_pair_arabic,metallic_chrome_arabic,monochrome_dmg,256x256,platformer,split_bilingual_layout,gameboy_classic/bilingual_title_logo/parallel_pair_arabic/metallic_chrome_arabic/monochrome_dmg/256x256/gameboy_classic_bilingual_title_logo_0052_256x256.png,gameboy_classic/bilingual_title_logo/parallel_pair_arabic/metallic_chrome_arabic/monochrome_dmg/256x256/gameboy_classic_bilingual_title_logo_0052_256x256.json
gameboy_classic_bilingual_title_logo_0053_128x128,gameboy_classic,bilingual_title_logo,arabic_transliteration,pixel_thuluth_display,retro_8bit_nes,128x128,action_adventure,border_framed,gameboy_classic/bilingual_title_logo/arabic_transliteration/pixel_thuluth_display/retro_8bit_nes/128x128/gameboy_classic_bilingual_title_logo_0053_128x128.png,gameboy_classic/bilingual_title_logo/arabic_transliteration/pixel_thuluth_display/retro_8bit_nes/128x128/gameboy_classic_bilingual_title_logo_0053_128x128.json
gameboy_classic_bilingual_title_logo_0053_256x256,gameboy_classic,bilingual_title_logo,arabic_transliteration,pixel_thuluth_display,retro_8bit_nes,256x256,action_adventure,border_framed,gameboy_classic/bilingual_title_logo/arabic_transliteration/pixel_thuluth_display/retro_8bit_nes/256x256/gameboy_classic_bilingual_title_logo_0053_256x256.png,gameboy_classic/bilingual_title_logo/arabic_transliteration/pixel_thuluth_display/retro_8bit_nes/256x256/gameboy_classic_bilingual_title_logo_0053_256x256.json
gameboy_classic_bilingual_title_logo_0054_128x128,gameboy_classic,bilingual_title_logo,arabic_subtitle,pixel_calligraffiti,retro_16bit_snes_genesis,128x128,fighting_game,center_title_large,gameboy_classic/bilingual_title_logo/arabic_subtitle/pixel_calligraffiti/retro_16bit_snes_genesis/128x128/gameboy_classic_bilingual_title_logo_0054_128x128.png,gameboy_classic/bilingual_title_logo/arabic_subtitle/pixel_calligraffiti/retro_16bit_snes_genesis/128x128/gameboy_classic_bilingual_title_logo_0054_128x128.json
gameboy_classic_bilingual_title_logo_0054_256x256,gameboy_classic,bilingual_title_logo,arabic_subtitle,pixel_calligraffiti,retro_16bit_snes_genesis,256x256,fighting_game,center_title_large,gameboy_classic/bilingual_title_logo/arabic_subtitle/pixel_calligraffiti/retro_16bit_snes_genesis/256x256/gameboy_classic_bilingual_title_logo_0054_256x256.png,gameboy_classic/bilingual_title_logo/arabic_subtitle/pixel_calligraffiti/retro_16bit_snes_genesis/256x256/gameboy_classic_bilingual_title_logo_0054_256x256.json
gameboy_classic_pixel_lettering_0055_128x128,gameboy_classic,pixel_lettering,arabic_only,pixel_kufic_geometric,arcade_vibrant,128x128,rpg_fantasy,top_title_hero_bottom,gameboy_classic/pixel_lettering/arabic_only/pixel_kufic_geometric/arcade_vibrant/128x128/gameboy_classic_pixel_lettering_0055_128x128.png,gameboy_classic/pixel_lettering/arabic_only/pixel_kufic_geometric/arcade_vibrant/128x128/gameboy_classic_pixel_lettering_0055_128x128.json
gameboy_classic_pixel_lettering_0055_256x256,gameboy_classic,pixel_lettering,arabic_only,pixel_kufic_geometric,arcade_vibrant,256x256,rpg_fantasy,top_title_hero_bottom,gameboy_classic/pixel_lettering/arabic_only/pixel_kufic_geometric/arcade_vibrant/256x256/gameboy_classic_pixel_lettering_0055_256x256.png,gameboy_classic/pixel_lettering/arabic_only/pixel_kufic_geometric/arcade_vibrant/256x256/gameboy_classic_pixel_lettering_0055_256x256.json
gameboy_classic_pixel_lettering_0056_128x128,gameboy_classic,pixel_lettering,bilingual_arabic_primary,pixel_ruqah_fast,retro_synthwave_80s,128x128,shoot_em_up,bottom_title_scene_top,gameboy_classic/pixel_lettering/bilingual_arabic_primary/pixel_ruqah_fast/retro_synthwave_80s/128x128/gameboy_classic_pixel_lettering_0056_128x128.png,gameboy_classic/pixel_lettering/bilingual_arabic_primary/pixel_ruqah_fast/retro_synthwave_80s/128x128/gameboy_classic_pixel_lettering_0056_128x128.json
gameboy_classic_pixel_lettering_0056_256x256,gameboy_classic,pixel_lettering,bilingual_arabic_primary,pixel_ruqah_fast,retro_synthwave_80s,256x256,shoot_em_up,bottom_title_scene_top,gameboy_classic/pixel_lettering/bilingual_arabic_primary/pixel_ruqah_fast/retro_synthwave_80s/256x256/gameboy_classic_pixel_lettering_0056_256x256.png,gameboy_classic/pixel_lettering/bilingual_arabic_primary/pixel_ruqah_fast/retro_synthwave_80s/256x256/gameboy_classic_pixel_lettering_0056_256x256.json
gameboy_classic_pixel_lettering_0057_128x128,gameboy_classic,pixel_lettering,bilingual_english_primary,pixel_naskh_clean,constructivist_arcade,128x128,racing_sports,grid_framed_boxart,gameboy_classic/pixel_lettering/bilingual_english_primary/pixel_naskh_clean/constructivist_arcade/128x128/gameboy_classic_pixel_lettering_0057_128x128.png,gameboy_classic/pixel_lettering/bilingual_english_primary/pixel_naskh_clean/constructivist_arcade/128x128/gameboy_classic_pixel_lettering_0057_128x128.json
gameboy_classic_pixel_lettering_0057_256x256,gameboy_classic,pixel_lettering,bilingual_english_primary,pixel_naskh_clean,constructivist_arcade,256x256,racing_sports,grid_framed_boxart,gameboy_classic/pixel_lettering/bilingual_english_primary/pixel_naskh_clean/constructivist_arcade/256x256/gameboy_classic_pixel_lettering_0057_256x256.png,gameboy_classic/pixel_lettering/bilingual_english_primary/pixel_naskh_clean/constructivist_arcade/256x256/gameboy_classic_pixel_lettering_0057_256x256.json
gameboy_classic_pixel_lettering_0058_128x128,gameboy_classic,pixel_lettering,parallel_pair_arabic,bold_arcade_arabic,dark_fantasy_gothic,128x128,horror_survival,black_border_nes,gameboy_classic/pixel_lettering/parallel_pair_arabic/bold_arcade_arabic/dark_fantasy_gothic/128x128/gameboy_classic_pixel_lettering_0058_128x128.png,gameboy_classic/pixel_lettering/parallel_pair_arabic/bold_arcade_arabic/dark_fantasy_gothic/128x128/gameboy_classic_pixel_lettering_0058_128x128.json
gameboy_classic_pixel_lettering_0058_256x256,gameboy_classic,pixel_lettering,parallel_pair_arabic,bold_arcade_arabic,dark_fantasy_gothic,256x256,horror_survival,black_border_nes,gameboy_classic/pixel_lettering/parallel_pair_arabic/bold_arcade_arabic/dark_fantasy_gothic/256x256/gameboy_classic_pixel_lettering_0058_256x256.png,gameboy_classic/pixel_lettering/parallel_pair_arabic/bold_arcade_arabic/dark_fantasy_gothic/256x256/gameboy_classic_pixel_lettering_0058_256x256.json
gameboy_classic_pixel_lettering_0059_128x128,gameboy_classic,pixel_lettering,arabic_transliteration,3d_bevel_arabic,pop_art_comic,128x128,beat_em_up,diagonal_arcade_badge,gameboy_classic/pixel_lettering/arabic_transliteration/3d_bevel_arabic/pop_art_comic/128x128/gameboy_classic_pixel_lettering_0059_128x128.png,gameboy_classic/pixel_lettering/arabic_transliteration/3d_bevel_arabic/pop_art_comic/128x128/gameboy_classic_pixel_lettering_0059_128x128.json
gameboy_classic_pixel_lettering_0059_256x256,gameboy_classic,pixel_lettering,arabic_transliteration,3d_bevel_arabic,pop_art_comic,256x256,beat_em_up,diagonal_arcade_badge,gameboy_classic/pixel_lettering/arabic_transliteration/3d_bevel_arabic/pop_art_comic/256x256/gameboy_classic_pixel_lettering_0059_256x256.png,gameboy_classic/pixel_lettering/arabic_transliteration/3d_bevel_arabic/pop_art_comic/256x256/gameboy_classic_pixel_lettering_0059_256x256.json
gameboy_classic_pixel_lettering_0060_128x128,gameboy_classic,pixel_lettering,arabic_subtitle,neon_glitch_arabic,cyberpunk_neon_dystopian,128x128,puzzle_strategy,centered_emblem,gameboy_classic/pixel_lettering/arabic_subtitle/neon_glitch_arabic/cyberpunk_neon_dystopian/128x128/gameboy_classic_pixel_lettering_0060_128x128.png,gameboy_classic/pixel_lettering/arabic_subtitle/neon_glitch_arabic/cyberpunk_neon_dystopian/128x128/gameboy_classic_pixel_lettering_0060_128x128.json
gameboy_classic_pixel_lettering_0060_256x256,gameboy_classic,pixel_lettering,arabic_subtitle,neon_glitch_arabic,cyberpunk_neon_dystopian,256x256,puzzle_strategy,centered_emblem,gameboy_classic/pixel_lettering/arabic_subtitle/neon_glitch_arabic/cyberpunk_neon_dystopian/256x256/gameboy_classic_pixel_lettering_0060_256x256.png,gameboy_classic/pixel_lettering/arabic_subtitle/neon_glitch_arabic/cyberpunk_neon_dystopian/256x256/gameboy_classic_pixel_lettering_0060_256x256.json
gameboy_classic_game_over_screen_0061_128x128,gameboy_classic,game_over_screen,arabic_only,fantasy_ornate_arabic,minimalist_pixel_poster,128x128,sci_fi_cyberpunk,split_bilingual_layout,gameboy_classic/game_over_screen/arabic_only/fantasy_ornate_arabic/minimalist_pixel_poster/128x128/gameboy_classic_game_over_screen_0061_128x128.png,gameboy_classic/game_over_screen/arabic_only/fantasy_ornate_arabic/minimalist_pixel_poster/128x128/gameboy_classic_game_over_screen_0061_128x128.json
gameboy_classic_game_over_screen_0061_256x256,gameboy_classic,game_over_screen,arabic_only,fantasy_ornate_arabic,minimalist_pixel_poster,256x256,sci_fi_cyberpunk,split_bilingual_layout,gameboy_classic/game_over_screen/arabic_only/fantasy_ornate_arabic/minimalist_pixel_poster/256x256/gameboy_classic_game_over_screen_0061_256x256.png,gameboy_classic/game_over_screen/arabic_only/fantasy_ornate_arabic/minimalist_pixel_poster/256x256/gameboy_classic_game_over_screen_0061_256x256.json
gameboy_classic_game_over_screen_0062_128x128,gameboy_classic,game_over_screen,bilingual_arabic_primary,retro_8bit_arabic,egyptian_folklore_pixel,128x128,historical_medieval,border_framed,gameboy_classic/game_over_screen/bilingual_arabic_primary/retro_8bit_arabic/egyptian_folklore_pixel/128x128/gameboy_classic_game_over_screen_0062_128x128.png,gameboy_classic/game_over_screen/bilingual_arabic_primary/retro_8bit_arabic/egyptian_folklore_pixel/128x128/gameboy_classic_game_over_screen_0062_128x128.json
gameboy_classic_game_over_screen_0062_256x256,gameboy_classic,game_over_screen,bilingual_arabic_primary,retro_8bit_arabic,egyptian_folklore_pixel,256x256,historical_medieval,border_framed,gameboy_classic/game_over_screen/bilingual_arabic_primary/retro_8bit_arabic/egyptian_folklore_pixel/256x256/gameboy_classic_game_over_screen_0062_256x256.png,gameboy_classic/game_over_screen/bilingual_arabic_primary/retro_8bit_arabic/egyptian_folklore_pixel/256x256/gameboy_classic_game_over_screen_0062_256x256.json
gameboy_classic_game_over_screen_0063_128x128,gameboy_classic,game_over_screen,bilingual_english_primary,metallic_chrome_arabic,japanese_boxart_style,128x128,egyptian_folklore,center_title_large,gameboy_classic/game_over_screen/bilingual_english_primary/metallic_chrome_arabic/japanese_boxart_style/128x128/gameboy_classic_game_over_screen_0063_128x128.png,gameboy_classic/game_over_screen/bilingual_english_primary/metallic_chrome_arabic/japanese_boxart_style/128x128/gameboy_classic_game_over_screen_0063_128x128.json
gameboy_classic_game_over_screen_0063_256x256,gameboy_classic,game_over_screen,bilingual_english_primary,metallic_chrome_arabic,japanese_boxart_style,256x256,egyptian_folklore,center_title_large,gameboy_classic/game_over_screen/bilingual_english_primary/metallic_chrome_arabic/japanese_boxart_style/256x256/gameboy_classic_game_over_screen_0063_256x256.png,gameboy_classic/game_over_screen/bilingual_english_primary/metallic_chrome_arabic/japanese_boxart_style/256x256/gameboy_classic_game_over_screen_0063_256x256.json
gameboy_classic_game_over_screen_0064_128x128,gameboy_classic,game_over_screen,parallel_pair_arabic,pixel_thuluth_display,western_boxart_style,128x128,post_apocalyptic,top_title_hero_bottom,gameboy_classic/game_over_screen/parallel_pair_arabic/pixel_thuluth_display/western_boxart_style/128x128/gameboy_classic_game_over_screen_0064_128x128.png,gameboy_classic/game_over_screen/parallel_pair_arabic/pixel_thuluth_display/western_boxart_style/128x128/gameboy_classic_game_over_screen_0064_128x128.json
gameboy_classic_game_over_screen_0064_256x256,gameboy_classic,game_over_screen,parallel_pair_arabic,pixel_thuluth_display,western_boxart_style,256x256,post_apocalyptic,top_title_hero_bottom,gameboy_classic/game_over_screen/parallel_pair_arabic/pixel_thuluth_display/western_boxart_style/256x256/gameboy_classic_game_over_screen_0064_256x256.png,gameboy_classic/game_over_screen/parallel_pair_arabic/pixel_thuluth_display/western_boxart_style/256x256/gameboy_classic_game_over_screen_0064_256x256.json
gameboy_classic_game_over_screen_0065_128x128,gameboy_classic,game_over_screen,arabic_transliteration,pixel_calligraffiti,monochrome_dmg,128x128,platformer,bottom_title_scene_top,gameboy_classic/game_over_screen/arabic_transliteration/pixel_calligraffiti/monochrome_dmg/128x128/gameboy_classic_game_over_screen_0065_128x128.png,gameboy_classic/game_over_screen/arabic_transliteration/pixel_calligraffiti/monochrome_dmg/128x128/gameboy_classic_game_over_screen_0065_128x128.json
gameboy_classic_game_over_screen_0065_256x256,gameboy_classic,game_over_screen,arabic_transliteration,pixel_calligraffiti,monochrome_dmg,256x256,platformer,bottom_title_scene_top,gameboy_classic/game_over_screen/arabic_transliteration/pixel_calligraffiti/monochrome_dmg/256x256/gameboy_classic_game_over_screen_0065_256x256.png,gameboy_classic/game_over_screen/arabic_transliteration/pixel_calligraffiti/monochrome_dmg/256x256/gameboy_classic_game_over_screen_0065_256x256.json
gameboy_classic_game_over_screen_0066_128x128,gameboy_classic,game_over_screen,arabic_subtitle,pixel_kufic_geometric,retro_8bit_nes,128x128,action_adventure,grid_framed_boxart,gameboy_classic/game_over_screen/arabic_subtitle/pixel_kufic_geometric/retro_8bit_nes/128x128/gameboy_classic_game_over_screen_0066_128x128.png,gameboy_classic/game_over_screen/arabic_subtitle/pixel_kufic_geometric/retro_8bit_nes/128x128/gameboy_classic_game_over_screen_0066_128x128.json
gameboy_classic_game_over_screen_0066_256x256,gameboy_classic,game_over_screen,arabic_subtitle,pixel_kufic_geometric,retro_8bit_nes,256x256,action_adventure,grid_framed_boxart,gameboy_classic/game_over_screen/arabic_subtitle/pixel_kufic_geometric/retro_8bit_nes/256x256/gameboy_classic_game_over_screen_0066_256x256.png,gameboy_classic/game_over_screen/arabic_subtitle/pixel_kufic_geometric/retro_8bit_nes/256x256/gameboy_classic_game_over_screen_0066_256x256.json
gameboy_classic_stage_clear_banner_0067_128x128,gameboy_classic,stage_clear_banner,arabic_only,pixel_ruqah_fast,retro_16bit_snes_genesis,128x128,fighting_game,black_border_nes,gameboy_classic/stage_clear_banner/arabic_only/pixel_ruqah_fast/retro_16bit_snes_genesis/128x128/gameboy_classic_stage_clear_banner_0067_128x128.png,gameboy_classic/stage_clear_banner/arabic_only/pixel_ruqah_fast/retro_16bit_snes_genesis/128x128/gameboy_classic_stage_clear_banner_0067_128x128.json
gameboy_classic_stage_clear_banner_0067_256x256,gameboy_classic,stage_clear_banner,arabic_only,pixel_ruqah_fast,retro_16bit_snes_genesis,256x256,fighting_game,black_border_nes,gameboy_classic/stage_clear_banner/arabic_only/pixel_ruqah_fast/retro_16bit_snes_genesis/256x256/gameboy_classic_stage_clear_banner_0067_256x256.png,gameboy_classic/stage_clear_banner/arabic_only/pixel_ruqah_fast/retro_16bit_snes_genesis/256x256/gameboy_classic_stage_clear_banner_0067_256x256.json
gameboy_classic_stage_clear_banner_0068_128x128,gameboy_classic,stage_clear_banner,bilingual_arabic_primary,pixel_naskh_clean,arcade_vibrant,128x128,rpg_fantasy,diagonal_arcade_badge,gameboy_classic/stage_clear_banner/bilingual_arabic_primary/pixel_naskh_clean/arcade_vibrant/128x128/gameboy_classic_stage_clear_banner_0068_128x128.png,gameboy_classic/stage_clear_banner/bilingual_arabic_primary/pixel_naskh_clean/arcade_vibrant/128x128/gameboy_classic_stage_clear_banner_0068_128x128.json
gameboy_classic_stage_clear_banner_0068_256x256,gameboy_classic,stage_clear_banner,bilingual_arabic_primary,pixel_naskh_clean,arcade_vibrant,256x256,rpg_fantasy,diagonal_arcade_badge,gameboy_classic/stage_clear_banner/bilingual_arabic_primary/pixel_naskh_clean/arcade_vibrant/256x256/gameboy_classic_stage_clear_banner_0068_256x256.png,gameboy_classic/stage_clear_banner/bilingual_arabic_primary/pixel_naskh_clean/arcade_vibrant/256x256/gameboy_classic_stage_clear_banner_0068_256x256.json
gameboy_classic_stage_clear_banner_0069_128x128,gameboy_classic,stage_clear_banner,bilingual_english_primary,bold_arcade_arabic,retro_synthwave_80s,128x128,shoot_em_up,centered_emblem,gameboy_classic/stage_clear_banner/bilingual_english_primary/bold_arcade_arabic/retro_synthwave_80s/128x128/gameboy_classic_stage_clear_banner_0069_128x128.png,gameboy_classic/stage_clear_banner/bilingual_english_primary/bold_arcade_arabic/retro_synthwave_80s/128x128/gameboy_classic_stage_clear_banner_0069_128x128.json
gameboy_classic_stage_clear_banner_0069_256x256,gameboy_classic,stage_clear_banner,bilingual_english_primary,bold_arcade_arabic,retro_synthwave_80s,256x256,shoot_em_up,centered_emblem,gameboy_classic/stage_clear_banner/bilingual_english_primary/bold_arcade_arabic/retro_synthwave_80s/256x256/gameboy_classic_stage_clear_banner_0069_256x256.png,gameboy_classic/stage_clear_banner/bilingual_english_primary/bold_arcade_arabic/retro_synthwave_80s/256x256/gameboy_classic_stage_clear_banner_0069_256x256.json
gameboy_classic_stage_clear_banner_0070_128x128,gameboy_classic,stage_clear_banner,parallel_pair_arabic,3d_bevel_arabic,constructivist_arcade,128x128,racing_sports,split_bilingual_layout,gameboy_classic/stage_clear_banner/parallel_pair_arabic/3d_bevel_arabic/constructivist_arcade/128x128/gameboy_classic_stage_clear_banner_0070_128x128.png,gameboy_classic/stage_clear_banner/parallel_pair_arabic/3d_bevel_arabic/constructivist_arcade/128x128/gameboy_classic_stage_clear_banner_0070_128x128.json
gameboy_classic_stage_clear_banner_0070_256x256,gameboy_classic,stage_clear_banner,parallel_pair_arabic,3d_bevel_arabic,constructivist_arcade,256x256,racing_sports,split_bilingual_layout,gameboy_classic/stage_clear_banner/parallel_pair_arabic/3d_bevel_arabic/constructivist_arcade/256x256/gameboy_classic_stage_clear_banner_0070_256x256.png,gameboy_classic/stage_clear_banner/parallel_pair_arabic/3d_bevel_arabic/constructivist_arcade/256x256/gameboy_classic_stage_clear_banner_0070_256x256.json
gameboy_classic_stage_clear_banner_0071_128x128,gameboy_classic,stage_clear_banner,arabic_transliteration,neon_glitch_arabic,dark_fantasy_gothic,128x128,horror_survival,border_framed,gameboy_classic/stage_clear_banner/arabic_transliteration/neon_glitch_arabic/dark_fantasy_gothic/128x128/gameboy_classic_stage_clear_banner_0071_128x128.png,gameboy_classic/stage_clear_banner/arabic_transliteration/neon_glitch_arabic/dark_fantasy_gothic/128x128/gameboy_classic_stage_clear_banner_0071_128x128.json
gameboy_classic_stage_clear_banner_0071_256x256,gameboy_classic,stage_clear_banner,arabic_transliteration,neon_glitch_arabic,dark_fantasy_gothic,256x256,horror_survival,border_framed,gameboy_classic/stage_clear_banner/arabic_transliteration/neon_glitch_arabic/dark_fantasy_gothic/256x256/gameboy_classic_stage_clear_banner_0071_256x256.png,gameboy_classic/stage_clear_banner/arabic_transliteration/neon_glitch_arabic/dark_fantasy_gothic/256x256/gameboy_classic_stage_clear_banner_0071_256x256.json
gameboy_classic_stage_clear_banner_0072_128x128,gameboy_classic,stage_clear_banner,arabic_subtitle,fantasy_ornate_arabic,pop_art_comic,128x128,beat_em_up,center_title_large,gameboy_classic/stage_clear_banner/arabic_subtitle/fantasy_ornate_arabic/pop_art_comic/128x128/gameboy_classic_stage_clear_banner_0072_128x128.png,gameboy_classic/stage_clear_banner/arabic_subtitle/fantasy_ornate_arabic/pop_art_comic/128x128/gameboy_classic_stage_clear_banner_0072_128x128.json
gameboy_classic_stage_clear_banner_0072_256x256,gameboy_classic,stage_clear_banner,arabic_subtitle,fantasy_ornate_arabic,pop_art_comic,256x256,beat_em_up,center_title_large,gameboy_classic/stage_clear_banner/arabic_subtitle/fantasy_ornate_arabic/pop_art_comic/256x256/gameboy_classic_stage_clear_banner_0072_256x256.png,gameboy_classic/stage_clear_banner/arabic_subtitle/fantasy_ornate_arabic/pop_art_comic/256x256/gameboy_classic_stage_clear_banner_0072_256x256.json
gameboy_classic_ui_title_badge_0073_128x128,gameboy_classic,ui_title_badge,arabic_only,retro_8bit_arabic,cyberpunk_neon_dystopian,128x128,puzzle_strategy,top_title_hero_bottom,gameboy_classic/ui_title_badge/arabic_only/retro_8bit_arabic/cyberpunk_neon_dystopian/128x128/gameboy_classic_ui_title_badge_0073_128x128.png,gameboy_classic/ui_title_badge/arabic_only/retro_8bit_arabic/cyberpunk_neon_dystopian/128x128/gameboy_classic_ui_title_badge_0073_128x128.json
gameboy_classic_ui_title_badge_0073_256x256,gameboy_classic,ui_title_badge,arabic_only,retro_8bit_arabic,cyberpunk_neon_dystopian,256x256,puzzle_strategy,top_title_hero_bottom,gameboy_classic/ui_title_badge/arabic_only/retro_8bit_arabic/cyberpunk_neon_dystopian/256x256/gameboy_classic_ui_title_badge_0073_256x256.png,gameboy_classic/ui_title_badge/arabic_only/retro_8bit_arabic/cyberpunk_neon_dystopian/256x256/gameboy_classic_ui_title_badge_0073_256x256.json
gameboy_classic_ui_title_badge_0074_128x128,gameboy_classic,ui_title_badge,bilingual_arabic_primary,metallic_chrome_arabic,minimalist_pixel_poster,128x128,sci_fi_cyberpunk,bottom_title_scene_top,gameboy_classic/ui_title_badge/bilingual_arabic_primary/metallic_chrome_arabic/minimalist_pixel_poster/128x128/gameboy_classic_ui_title_badge_0074_128x128.png,gameboy_classic/ui_title_badge/bilingual_arabic_primary/metallic_chrome_arabic/minimalist_pixel_poster/128x128/gameboy_classic_ui_title_badge_0074_128x128.json
gameboy_classic_ui_title_badge_0074_256x256,gameboy_classic,ui_title_badge,bilingual_arabic_primary,metallic_chrome_arabic,minimalist_pixel_poster,256x256,sci_fi_cyberpunk,bottom_title_scene_top,gameboy_classic/ui_title_badge/bilingual_arabic_primary/metallic_chrome_arabic/minimalist_pixel_poster/256x256/gameboy_classic_ui_title_badge_0074_256x256.png,gameboy_classic/ui_title_badge/bilingual_arabic_primary/metallic_chrome_arabic/minimalist_pixel_poster/256x256/gameboy_classic_ui_title_badge_0074_256x256.json
gameboy_classic_ui_title_badge_0075_128x128,gameboy_classic,ui_title_badge,bilingual_english_primary,pixel_thuluth_display,egyptian_folklore_pixel,128x128,historical_medieval,grid_framed_boxart,gameboy_classic/ui_title_badge/bilingual_english_primary/pixel_thuluth_display/egyptian_folklore_pixel/128x128/gameboy_classic_ui_title_badge_0075_128x128.png,gameboy_classic/ui_title_badge/bilingual_english_primary/pixel_thuluth_display/egyptian_folklore_pixel/128x128/gameboy_classic_ui_title_badge_0075_128x128.json
gameboy_classic_ui_title_badge_0075_256x256,gameboy_classic,ui_title_badge,bilingual_english_primary,pixel_thuluth_display,egyptian_folklore_pixel,256x256,historical_medieval,grid_framed_boxart,gameboy_classic/ui_title_badge/bilingual_english_primary/pixel_thuluth_display/egyptian_folklore_pixel/256x256/gameboy_classic_ui_title_badge_0075_256x256.png,gameboy_classic/ui_title_badge/bilingual_english_primary/pixel_thuluth_display/egyptian_folklore_pixel/256x256/gameboy_classic_ui_title_badge_0075_256x256.json
gameboy_classic_ui_title_badge_0076_128x128,gameboy_classic,ui_title_badge,parallel_pair_arabic,pixel_calligraffiti,japanese_boxart_style,128x128,egyptian_folklore,black_border_nes,gameboy_classic/ui_title_badge/parallel_pair_arabic/pixel_calligraffiti/japanese_boxart_style/128x128/gameboy_classic_ui_title_badge_0076_128x128.png,gameboy_classic/ui_title_badge/parallel_pair_arabic/pixel_calligraffiti/japanese_boxart_style/128x128/gameboy_classic_ui_title_badge_0076_128x128.json
gameboy_classic_ui_title_badge_0076_256x256,gameboy_classic,ui_title_badge,parallel_pair_arabic,pixel_calligraffiti,japanese_boxart_style,256x256,egyptian_folklore,black_border_nes,gameboy_classic/ui_title_badge/parallel_pair_arabic/pixel_calligraffiti/japanese_boxart_style/256x256/gameboy_classic_ui_title_badge_0076_256x256.png,gameboy_classic/ui_title_badge/parallel_pair_arabic/pixel_calligraffiti/japanese_boxart_style/256x256/gameboy_classic_ui_title_badge_0076_256x256.json
gameboy_classic_ui_title_badge_0077_128x128,gameboy_classic,ui_title_badge,arabic_transliteration,pixel_kufic_geometric,western_boxart_style,128x128,post_apocalyptic,diagonal_arcade_badge,gameboy_classic/ui_title_badge/arabic_transliteration/pixel_kufic_geometric/western_boxart_style/128x128/gameboy_classic_ui_title_badge_0077_128x128.png,gameboy_classic/ui_title_badge/arabic_transliteration/pixel_kufic_geometric/western_boxart_style/128x128/gameboy_classic_ui_title_badge_0077_128x128.json
gameboy_classic_ui_title_badge_0077_256x256,gameboy_classic,ui_title_badge,arabic_transliteration,pixel_kufic_geometric,western_boxart_style,256x256,post_apocalyptic,diagonal_arcade_badge,gameboy_classic/ui_title_badge/arabic_transliteration/pixel_kufic_geometric/western_boxart_style/256x256/gameboy_classic_ui_title_badge_0077_256x256.png,gameboy_classic/ui_title_badge/arabic_transliteration/pixel_kufic_geometric/western_boxart_style/256x256/gameboy_classic_ui_title_badge_0077_256x256.json
gameboy_classic_ui_title_badge_0078_128x128,gameboy_classic,ui_title_badge,arabic_subtitle,pixel_ruqah_fast,monochrome_dmg,128x128,platformer,centered_emblem,gameboy_classic/ui_title_badge/arabic_subtitle/pixel_ruqah_fast/monochrome_dmg/128x128/gameboy_classic_ui_title_badge_0078_128x128.png,gameboy_classic/ui_title_badge/arabic_subtitle/pixel_ruqah_fast/monochrome_dmg/128x128/gameboy_classic_ui_title_badge_0078_128x128.json
gameboy_classic_ui_title_badge_0078_256x256,gameboy_classic,ui_title_badge,arabic_subtitle,pixel_ruqah_fast,monochrome_dmg,256x256,platformer,centered_emblem,gameboy_classic/ui_title_badge/arabic_subtitle/pixel_ruqah_fast/monochrome_dmg/256x256/gameboy_classic_ui_title_badge_0078_256x256.png,gameboy_classic/ui_title_badge/arabic_subtitle/pixel_ruqah_fast/monochrome_dmg/256x256/gameboy_classic_ui_title_badge_0078_256x256.json
gameboy_color_box_art_front_0079_128x128,gameboy_color,box_art_front,arabic_only,pixel_naskh_clean,retro_8bit_nes,128x128,action_adventure,split_bilingual_layout,gameboy_color/box_art_front/arabic_only/pixel_naskh_clean/retro_8bit_nes/128x128/gameboy_color_box_art_front_0079_128x128.png,gameboy_color/box_art_front/arabic_only/pixel_naskh_clean/retro_8bit_nes/128x128/gameboy_color_box_art_front_0079_128x128.json
gameboy_color_box_art_front_0079_256x256,gameboy_color,box_art_front,arabic_only,pixel_naskh_clean,retro_8bit_nes,256x256,action_adventure,split_bilingual_layout,gameboy_color/box_art_front/arabic_only/pixel_naskh_clean/retro_8bit_nes/256x256/gameboy_color_box_art_front_0079_256x256.png,gameboy_color/box_art_front/arabic_only/pixel_naskh_clean/retro_8bit_nes/256x256/gameboy_color_box_art_front_0079_256x256.json
gameboy_color_box_art_front_0080_128x128,gameboy_color,box_art_front,bilingual_arabic_primary,bold_arcade_arabic,retro_16bit_snes_genesis,128x128,fighting_game,border_framed,gameboy_color/box_art_front/bilingual_arabic_primary/bold_arcade_arabic/retro_16bit_snes_genesis/128x128/gameboy_color_box_art_front_0080_128x128.png,gameboy_color/box_art_front/bilingual_arabic_primary/bold_arcade_arabic/retro_16bit_snes_genesis/128x128/gameboy_color_box_art_front_0080_128x128.json
gameboy_color_box_art_front_0080_256x256,gameboy_color,box_art_front,bilingual_arabic_primary,bold_arcade_arabic,retro_16bit_snes_genesis,256x256,fighting_game,border_framed,gameboy_color/box_art_front/bilingual_arabic_primary/bold_arcade_arabic/retro_16bit_snes_genesis/256x256/gameboy_color_box_art_front_0080_256x256.png,gameboy_color/box_art_front/bilingual_arabic_primary/bold_arcade_arabic/retro_16bit_snes_genesis/256x256/gameboy_color_box_art_front_0080_256x256.json
gameboy_color_box_art_front_0081_128x128,gameboy_color,box_art_front,bilingual_english_primary,3d_bevel_arabic,arcade_vibrant,128x128,rpg_fantasy,center_title_large,gameboy_color/box_art_front/bilingual_english_primary/3d_bevel_arabic/arcade_vibrant/128x128/gameboy_color_box_art_front_0081_128x128.png,gameboy_color/box_art_front/bilingual_english_primary/3d_bevel_arabic/arcade_vibrant/128x128/gameboy_color_box_art_front_0081_128x128.json
gameboy_color_box_art_front_0081_256x256,gameboy_color,box_art_front,bilingual_english_primary,3d_bevel_arabic,arcade_vibrant,256x256,rpg_fantasy,center_title_large,gameboy_color/box_art_front/bilingual_english_primary/3d_bevel_arabic/arcade_vibrant/256x256/gameboy_color_box_art_front_0081_256x256.png,gameboy_color/box_art_front/bilingual_english_primary/3d_bevel_arabic/arcade_vibrant/256x256/gameboy_color_box_art_front_0081_256x256.json
gameboy_color_box_art_front_0082_128x128,gameboy_color,box_art_front,parallel_pair_arabic,neon_glitch_arabic,retro_synthwave_80s,128x128,shoot_em_up,top_title_hero_bottom,gameboy_color/box_art_front/parallel_pair_arabic/neon_glitch_arabic/retro_synthwave_80s/128x128/gameboy_color_box_art_front_0082_128x128.png,gameboy_color/box_art_front/parallel_pair_arabic/neon_glitch_arabic/retro_synthwave_80s/128x128/gameboy_color_box_art_front_0082_128x128.json
gameboy_color_box_art_front_0082_256x256,gameboy_color,box_art_front,parallel_pair_arabic,neon_glitch_arabic,retro_synthwave_80s,256x256,shoot_em_up,top_title_hero_bottom,gameboy_color/box_art_front/parallel_pair_arabic/neon_glitch_arabic/retro_synthwave_80s/256x256/gameboy_color_box_art_front_0082_256x256.png,gameboy_color/box_art_front/parallel_pair_arabic/neon_glitch_arabic/retro_synthwave_80s/256x256/gameboy_color_box_art_front_0082_256x256.json
gameboy_color_box_art_front_0083_128x128,gameboy_color,box_art_front,arabic_transliteration,fantasy_ornate_arabic,constructivist_arcade,128x128,racing_sports,bottom_title_scene_top,gameboy_color/box_art_front/arabic_transliteration/fantasy_ornate_arabic/constructivist_arcade/128x128/gameboy_color_box_art_front_0083_128x128.png,gameboy_color/box_art_front/arabic_transliteration/fantasy_ornate_arabic/constructivist_arcade/128x128/gameboy_color_box_art_front_0083_128x128.json
gameboy_color_box_art_front_0083_256x256,gameboy_color,box_art_front,arabic_transliteration,fantasy_ornate_arabic,constructivist_arcade,256x256,racing_sports,bottom_title_scene_top,gameboy_color/box_art_front/arabic_transliteration/fantasy_ornate_arabic/constructivist_arcade/256x256/gameboy_color_box_art_front_0083_256x256.png,gameboy_color/box_art_front/arabic_transliteration/fantasy_ornate_arabic/constructivist_arcade/256x256/gameboy_color_box_art_front_0083_256x256.json
gameboy_color_box_art_front_0084_128x128,gameboy_color,box_art_front,arabic_subtitle,retro_8bit_arabic,dark_fantasy_gothic,128x128,horror_survival,grid_framed_boxart,gameboy_color/box_art_front/arabic_subtitle/retro_8bit_arabic/dark_fantasy_gothic/128x128/gameboy_color_box_art_front_0084_128x128.png,gameboy_color/box_art_front/arabic_subtitle/retro_8bit_arabic/dark_fantasy_gothic/128x128/gameboy_color_box_art_front_0084_128x128.json
gameboy_color_box_art_front_0084_256x256,gameboy_color,box_art_front,arabic_subtitle,retro_8bit_arabic,dark_fantasy_gothic,256x256,horror_survival,grid_framed_boxart,gameboy_color/box_art_front/arabic_subtitle/retro_8bit_arabic/dark_fantasy_gothic/256x256/gameboy_color_box_art_front_0084_256x256.png,gameboy_color/box_art_front/arabic_subtitle/retro_8bit_arabic/dark_fantasy_gothic/256x256/gameboy_color_box_art_front_0084_256x256.json
gameboy_color_title_screen_art_0085_128x128,gameboy_color,title_screen_art,arabic_only,metallic_chrome_arabic,pop_art_comic,128x128,beat_em_up,black_border_nes,gameboy_color/title_screen_art/arabic_only/metallic_chrome_arabic/pop_art_comic/128x128/gameboy_color_title_screen_art_0085_128x128.png,gameboy_color/title_screen_art/arabic_only/metallic_chrome_arabic/pop_art_comic/128x128/gameboy_color_title_screen_art_0085_128x128.json
gameboy_color_title_screen_art_0085_256x256,gameboy_color,title_screen_art,arabic_only,metallic_chrome_arabic,pop_art_comic,256x256,beat_em_up,black_border_nes,gameboy_color/title_screen_art/arabic_only/metallic_chrome_arabic/pop_art_comic/256x256/gameboy_color_title_screen_art_0085_256x256.png,gameboy_color/title_screen_art/arabic_only/metallic_chrome_arabic/pop_art_comic/256x256/gameboy_color_title_screen_art_0085_256x256.json
gameboy_color_title_screen_art_0086_128x128,gameboy_color,title_screen_art,bilingual_arabic_primary,pixel_thuluth_display,cyberpunk_neon_dystopian,128x128,puzzle_strategy,diagonal_arcade_badge,gameboy_color/title_screen_art/bilingual_arabic_primary/pixel_thuluth_display/cyberpunk_neon_dystopian/128x128/gameboy_color_title_screen_art_0086_128x128.png,gameboy_color/title_screen_art/bilingual_arabic_primary/pixel_thuluth_display/cyberpunk_neon_dystopian/128x128/gameboy_color_title_screen_art_0086_128x128.json
gameboy_color_title_screen_art_0086_256x256,gameboy_color,title_screen_art,bilingual_arabic_primary,pixel_thuluth_display,cyberpunk_neon_dystopian,256x256,puzzle_strategy,diagonal_arcade_badge,gameboy_color/title_screen_art/bilingual_arabic_primary/pixel_thuluth_display/cyberpunk_neon_dystopian/256x256/gameboy_color_title_screen_art_0086_256x256.png,gameboy_color/title_screen_art/bilingual_arabic_primary/pixel_thuluth_display/cyberpunk_neon_dystopian/256x256/gameboy_color_title_screen_art_0086_256x256.json
gameboy_color_title_screen_art_0087_128x128,gameboy_color,title_screen_art,bilingual_english_primary,pixel_calligraffiti,minimalist_pixel_poster,128x128,sci_fi_cyberpunk,centered_emblem,gameboy_color/title_screen_art/bilingual_english_primary/pixel_calligraffiti/minimalist_pixel_poster/128x128/gameboy_color_title_screen_art_0087_128x128.png,gameboy_color/title_screen_art/bilingual_english_primary/pixel_calligraffiti/minimalist_pixel_poster/128x128/gameboy_color_title_screen_art_0087_128x128.json
gameboy_color_title_screen_art_0087_256x256,gameboy_color,title_screen_art,bilingual_english_primary,pixel_calligraffiti,minimalist_pixel_poster,256x256,sci_fi_cyberpunk,centered_emblem,gameboy_color/title_screen_art/bilingual_english_primary/pixel_calligraffiti/minimalist_pixel_poster/256x256/gameboy_color_title_screen_art_0087_256x256.png,gameboy_color/title_screen_art/bilingual_english_primary/pixel_calligraffiti/minimalist_pixel_poster/256x256/gameboy_color_title_screen_art_0087_256x256.json
gameboy_color_title_screen_art_0088_128x128,gameboy_color,title_screen_art,parallel_pair_arabic,pixel_kufic_geometric,egyptian_folklore_pixel,128x128,historical_medieval,split_bilingual_layout,gameboy_color/title_screen_art/parallel_pair_arabic/pixel_kufic_geometric/egyptian_folklore_pixel/128x128/gameboy_color_title_screen_art_0088_128x128.png,gameboy_color/title_screen_art/parallel_pair_arabic/pixel_kufic_geometric/egyptian_folklore_pixel/128x128/gameboy_color_title_screen_art_0088_128x128.json
gameboy_color_title_screen_art_0088_256x256,gameboy_color,title_screen_art,parallel_pair_arabic,pixel_kufic_geometric,egyptian_folklore_pixel,256x256,historical_medieval,split_bilingual_layout,gameboy_color/title_screen_art/parallel_pair_arabic/pixel_kufic_geometric/egyptian_folklore_pixel/256x256/gameboy_color_title_screen_art_0088_256x256.png,gameboy_color/title_screen_art/parallel_pair_arabic/pixel_kufic_geometric/egyptian_folklore_pixel/256x256/gameboy_color_title_screen_art_0088_256x256.json
gameboy_color_title_screen_art_0089_128x128,gameboy_color,title_screen_art,arabic_transliteration,pixel_ruqah_fast,japanese_boxart_style,128x128,egyptian_folklore,border_framed,gameboy_color/title_screen_art/arabic_transliteration/pixel_ruqah_fast/japanese_boxart_style/128x128/gameboy_color_title_screen_art_0089_128x128.png,gameboy_color/title_screen_art/arabic_transliteration/pixel_ruqah_fast/japanese_boxart_style/128x128/gameboy_color_title_screen_art_0089_128x128.json
gameboy_color_title_screen_art_0089_256x256,gameboy_color,title_screen_art,arabic_transliteration,pixel_ruqah_fast,japanese_boxart_style,256x256,egyptian_folklore,border_framed,gameboy_color/title_screen_art/arabic_transliteration/pixel_ruqah_fast/japanese_boxart_style/256x256/gameboy_color_title_screen_art_0089_256x256.png,gameboy_color/title_screen_art/arabic_transliteration/pixel_ruqah_fast/japanese_boxart_style/256x256/gameboy_color_title_screen_art_0089_256x256.json
gameboy_color_title_screen_art_0090_128x128,gameboy_color,title_screen_art,arabic_subtitle,pixel_naskh_clean,western_boxart_style,128x128,post_apocalyptic,center_title_large,gameboy_color/title_screen_art/arabic_subtitle/pixel_naskh_clean/western_boxart_style/128x128/gameboy_color_title_screen_art_0090_128x128.png,gameboy_color/title_screen_art/arabic_subtitle/pixel_naskh_clean/western_boxart_style/128x128/gameboy_color_title_screen_art_0090_128x128.json
gameboy_color_title_screen_art_0090_256x256,gameboy_color,title_screen_art,arabic_subtitle,pixel_naskh_clean,western_boxart_style,256x256,post_apocalyptic,center_title_large,gameboy_color/title_screen_art/arabic_subtitle/pixel_naskh_clean/western_boxart_style/256x256/gameboy_color_title_screen_art_0090_256x256.png,gameboy_color/title_screen_art/arabic_subtitle/pixel_naskh_clean/western_boxart_style/256x256/gameboy_color_title_screen_art_0090_256x256.json
gameboy_color_arcade_marquee_0091_128x128,gameboy_color,arcade_marquee,arabic_only,bold_arcade_arabic,monochrome_dmg,128x128,platformer,top_title_hero_bottom,gameboy_color/arcade_marquee/arabic_only/bold_arcade_arabic/monochrome_dmg/128x128/gameboy_color_arcade_marquee_0091_128x128.png,gameboy_color/arcade_marquee/arabic_only/bold_arcade_arabic/monochrome_dmg/128x128/gameboy_color_arcade_marquee_0091_128x128.json
gameboy_color_arcade_marquee_0091_256x256,gameboy_color,arcade_marquee,arabic_only,bold_arcade_arabic,monochrome_dmg,256x256,platformer,top_title_hero_bottom,gameboy_color/arcade_marquee/arabic_only/bold_arcade_arabic/monochrome_dmg/256x256/gameboy_color_arcade_marquee_0091_256x256.png,gameboy_color/arcade_marquee/arabic_only/bold_arcade_arabic/monochrome_dmg/256x256/gameboy_color_arcade_marquee_0091_256x256.json
gameboy_color_arcade_marquee_0092_128x128,gameboy_color,arcade_marquee,bilingual_arabic_primary,3d_bevel_arabic,retro_8bit_nes,128x128,action_adventure,bottom_title_scene_top,gameboy_color/arcade_marquee/bilingual_arabic_primary/3d_bevel_arabic/retro_8bit_nes/128x128/gameboy_color_arcade_marquee_0092_128x128.png,gameboy_color/arcade_marquee/bilingual_arabic_primary/3d_bevel_arabic/retro_8bit_nes/128x128/gameboy_color_arcade_marquee_0092_128x128.json
gameboy_color_arcade_marquee_0092_256x256,gameboy_color,arcade_marquee,bilingual_arabic_primary,3d_bevel_arabic,retro_8bit_nes,256x256,action_adventure,bottom_title_scene_top,gameboy_color/arcade_marquee/bilingual_arabic_primary/3d_bevel_arabic/retro_8bit_nes/256x256/gameboy_color_arcade_marquee_0092_256x256.png,gameboy_color/arcade_marquee/bilingual_arabic_primary/3d_bevel_arabic/retro_8bit_nes/256x256/gameboy_color_arcade_marquee_0092_256x256.json
gameboy_color_arcade_marquee_0093_128x128,gameboy_color,arcade_marquee,bilingual_english_primary,neon_glitch_arabic,retro_16bit_snes_genesis,128x128,fighting_game,grid_framed_boxart,gameboy_color/arcade_marquee/bilingual_english_primary/neon_glitch_arabic/retro_16bit_snes_genesis/128x128/gameboy_color_arcade_marquee_0093_128x128.png,gameboy_color/arcade_marquee/bilingual_english_primary/neon_glitch_arabic/retro_16bit_snes_genesis/128x128/gameboy_color_arcade_marquee_0093_128x128.json
gameboy_color_arcade_marquee_0093_256x256,gameboy_color,arcade_marquee,bilingual_english_primary,neon_glitch_arabic,retro_16bit_snes_genesis,256x256,fighting_game,grid_framed_boxart,gameboy_color/arcade_marquee/bilingual_english_primary/neon_glitch_arabic/retro_16bit_snes_genesis/256x256/gameboy_color_arcade_marquee_0093_256x256.png,gameboy_color/arcade_marquee/bilingual_english_primary/neon_glitch_arabic/retro_16bit_snes_genesis/256x256/gameboy_color_arcade_marquee_0093_256x256.json
gameboy_color_arcade_marquee_0094_128x128,gameboy_color,arcade_marquee,parallel_pair_arabic,fantasy_ornate_arabic,arcade_vibrant,128x128,rpg_fantasy,black_border_nes,gameboy_color/arcade_marquee/parallel_pair_arabic/fantasy_ornate_arabic/arcade_vibrant/128x128/gameboy_color_arcade_marquee_0094_128x128.png,gameboy_color/arcade_marquee/parallel_pair_arabic/fantasy_ornate_arabic/arcade_vibrant/128x128/gameboy_color_arcade_marquee_0094_128x128.json
gameboy_color_arcade_marquee_0094_256x256,gameboy_color,arcade_marquee,parallel_pair_arabic,fantasy_ornate_arabic,arcade_vibrant,256x256,rpg_fantasy,black_border_nes,gameboy_color/arcade_marquee/parallel_pair_arabic/fantasy_ornate_arabic/arcade_vibrant/256x256/gameboy_color_arcade_marquee_0094_256x256.png,gameboy_color/arcade_marquee/parallel_pair_arabic/fantasy_ornate_arabic/arcade_vibrant/256x256/gameboy_color_arcade_marquee_0094_256x256.json
gameboy_color_arcade_marquee_0095_128x128,gameboy_color,arcade_marquee,arabic_transliteration,retro_8bit_arabic,retro_synthwave_80s,128x128,shoot_em_up,diagonal_arcade_badge,gameboy_color/arcade_marquee/arabic_transliteration/retro_8bit_arabic/retro_synthwave_80s/128x128/gameboy_color_arcade_marquee_0095_128x128.png,gameboy_color/arcade_marquee/arabic_transliteration/retro_8bit_arabic/retro_synthwave_80s/128x128/gameboy_color_arcade_marquee_0095_128x128.json
gameboy_color_arcade_marquee_0095_256x256,gameboy_color,arcade_marquee,arabic_transliteration,retro_8bit_arabic,retro_synthwave_80s,256x256,shoot_em_up,diagonal_arcade_badge,gameboy_color/arcade_marquee/arabic_transliteration/retro_8bit_arabic/retro_synthwave_80s/256x256/gameboy_color_arcade_marquee_0095_256x256.png,gameboy_color/arcade_marquee/arabic_transliteration/retro_8bit_arabic/retro_synthwave_80s/256x256/gameboy_color_arcade_marquee_0095_256x256.json
gameboy_color_arcade_marquee_0096_128x128,gameboy_color,arcade_marquee,arabic_subtitle,metallic_chrome_arabic,constructivist_arcade,128x128,racing_sports,centered_emblem,gameboy_color/arcade_marquee/arabic_subtitle/metallic_chrome_arabic/constructivist_arcade/128x128/gameboy_color_arcade_marquee_0096_128x128.png,gameboy_color/arcade_marquee/arabic_subtitle/metallic_chrome_arabic/constructivist_arcade/128x128/gameboy_color_arcade_marquee_0096_128x128.json
gameboy_color_arcade_marquee_0096_256x256,gameboy_color,arcade_marquee,arabic_subtitle,metallic_chrome_arabic,constructivist_arcade,256x256,racing_sports,centered_emblem,gameboy_color/arcade_marquee/arabic_subtitle/metallic_chrome_arabic/constructivist_arcade/256x256/gameboy_color_arcade_marquee_0096_256x256.png,gameboy_color/arcade_marquee/arabic_subtitle/metallic_chrome_arabic/constructivist_arcade/256x256/gameboy_color_arcade_marquee_0096_256x256.json
gameboy_color_cartridge_label_0097_128x128,gameboy_color,cartridge_label,arabic_only,pixel_thuluth_display,dark_fantasy_gothic,128x128,horror_survival,split_bilingual_layout,gameboy_color/cartridge_label/arabic_only/pixel_thuluth_display/dark_fantasy_gothic/128x128/gameboy_color_cartridge_label_0097_128x128.png,gameboy_color/cartridge_label/arabic_only/pixel_thuluth_display/dark_fantasy_gothic/128x128/gameboy_color_cartridge_label_0097_128x128.json
gameboy_color_cartridge_label_0097_256x256,gameboy_color,cartridge_label,arabic_only,pixel_thuluth_display,dark_fantasy_gothic,256x256,horror_survival,split_bilingual_layout,gameboy_color/cartridge_label/arabic_only/pixel_thuluth_display/dark_fantasy_gothic/256x256/gameboy_color_cartridge_label_0097_256x256.png,gameboy_color/cartridge_label/arabic_only/pixel_thuluth_display/dark_fantasy_gothic/256x256/gameboy_color_cartridge_label_0097_256x256.json
gameboy_color_cartridge_label_0098_128x128,gameboy_color,cartridge_label,bilingual_arabic_primary,pixel_calligraffiti,pop_art_comic,128x128,beat_em_up,border_framed,gameboy_color/cartridge_label/bilingual_arabic_primary/pixel_calligraffiti/pop_art_comic/128x128/gameboy_color_cartridge_label_0098_128x128.png,gameboy_color/cartridge_label/bilingual_arabic_primary/pixel_calligraffiti/pop_art_comic/128x128/gameboy_color_cartridge_label_0098_128x128.json
gameboy_color_cartridge_label_0098_256x256,gameboy_color,cartridge_label,bilingual_arabic_primary,pixel_calligraffiti,pop_art_comic,256x256,beat_em_up,border_framed,gameboy_color/cartridge_label/bilingual_arabic_primary/pixel_calligraffiti/pop_art_comic/256x256/gameboy_color_cartridge_label_0098_256x256.png,gameboy_color/cartridge_label/bilingual_arabic_primary/pixel_calligraffiti/pop_art_comic/256x256/gameboy_color_cartridge_label_0098_256x256.json
gameboy_color_cartridge_label_0099_128x128,gameboy_color,cartridge_label,bilingual_english_primary,pixel_kufic_geometric,cyberpunk_neon_dystopian,128x128,puzzle_strategy,center_title_large,gameboy_color/cartridge_label/bilingual_english_primary/pixel_kufic_geometric/cyberpunk_neon_dystopian/128x128/gameboy_color_cartridge_label_0099_128x128.png,gameboy_color/cartridge_label/bilingual_english_primary/pixel_kufic_geometric/cyberpunk_neon_dystopian/128x128/gameboy_color_cartridge_label_0099_128x128.json
gameboy_color_cartridge_label_0099_256x256,gameboy_color,cartridge_label,bilingual_english_primary,pixel_kufic_geometric,cyberpunk_neon_dystopian,256x256,puzzle_strategy,center_title_large,gameboy_color/cartridge_label/bilingual_english_primary/pixel_kufic_geometric/cyberpunk_neon_dystopian/256x256/gameboy_color_cartridge_label_0099_256x256.png,gameboy_color/cartridge_label/bilingual_english_primary/pixel_kufic_geometric/cyberpunk_neon_dystopian/256x256/gameboy_color_cartridge_label_0099_256x256.json
gameboy_color_cartridge_label_0100_128x128,gameboy_color,cartridge_label,parallel_pair_arabic,pixel_ruqah_fast,minimalist_pixel_poster,128x128,sci_fi_cyberpunk,top_title_hero_bottom,gameboy_color/cartridge_label/parallel_pair_arabic/pixel_ruqah_fast/minimalist_pixel_poster/128x128/gameboy_color_cartridge_label_0100_128x128.png,gameboy_color/cartridge_label/parallel_pair_arabic/pixel_ruqah_fast/minimalist_pixel_poster/128x128/gameboy_color_cartridge_label_0100_128x128.json
gameboy_color_cartridge_label_0100_256x256,gameboy_color,cartridge_label,parallel_pair_arabic,pixel_ruqah_fast,minimalist_pixel_poster,256x256,sci_fi_cyberpunk,top_title_hero_bottom,gameboy_color/cartridge_label/parallel_pair_arabic/pixel_ruqah_fast/minimalist_pixel_poster/256x256/gameboy_color_cartridge_label_0100_256x256.png,gameboy_color/cartridge_label/parallel_pair_arabic/pixel_ruqah_fast/minimalist_pixel_poster/256x256/gameboy_color_cartridge_label_0100_256x256.json
gameboy_color_cartridge_label_0101_128x128,gameboy_color,cartridge_label,arabic_transliteration,pixel_naskh_clean,egyptian_folklore_pixel,128x128,historical_medieval,bottom_title_scene_top,gameboy_color/cartridge_label/arabic_transliteration/pixel_naskh_clean/egyptian_folklore_pixel/128x128/gameboy_color_cartridge_label_0101_128x128.png,gameboy_color/cartridge_label/arabic_transliteration/pixel_naskh_clean/egyptian_folklore_pixel/128x128/gameboy_color_cartridge_label_0101_128x128.json
gameboy_color_cartridge_label_0101_256x256,gameboy_color,cartridge_label,arabic_transliteration,pixel_naskh_clean,egyptian_folklore_pixel,256x256,historical_medieval,bottom_title_scene_top,gameboy_color/cartridge_label/arabic_transliteration/pixel_naskh_clean/egyptian_folklore_pixel/256x256/gameboy_color_cartridge_label_0101_256x256.png,gameboy_color/cartridge_label/arabic_transliteration/pixel_naskh_clean/egyptian_folklore_pixel/256x256/gameboy_color_cartridge_label_0101_256x256.json
gameboy_color_cartridge_label_0102_128x128,gameboy_color,cartridge_label,arabic_subtitle,bold_arcade_arabic,japanese_boxart_style,128x128,egyptian_folklore,grid_framed_boxart,gameboy_color/cartridge_label/arabic_subtitle/bold_arcade_arabic/japanese_boxart_style/128x128/gameboy_color_cartridge_label_0102_128x128.png,gameboy_color/cartridge_label/arabic_subtitle/bold_arcade_arabic/japanese_boxart_style/128x128/gameboy_color_cartridge_label_0102_128x128.json
gameboy_color_cartridge_label_0102_256x256,gameboy_color,cartridge_label,arabic_subtitle,bold_arcade_arabic,japanese_boxart_style,256x256,egyptian_folklore,grid_framed_boxart,gameboy_color/cartridge_label/arabic_subtitle/bold_arcade_arabic/japanese_boxart_style/256x256/gameboy_color_cartridge_label_0102_256x256.png,gameboy_color/cartridge_label/arabic_subtitle/bold_arcade_arabic/japanese_boxart_style/256x256/gameboy_color_cartridge_label_0102_256x256.json
gameboy_color_full_game_poster_0103_128x128,gameboy_color,full_game_poster,arabic_only,3d_bevel_arabic,western_boxart_style,128x128,post_apocalyptic,black_border_nes,gameboy_color/full_game_poster/arabic_only/3d_bevel_arabic/western_boxart_style/128x128/gameboy_color_full_game_poster_0103_128x128.png,gameboy_color/full_game_poster/arabic_only/3d_bevel_arabic/western_boxart_style/128x128/gameboy_color_full_game_poster_0103_128x128.json
gameboy_color_full_game_poster_0103_256x256,gameboy_color,full_game_poster,arabic_only,3d_bevel_arabic,western_boxart_style,256x256,post_apocalyptic,black_border_nes,gameboy_color/full_game_poster/arabic_only/3d_bevel_arabic/western_boxart_style/256x256/gameboy_color_full_game_poster_0103_256x256.png,gameboy_color/full_game_poster/arabic_only/3d_bevel_arabic/western_boxart_style/256x256/gameboy_color_full_game_poster_0103_256x256.json
gameboy_color_full_game_poster_0104_128x128,gameboy_color,full_game_poster,bilingual_arabic_primary,neon_glitch_arabic,monochrome_dmg,128x128,platformer,diagonal_arcade_badge,gameboy_color/full_game_poster/bilingual_arabic_primary/neon_glitch_arabic/monochrome_dmg/128x128/gameboy_color_full_game_poster_0104_128x128.png,gameboy_color/full_game_poster/bilingual_arabic_primary/neon_glitch_arabic/monochrome_dmg/128x128/gameboy_color_full_game_poster_0104_128x128.json
gameboy_color_full_game_poster_0104_256x256,gameboy_color,full_game_poster,bilingual_arabic_primary,neon_glitch_arabic,monochrome_dmg,256x256,platformer,diagonal_arcade_badge,gameboy_color/full_game_poster/bilingual_arabic_primary/neon_glitch_arabic/monochrome_dmg/256x256/gameboy_color_full_game_poster_0104_256x256.png,gameboy_color/full_game_poster/bilingual_arabic_primary/neon_glitch_arabic/monochrome_dmg/256x256/gameboy_color_full_game_poster_0104_256x256.json
gameboy_color_full_game_poster_0105_128x128,gameboy_color,full_game_poster,bilingual_english_primary,fantasy_ornate_arabic,retro_8bit_nes,128x128,action_adventure,centered_emblem,gameboy_color/full_game_poster/bilingual_english_primary/fantasy_ornate_arabic/retro_8bit_nes/128x128/gameboy_color_full_game_poster_0105_128x128.png,gameboy_color/full_game_poster/bilingual_english_primary/fantasy_ornate_arabic/retro_8bit_nes/128x128/gameboy_color_full_game_poster_0105_128x128.json
gameboy_color_full_game_poster_0105_256x256,gameboy_color,full_game_poster,bilingual_english_primary,fantasy_ornate_arabic,retro_8bit_nes,256x256,action_adventure,centered_emblem,gameboy_color/full_game_poster/bilingual_english_primary/fantasy_ornate_arabic/retro_8bit_nes/256x256/gameboy_color_full_game_poster_0105_256x256.png,gameboy_color/full_game_poster/bilingual_english_primary/fantasy_ornate_arabic/retro_8bit_nes/256x256/gameboy_color_full_game_poster_0105_256x256.json
gameboy_color_full_game_poster_0106_128x128,gameboy_color,full_game_poster,parallel_pair_arabic,retro_8bit_arabic,retro_16bit_snes_genesis,128x128,fighting_game,split_bilingual_layout,gameboy_color/full_game_poster/parallel_pair_arabic/retro_8bit_arabic/retro_16bit_snes_genesis/128x128/gameboy_color_full_game_poster_0106_128x128.png,gameboy_color/full_game_poster/parallel_pair_arabic/retro_8bit_arabic/retro_16bit_snes_genesis/128x128/gameboy_color_full_game_poster_0106_128x128.json
gameboy_color_full_game_poster_0106_256x256,gameboy_color,full_game_poster,parallel_pair_arabic,retro_8bit_arabic,retro_16bit_snes_genesis,256x256,fighting_game,split_bilingual_layout,gameboy_color/full_game_poster/parallel_pair_arabic/retro_8bit_arabic/retro_16bit_snes_genesis/256x256/gameboy_color_full_game_poster_0106_256x256.png,gameboy_color/full_game_poster/parallel_pair_arabic/retro_8bit_arabic/retro_16bit_snes_genesis/256x256/gameboy_color_full_game_poster_0106_256x256.json
gameboy_color_full_game_poster_0107_128x128,gameboy_color,full_game_poster,arabic_transliteration,metallic_chrome_arabic,arcade_vibrant,128x128,rpg_fantasy,border_framed,gameboy_color/full_game_poster/arabic_transliteration/metallic_chrome_arabic/arcade_vibrant/128x128/gameboy_color_full_game_poster_0107_128x128.png,gameboy_color/full_game_poster/arabic_transliteration/metallic_chrome_arabic/arcade_vibrant/128x128/gameboy_color_full_game_poster_0107_128x128.json
gameboy_color_full_game_poster_0107_256x256,gameboy_color,full_game_poster,arabic_transliteration,metallic_chrome_arabic,arcade_vibrant,256x256,rpg_fantasy,border_framed,gameboy_color/full_game_poster/arabic_transliteration/metallic_chrome_arabic/arcade_vibrant/256x256/gameboy_color_full_game_poster_0107_256x256.png,gameboy_color/full_game_poster/arabic_transliteration/metallic_chrome_arabic/arcade_vibrant/256x256/gameboy_color_full_game_poster_0107_256x256.json
gameboy_color_full_game_poster_0108_128x128,gameboy_color,full_game_poster,arabic_subtitle,pixel_thuluth_display,retro_synthwave_80s,128x128,shoot_em_up,center_title_large,gameboy_color/full_game_poster/arabic_subtitle/pixel_thuluth_display/retro_synthwave_80s/128x128/gameboy_color_full_game_poster_0108_128x128.png,gameboy_color/full_game_poster/arabic_subtitle/pixel_thuluth_display/retro_synthwave_80s/128x128/gameboy_color_full_game_poster_0108_128x128.json
gameboy_color_full_game_poster_0108_256x256,gameboy_color,full_game_poster,arabic_subtitle,pixel_thuluth_display,retro_synthwave_80s,256x256,shoot_em_up,center_title_large,gameboy_color/full_game_poster/arabic_subtitle/pixel_thuluth_display/retro_synthwave_80s/256x256/gameboy_color_full_game_poster_0108_256x256.png,gameboy_color/full_game_poster/arabic_subtitle/pixel_thuluth_display/retro_synthwave_80s/256x256/gameboy_color_full_game_poster_0108_256x256.json
gameboy_color_promo_flyer_0109_128x128,gameboy_color,promo_flyer,arabic_only,pixel_calligraffiti,constructivist_arcade,128x128,racing_sports,top_title_hero_bottom,gameboy_color/promo_flyer/arabic_only/pixel_calligraffiti/constructivist_arcade/128x128/gameboy_color_promo_flyer_0109_128x128.png,gameboy_color/promo_flyer/arabic_only/pixel_calligraffiti/constructivist_arcade/128x128/gameboy_color_promo_flyer_0109_128x128.json
gameboy_color_promo_flyer_0109_256x256,gameboy_color,promo_flyer,arabic_only,pixel_calligraffiti,constructivist_arcade,256x256,racing_sports,top_title_hero_bottom,gameboy_color/promo_flyer/arabic_only/pixel_calligraffiti/constructivist_arcade/256x256/gameboy_color_promo_flyer_0109_256x256.png,gameboy_color/promo_flyer/arabic_only/pixel_calligraffiti/constructivist_arcade/256x256/gameboy_color_promo_flyer_0109_256x256.json
gameboy_color_promo_flyer_0110_128x128,gameboy_color,promo_flyer,bilingual_arabic_primary,pixel_kufic_geometric,dark_fantasy_gothic,128x128,horror_survival,bottom_title_scene_top,gameboy_color/promo_flyer/bilingual_arabic_primary/pixel_kufic_geometric/dark_fantasy_gothic/128x128/gameboy_color_promo_flyer_0110_128x128.png,gameboy_color/promo_flyer/bilingual_arabic_primary/pixel_kufic_geometric/dark_fantasy_gothic/128x128/gameboy_color_promo_flyer_0110_128x128.json
gameboy_color_promo_flyer_0110_256x256,gameboy_color,promo_flyer,bilingual_arabic_primary,pixel_kufic_geometric,dark_fantasy_gothic,256x256,horror_survival,bottom_title_scene_top,gameboy_color/promo_flyer/bilingual_arabic_primary/pixel_kufic_geometric/dark_fantasy_gothic/256x256/gameboy_color_promo_flyer_0110_256x256.png,gameboy_color/promo_flyer/bilingual_arabic_primary/pixel_kufic_geometric/dark_fantasy_gothic/256x256/gameboy_color_promo_flyer_0110_256x256.json
gameboy_color_promo_flyer_0111_128x128,gameboy_color,promo_flyer,bilingual_english_primary,pixel_ruqah_fast,pop_art_comic,128x128,beat_em_up,grid_framed_boxart,gameboy_color/promo_flyer/bilingual_english_primary/pixel_ruqah_fast/pop_art_comic/128x128/gameboy_color_promo_flyer_0111_128x128.png,gameboy_color/promo_flyer/bilingual_english_primary/pixel_ruqah_fast/pop_art_comic/128x128/gameboy_color_promo_flyer_0111_128x128.json
gameboy_color_promo_flyer_0111_256x256,gameboy_color,promo_flyer,bilingual_english_primary,pixel_ruqah_fast,pop_art_comic,256x256,beat_em_up,grid_framed_boxart,gameboy_color/promo_flyer/bilingual_english_primary/pixel_ruqah_fast/pop_art_comic/256x256/gameboy_color_promo_flyer_0111_256x256.png,gameboy_color/promo_flyer/bilingual_english_primary/pixel_ruqah_fast/pop_art_comic/256x256/gameboy_color_promo_flyer_0111_256x256.json
gameboy_color_promo_flyer_0112_128x128,gameboy_color,promo_flyer,parallel_pair_arabic,pixel_naskh_clean,cyberpunk_neon_dystopian,128x128,puzzle_strategy,black_border_nes,gameboy_color/promo_flyer/parallel_pair_arabic/pixel_naskh_clean/cyberpunk_neon_dystopian/128x128/gameboy_color_promo_flyer_0112_128x128.png,gameboy_color/promo_flyer/parallel_pair_arabic/pixel_naskh_clean/cyberpunk_neon_dystopian/128x128/gameboy_color_promo_flyer_0112_128x128.json
gameboy_color_promo_flyer_0112_256x256,gameboy_color,promo_flyer,parallel_pair_arabic,pixel_naskh_clean,cyberpunk_neon_dystopian,256x256,puzzle_strategy,black_border_nes,gameboy_color/promo_flyer/parallel_pair_arabic/pixel_naskh_clean/cyberpunk_neon_dystopian/256x256/gameboy_color_promo_flyer_0112_256x256.png,gameboy_color/promo_flyer/parallel_pair_arabic/pixel_naskh_clean/cyberpunk_neon_dystopian/256x256/gameboy_color_promo_flyer_0112_256x256.json
gameboy_color_promo_flyer_0113_128x128,gameboy_color,promo_flyer,arabic_transliteration,bold_arcade_arabic,minimalist_pixel_poster,128x128,sci_fi_cyberpunk,diagonal_arcade_badge,gameboy_color/promo_flyer/arabic_transliteration/bold_arcade_arabic/minimalist_pixel_poster/128x128/gameboy_color_promo_flyer_0113_128x128.png,gameboy_color/promo_flyer/arabic_transliteration/bold_arcade_arabic/minimalist_pixel_poster/128x128/gameboy_color_promo_flyer_0113_128x128.json
gameboy_color_promo_flyer_0113_256x256,gameboy_color,promo_flyer,arabic_transliteration,bold_arcade_arabic,minimalist_pixel_poster,256x256,sci_fi_cyberpunk,diagonal_arcade_badge,gameboy_color/promo_flyer/arabic_transliteration/bold_arcade_arabic/minimalist_pixel_poster/256x256/gameboy_color_promo_flyer_0113_256x256.png,gameboy_color/promo_flyer/arabic_transliteration/bold_arcade_arabic/minimalist_pixel_poster/256x256/gameboy_color_promo_flyer_0113_256x256.json
gameboy_color_promo_flyer_0114_128x128,gameboy_color,promo_flyer,arabic_subtitle,3d_bevel_arabic,egyptian_folklore_pixel,128x128,historical_medieval,centered_emblem,gameboy_color/promo_flyer/arabic_subtitle/3d_bevel_arabic/egyptian_folklore_pixel/128x128/gameboy_color_promo_flyer_0114_128x128.png,gameboy_color/promo_flyer/arabic_subtitle/3d_bevel_arabic/egyptian_folklore_pixel/128x128/gameboy_color_promo_flyer_0114_128x128.json
gameboy_color_promo_flyer_0114_256x256,gameboy_color,promo_flyer,arabic_subtitle,3d_bevel_arabic,egyptian_folklore_pixel,256x256,historical_medieval,centered_emblem,gameboy_color/promo_flyer/arabic_subtitle/3d_bevel_arabic/egyptian_folklore_pixel/256x256/gameboy_color_promo_flyer_0114_256x256.png,gameboy_color/promo_flyer/arabic_subtitle/3d_bevel_arabic/egyptian_folklore_pixel/256x256/gameboy_color_promo_flyer_0114_256x256.json
gameboy_color_arabic_title_logo_0115_128x128,gameboy_color,arabic_title_logo,arabic_only,neon_glitch_arabic,japanese_boxart_style,128x128,egyptian_folklore,split_bilingual_layout,gameboy_color/arabic_title_logo/arabic_only/neon_glitch_arabic/japanese_boxart_style/128x128/gameboy_color_arabic_title_logo_0115_128x128.png,gameboy_color/arabic_title_logo/arabic_only/neon_glitch_arabic/japanese_boxart_style/128x128/gameboy_color_arabic_title_logo_0115_128x128.json
gameboy_color_arabic_title_logo_0115_256x256,gameboy_color,arabic_title_logo,arabic_only,neon_glitch_arabic,japanese_boxart_style,256x256,egyptian_folklore,split_bilingual_layout,gameboy_color/arabic_title_logo/arabic_only/neon_glitch_arabic/japanese_boxart_style/256x256/gameboy_color_arabic_title_logo_0115_256x256.png,gameboy_color/arabic_title_logo/arabic_only/neon_glitch_arabic/japanese_boxart_style/256x256/gameboy_color_arabic_title_logo_0115_256x256.json
gameboy_color_arabic_title_logo_0116_128x128,gameboy_color,arabic_title_logo,bilingual_arabic_primary,fantasy_ornate_arabic,western_boxart_style,128x128,post_apocalyptic,border_framed,gameboy_color/arabic_title_logo/bilingual_arabic_primary/fantasy_ornate_arabic/western_boxart_style/128x128/gameboy_color_arabic_title_logo_0116_128x128.png,gameboy_color/arabic_title_logo/bilingual_arabic_primary/fantasy_ornate_arabic/western_boxart_style/128x128/gameboy_color_arabic_title_logo_0116_128x128.json
gameboy_color_arabic_title_logo_0116_256x256,gameboy_color,arabic_title_logo,bilingual_arabic_primary,fantasy_ornate_arabic,western_boxart_style,256x256,post_apocalyptic,border_framed,gameboy_color/arabic_title_logo/bilingual_arabic_primary/fantasy_ornate_arabic/western_boxart_style/256x256/gameboy_color_arabic_title_logo_0116_256x256.png,gameboy_color/arabic_title_logo/bilingual_arabic_primary/fantasy_ornate_arabic/western_boxart_style/256x256/gameboy_color_arabic_title_logo_0116_256x256.json
gameboy_color_arabic_title_logo_0117_128x128,gameboy_color,arabic_title_logo,bilingual_english_primary,retro_8bit_arabic,monochrome_dmg,128x128,platformer,center_title_large,gameboy_color/arabic_title_logo/bilingual_english_primary/retro_8bit_arabic/monochrome_dmg/128x128/gameboy_color_arabic_title_logo_0117_128x128.png,gameboy_color/arabic_title_logo/bilingual_english_primary/retro_8bit_arabic/monochrome_dmg/128x128/gameboy_color_arabic_title_logo_0117_128x128.json
gameboy_color_arabic_title_logo_0117_256x256,gameboy_color,arabic_title_logo,bilingual_english_primary,retro_8bit_arabic,monochrome_dmg,256x256,platformer,center_title_large,gameboy_color/arabic_title_logo/bilingual_english_primary/retro_8bit_arabic/monochrome_dmg/256x256/gameboy_color_arabic_title_logo_0117_256x256.png,gameboy_color/arabic_title_logo/bilingual_english_primary/retro_8bit_arabic/monochrome_dmg/256x256/gameboy_color_arabic_title_logo_0117_256x256.json
gameboy_color_arabic_title_logo_0118_128x128,gameboy_color,arabic_title_logo,parallel_pair_arabic,metallic_chrome_arabic,retro_8bit_nes,128x128,action_adventure,top_title_hero_bottom,gameboy_color/arabic_title_logo/parallel_pair_arabic/metallic_chrome_arabic/retro_8bit_nes/128x128/gameboy_color_arabic_title_logo_0118_128x128.png,gameboy_color/arabic_title_logo/parallel_pair_arabic/metallic_chrome_arabic/retro_8bit_nes/128x128/gameboy_color_arabic_title_logo_0118_128x128.json
gameboy_color_arabic_title_logo_0118_256x256,gameboy_color,arabic_title_logo,parallel_pair_arabic,metallic_chrome_arabic,retro_8bit_nes,256x256,action_adventure,top_title_hero_bottom,gameboy_color/arabic_title_logo/parallel_pair_arabic/metallic_chrome_arabic/retro_8bit_nes/256x256/gameboy_color_arabic_title_logo_0118_256x256.png,gameboy_color/arabic_title_logo/parallel_pair_arabic/metallic_chrome_arabic/retro_8bit_nes/256x256/gameboy_color_arabic_title_logo_0118_256x256.json
gameboy_color_arabic_title_logo_0119_128x128,gameboy_color,arabic_title_logo,arabic_transliteration,pixel_thuluth_display,retro_16bit_snes_genesis,128x128,fighting_game,bottom_title_scene_top,gameboy_color/arabic_title_logo/arabic_transliteration/pixel_thuluth_display/retro_16bit_snes_genesis/128x128/gameboy_color_arabic_title_logo_0119_128x128.png,gameboy_color/arabic_title_logo/arabic_transliteration/pixel_thuluth_display/retro_16bit_snes_genesis/128x128/gameboy_color_arabic_title_logo_0119_128x128.json
gameboy_color_arabic_title_logo_0119_256x256,gameboy_color,arabic_title_logo,arabic_transliteration,pixel_thuluth_display,retro_16bit_snes_genesis,256x256,fighting_game,bottom_title_scene_top,gameboy_color/arabic_title_logo/arabic_transliteration/pixel_thuluth_display/retro_16bit_snes_genesis/256x256/gameboy_color_arabic_title_logo_0119_256x256.png,gameboy_color/arabic_title_logo/arabic_transliteration/pixel_thuluth_display/retro_16bit_snes_genesis/256x256/gameboy_color_arabic_title_logo_0119_256x256.json
gameboy_color_arabic_title_logo_0120_128x128,gameboy_color,arabic_title_logo,arabic_subtitle,pixel_calligraffiti,arcade_vibrant,128x128,rpg_fantasy,grid_framed_boxart,gameboy_color/arabic_title_logo/arabic_subtitle/pixel_calligraffiti/arcade_vibrant/128x128/gameboy_color_arabic_title_logo_0120_128x128.png,gameboy_color/arabic_title_logo/arabic_subtitle/pixel_calligraffiti/arcade_vibrant/128x128/gameboy_color_arabic_title_logo_0120_128x128.json
gameboy_color_arabic_title_logo_0120_256x256,gameboy_color,arabic_title_logo,arabic_subtitle,pixel_calligraffiti,arcade_vibrant,256x256,rpg_fantasy,grid_framed_boxart,gameboy_color/arabic_title_logo/arabic_subtitle/pixel_calligraffiti/arcade_vibrant/256x256/gameboy_color_arabic_title_logo_0120_256x256.png,gameboy_color/arabic_title_logo/arabic_subtitle/pixel_calligraffiti/arcade_vibrant/256x256/gameboy_color_arabic_title_logo_0120_256x256.json
gameboy_color_english_title_logo_0121_128x128,gameboy_color,english_title_logo,arabic_only,pixel_kufic_geometric,retro_synthwave_80s,128x128,shoot_em_up,black_border_nes,gameboy_color/english_title_logo/arabic_only/pixel_kufic_geometric/retro_synthwave_80s/128x128/gameboy_color_english_title_logo_0121_128x128.png,gameboy_color/english_title_logo/arabic_only/pixel_kufic_geometric/retro_synthwave_80s/128x128/gameboy_color_english_title_logo_0121_128x128.json
gameboy_color_english_title_logo_0121_256x256,gameboy_color,english_title_logo,arabic_only,pixel_kufic_geometric,retro_synthwave_80s,256x256,shoot_em_up,black_border_nes,gameboy_color/english_title_logo/arabic_only/pixel_kufic_geometric/retro_synthwave_80s/256x256/gameboy_color_english_title_logo_0121_256x256.png,gameboy_color/english_title_logo/arabic_only/pixel_kufic_geometric/retro_synthwave_80s/256x256/gameboy_color_english_title_logo_0121_256x256.json
gameboy_color_english_title_logo_0122_128x128,gameboy_color,english_title_logo,bilingual_arabic_primary,pixel_ruqah_fast,constructivist_arcade,128x128,racing_sports,diagonal_arcade_badge,gameboy_color/english_title_logo/bilingual_arabic_primary/pixel_ruqah_fast/constructivist_arcade/128x128/gameboy_color_english_title_logo_0122_128x128.png,gameboy_color/english_title_logo/bilingual_arabic_primary/pixel_ruqah_fast/constructivist_arcade/128x128/gameboy_color_english_title_logo_0122_128x128.json
gameboy_color_english_title_logo_0122_256x256,gameboy_color,english_title_logo,bilingual_arabic_primary,pixel_ruqah_fast,constructivist_arcade,256x256,racing_sports,diagonal_arcade_badge,gameboy_color/english_title_logo/bilingual_arabic_primary/pixel_ruqah_fast/constructivist_arcade/256x256/gameboy_color_english_title_logo_0122_256x256.png,gameboy_color/english_title_logo/bilingual_arabic_primary/pixel_ruqah_fast/constructivist_arcade/256x256/gameboy_color_english_title_logo_0122_256x256.json
gameboy_color_english_title_logo_0123_128x128,gameboy_color,english_title_logo,bilingual_english_primary,pixel_naskh_clean,dark_fantasy_gothic,128x128,horror_survival,centered_emblem,gameboy_color/english_title_logo/bilingual_english_primary/pixel_naskh_clean/dark_fantasy_gothic/128x128/gameboy_color_english_title_logo_0123_128x128.png,gameboy_color/english_title_logo/bilingual_english_primary/pixel_naskh_clean/dark_fantasy_gothic/128x128/gameboy_color_english_title_logo_0123_128x128.json
gameboy_color_english_title_logo_0123_256x256,gameboy_color,english_title_logo,bilingual_english_primary,pixel_naskh_clean,dark_fantasy_gothic,256x256,horror_survival,centered_emblem,gameboy_color/english_title_logo/bilingual_english_primary/pixel_naskh_clean/dark_fantasy_gothic/256x256/gameboy_color_english_title_logo_0123_256x256.png,gameboy_color/english_title_logo/bilingual_english_primary/pixel_naskh_clean/dark_fantasy_gothic/256x256/gameboy_color_english_title_logo_0123_256x256.json
gameboy_color_english_title_logo_0124_128x128,gameboy_color,english_title_logo,parallel_pair_arabic,bold_arcade_arabic,pop_art_comic,128x128,beat_em_up,split_bilingual_layout,gameboy_color/english_title_logo/parallel_pair_arabic/bold_arcade_arabic/pop_art_comic/128x128/gameboy_color_english_title_logo_0124_128x128.png,gameboy_color/english_title_logo/parallel_pair_arabic/bold_arcade_arabic/pop_art_comic/128x128/gameboy_color_english_title_logo_0124_128x128.json
gameboy_color_english_title_logo_0124_256x256,gameboy_color,english_title_logo,parallel_pair_arabic,bold_arcade_arabic,pop_art_comic,256x256,beat_em_up,split_bilingual_layout,gameboy_color/english_title_logo/parallel_pair_arabic/bold_arcade_arabic/pop_art_comic/256x256/gameboy_color_english_title_logo_0124_256x256.png,gameboy_color/english_title_logo/parallel_pair_arabic/bold_arcade_arabic/pop_art_comic/256x256/gameboy_color_english_title_logo_0124_256x256.json
gameboy_color_english_title_logo_0125_128x128,gameboy_color,english_title_logo,arabic_transliteration,3d_bevel_arabic,cyberpunk_neon_dystopian,128x128,puzzle_strategy,border_framed,gameboy_color/english_title_logo/arabic_transliteration/3d_bevel_arabic/cyberpunk_neon_dystopian/128x128/gameboy_color_english_title_logo_0125_128x128.png,gameboy_color/english_title_logo/arabic_transliteration/3d_bevel_arabic/cyberpunk_neon_dystopian/128x128/gameboy_color_english_title_logo_0125_128x128.json
gameboy_color_english_title_logo_0125_256x256,gameboy_color,english_title_logo,arabic_transliteration,3d_bevel_arabic,cyberpunk_neon_dystopian,256x256,puzzle_strategy,border_framed,gameboy_color/english_title_logo/arabic_transliteration/3d_bevel_arabic/cyberpunk_neon_dystopian/256x256/gameboy_color_english_title_logo_0125_256x256.png,gameboy_color/english_title_logo/arabic_transliteration/3d_bevel_arabic/cyberpunk_neon_dystopian/256x256/gameboy_color_english_title_logo_0125_256x256.json
gameboy_color_english_title_logo_0126_128x128,gameboy_color,english_title_logo,arabic_subtitle,neon_glitch_arabic,minimalist_pixel_poster,128x128,sci_fi_cyberpunk,center_title_large,gameboy_color/english_title_logo/arabic_subtitle/neon_glitch_arabic/minimalist_pixel_poster/128x128/gameboy_color_english_title_logo_0126_128x128.png,gameboy_color/english_title_logo/arabic_subtitle/neon_glitch_arabic/minimalist_pixel_poster/128x128/gameboy_color_english_title_logo_0126_128x128.json
gameboy_color_english_title_logo_0126_256x256,gameboy_color,english_title_logo,arabic_subtitle,neon_glitch_arabic,minimalist_pixel_poster,256x256,sci_fi_cyberpunk,center_title_large,gameboy_color/english_title_logo/arabic_subtitle/neon_glitch_arabic/minimalist_pixel_poster/256x256/gameboy_color_english_title_logo_0126_256x256.png,gameboy_color/english_title_logo/arabic_subtitle/neon_glitch_arabic/minimalist_pixel_poster/256x256/gameboy_color_english_title_logo_0126_256x256.json
gameboy_color_bilingual_title_logo_0127_128x128,gameboy_color,bilingual_title_logo,arabic_only,fantasy_ornate_arabic,egyptian_folklore_pixel,128x128,historical_medieval,top_title_hero_bottom,gameboy_color/bilingual_title_logo/arabic_only/fantasy_ornate_arabic/egyptian_folklore_pixel/128x128/gameboy_color_bilingual_title_logo_0127_128x128.png,gameboy_color/bilingual_title_logo/arabic_only/fantasy_ornate_arabic/egyptian_folklore_pixel/128x128/gameboy_color_bilingual_title_logo_0127_128x128.json
gameboy_color_bilingual_title_logo_0127_256x256,gameboy_color,bilingual_title_logo,arabic_only,fantasy_ornate_arabic,egyptian_folklore_pixel,256x256,historical_medieval,top_title_hero_bottom,gameboy_color/bilingual_title_logo/arabic_only/fantasy_ornate_arabic/egyptian_folklore_pixel/256x256/gameboy_color_bilingual_title_logo_0127_256x256.png,gameboy_color/bilingual_title_logo/arabic_only/fantasy_ornate_arabic/egyptian_folklore_pixel/256x256/gameboy_color_bilingual_title_logo_0127_256x256.json
gameboy_color_bilingual_title_logo_0128_128x128,gameboy_color,bilingual_title_logo,bilingual_arabic_primary,retro_8bit_arabic,japanese_boxart_style,128x128,egyptian_folklore,bottom_title_scene_top,gameboy_color/bilingual_title_logo/bilingual_arabic_primary/retro_8bit_arabic/japanese_boxart_style/128x128/gameboy_color_bilingual_title_logo_0128_128x128.png,gameboy_color/bilingual_title_logo/bilingual_arabic_primary/retro_8bit_arabic/japanese_boxart_style/128x128/gameboy_color_bilingual_title_logo_0128_128x128.json
gameboy_color_bilingual_title_logo_0128_256x256,gameboy_color,bilingual_title_logo,bilingual_arabic_primary,retro_8bit_arabic,japanese_boxart_style,256x256,egyptian_folklore,bottom_title_scene_top,gameboy_color/bilingual_title_logo/bilingual_arabic_primary/retro_8bit_arabic/japanese_boxart_style/256x256/gameboy_color_bilingual_title_logo_0128_256x256.png,gameboy_color/bilingual_title_logo/bilingual_arabic_primary/retro_8bit_arabic/japanese_boxart_style/256x256/gameboy_color_bilingual_title_logo_0128_256x256.json
gameboy_color_bilingual_title_logo_0129_128x128,gameboy_color,bilingual_title_logo,bilingual_english_primary,metallic_chrome_arabic,western_boxart_style,128x128,post_apocalyptic,grid_framed_boxart,gameboy_color/bilingual_title_logo/bilingual_english_primary/metallic_chrome_arabic/western_boxart_style/128x128/gameboy_color_bilingual_title_logo_0129_128x128.png,gameboy_color/bilingual_title_logo/bilingual_english_primary/metallic_chrome_arabic/western_boxart_style/128x128/gameboy_color_bilingual_title_logo_0129_128x128.json
gameboy_color_bilingual_title_logo_0129_256x256,gameboy_color,bilingual_title_logo,bilingual_english_primary,metallic_chrome_arabic,western_boxart_style,256x256,post_apocalyptic,grid_framed_boxart,gameboy_color/bilingual_title_logo/bilingual_english_primary/metallic_chrome_arabic/western_boxart_style/256x256/gameboy_color_bilingual_title_logo_0129_256x256.png,gameboy_color/bilingual_title_logo/bilingual_english_primary/metallic_chrome_arabic/western_boxart_style/256x256/gameboy_color_bilingual_title_logo_0129_256x256.json
gameboy_color_bilingual_title_logo_0130_128x128,gameboy_color,bilingual_title_logo,parallel_pair_arabic,pixel_thuluth_display,monochrome_dmg,128x128,platformer,black_border_nes,gameboy_color/bilingual_title_logo/parallel_pair_arabic/pixel_thuluth_display/monochrome_dmg/128x128/gameboy_color_bilingual_title_logo_0130_128x128.png,gameboy_color/bilingual_title_logo/parallel_pair_arabic/pixel_thuluth_display/monochrome_dmg/128x128/gameboy_color_bilingual_title_logo_0130_128x128.json
gameboy_color_bilingual_title_logo_0130_256x256,gameboy_color,bilingual_title_logo,parallel_pair_arabic,pixel_thuluth_display,monochrome_dmg,256x256,platformer,black_border_nes,gameboy_color/bilingual_title_logo/parallel_pair_arabic/pixel_thuluth_display/monochrome_dmg/256x256/gameboy_color_bilingual_title_logo_0130_256x256.png,gameboy_color/bilingual_title_logo/parallel_pair_arabic/pixel_thuluth_display/monochrome_dmg/256x256/gameboy_color_bilingual_title_logo_0130_256x256.json
gameboy_color_bilingual_title_logo_0131_128x128,gameboy_color,bilingual_title_logo,arabic_transliteration,pixel_calligraffiti,retro_8bit_nes,128x128,action_adventure,diagonal_arcade_badge,gameboy_color/bilingual_title_logo/arabic_transliteration/pixel_calligraffiti/retro_8bit_nes/128x128/gameboy_color_bilingual_title_logo_0131_128x128.png,gameboy_color/bilingual_title_logo/arabic_transliteration/pixel_calligraffiti/retro_8bit_nes/128x128/gameboy_color_bilingual_title_logo_0131_128x128.json
gameboy_color_bilingual_title_logo_0131_256x256,gameboy_color,bilingual_title_logo,arabic_transliteration,pixel_calligraffiti,retro_8bit_nes,256x256,action_adventure,diagonal_arcade_badge,gameboy_color/bilingual_title_logo/arabic_transliteration/pixel_calligraffiti/retro_8bit_nes/256x256/gameboy_color_bilingual_title_logo_0131_256x256.png,gameboy_color/bilingual_title_logo/arabic_transliteration/pixel_calligraffiti/retro_8bit_nes/256x256/gameboy_color_bilingual_title_logo_0131_256x256.json
gameboy_color_bilingual_title_logo_0132_128x128,gameboy_color,bilingual_title_logo,arabic_subtitle,pixel_kufic_geometric,retro_16bit_snes_genesis,128x128,fighting_game,centered_emblem,gameboy_color/bilingual_title_logo/arabic_subtitle/pixel_kufic_geometric/retro_16bit_snes_genesis/128x128/gameboy_color_bilingual_title_logo_0132_128x128.png,gameboy_color/bilingual_title_logo/arabic_subtitle/pixel_kufic_geometric/retro_16bit_snes_genesis/128x128/gameboy_color_bilingual_title_logo_0132_128x128.json
gameboy_color_bilingual_title_logo_0132_256x256,gameboy_color,bilingual_title_logo,arabic_subtitle,pixel_kufic_geometric,retro_16bit_snes_genesis,256x256,fighting_game,centered_emblem,gameboy_color/bilingual_title_logo/arabic_subtitle/pixel_kufic_geometric/retro_16bit_snes_genesis/256x256/gameboy_color_bilingual_title_logo_0132_256x256.png,gameboy_color/bilingual_title_logo/arabic_subtitle/pixel_kufic_geometric/retro_16bit_snes_genesis/256x256/gameboy_color_bilingual_title_logo_0132_256x256.json
gameboy_color_pixel_lettering_0133_128x128,gameboy_color,pixel_lettering,arabic_only,pixel_ruqah_fast,arcade_vibrant,128x128,rpg_fantasy,split_bilingual_layout,gameboy_color/pixel_lettering/arabic_only/pixel_ruqah_fast/arcade_vibrant/128x128/gameboy_color_pixel_lettering_0133_128x128.png,gameboy_color/pixel_lettering/arabic_only/pixel_ruqah_fast/arcade_vibrant/128x128/gameboy_color_pixel_lettering_0133_128x128.json
gameboy_color_pixel_lettering_0133_256x256,gameboy_color,pixel_lettering,arabic_only,pixel_ruqah_fast,arcade_vibrant,256x256,rpg_fantasy,split_bilingual_layout,gameboy_color/pixel_lettering/arabic_only/pixel_ruqah_fast/arcade_vibrant/256x256/gameboy_color_pixel_lettering_0133_256x256.png,gameboy_color/pixel_lettering/arabic_only/pixel_ruqah_fast/arcade_vibrant/256x256/gameboy_color_pixel_lettering_0133_256x256.json
gameboy_color_pixel_lettering_0134_128x128,gameboy_color,pixel_lettering,bilingual_arabic_primary,pixel_naskh_clean,retro_synthwave_80s,128x128,shoot_em_up,border_framed,gameboy_color/pixel_lettering/bilingual_arabic_primary/pixel_naskh_clean/retro_synthwave_80s/128x128/gameboy_color_pixel_lettering_0134_128x128.png,gameboy_color/pixel_lettering/bilingual_arabic_primary/pixel_naskh_clean/retro_synthwave_80s/128x128/gameboy_color_pixel_lettering_0134_128x128.json
gameboy_color_pixel_lettering_0134_256x256,gameboy_color,pixel_lettering,bilingual_arabic_primary,pixel_naskh_clean,retro_synthwave_80s,256x256,shoot_em_up,border_framed,gameboy_color/pixel_lettering/bilingual_arabic_primary/pixel_naskh_clean/retro_synthwave_80s/256x256/gameboy_color_pixel_lettering_0134_256x256.png,gameboy_color/pixel_lettering/bilingual_arabic_primary/pixel_naskh_clean/retro_synthwave_80s/256x256/gameboy_color_pixel_lettering_0134_256x256.json
gameboy_color_pixel_lettering_0135_128x128,gameboy_color,pixel_lettering,bilingual_english_primary,bold_arcade_arabic,constructivist_arcade,128x128,racing_sports,center_title_large,gameboy_color/pixel_lettering/bilingual_english_primary/bold_arcade_arabic/constructivist_arcade/128x128/gameboy_color_pixel_lettering_0135_128x128.png,gameboy_color/pixel_lettering/bilingual_english_primary/bold_arcade_arabic/constructivist_arcade/128x128/gameboy_color_pixel_lettering_0135_128x128.json
gameboy_color_pixel_lettering_0135_256x256,gameboy_color,pixel_lettering,bilingual_english_primary,bold_arcade_arabic,constructivist_arcade,256x256,racing_sports,center_title_large,gameboy_color/pixel_lettering/bilingual_english_primary/bold_arcade_arabic/constructivist_arcade/256x256/gameboy_color_pixel_lettering_0135_256x256.png,gameboy_color/pixel_lettering/bilingual_english_primary/bold_arcade_arabic/constructivist_arcade/256x256/gameboy_color_pixel_lettering_0135_256x256.json
gameboy_color_pixel_lettering_0136_128x128,gameboy_color,pixel_lettering,parallel_pair_arabic,3d_bevel_arabic,dark_fantasy_gothic,128x128,horror_survival,top_title_hero_bottom,gameboy_color/pixel_lettering/parallel_pair_arabic/3d_bevel_arabic/dark_fantasy_gothic/128x128/gameboy_color_pixel_lettering_0136_128x128.png,gameboy_color/pixel_lettering/parallel_pair_arabic/3d_bevel_arabic/dark_fantasy_gothic/128x128/gameboy_color_pixel_lettering_0136_128x128.json
gameboy_color_pixel_lettering_0136_256x256,gameboy_color,pixel_lettering,parallel_pair_arabic,3d_bevel_arabic,dark_fantasy_gothic,256x256,horror_survival,top_title_hero_bottom,gameboy_color/pixel_lettering/parallel_pair_arabic/3d_bevel_arabic/dark_fantasy_gothic/256x256/gameboy_color_pixel_lettering_0136_256x256.png,gameboy_color/pixel_lettering/parallel_pair_arabic/3d_bevel_arabic/dark_fantasy_gothic/256x256/gameboy_color_pixel_lettering_0136_256x256.json
gameboy_color_pixel_lettering_0137_128x128,gameboy_color,pixel_lettering,arabic_transliteration,neon_glitch_arabic,pop_art_comic,128x128,beat_em_up,bottom_title_scene_top,gameboy_color/pixel_lettering/arabic_transliteration/neon_glitch_arabic/pop_art_comic/128x128/gameboy_color_pixel_lettering_0137_128x128.png,gameboy_color/pixel_lettering/arabic_transliteration/neon_glitch_arabic/pop_art_comic/128x128/gameboy_color_pixel_lettering_0137_128x128.json
gameboy_color_pixel_lettering_0137_256x256,gameboy_color,pixel_lettering,arabic_transliteration,neon_glitch_arabic,pop_art_comic,256x256,beat_em_up,bottom_title_scene_top,gameboy_color/pixel_lettering/arabic_transliteration/neon_glitch_arabic/pop_art_comic/256x256/gameboy_color_pixel_lettering_0137_256x256.png,gameboy_color/pixel_lettering/arabic_transliteration/neon_glitch_arabic/pop_art_comic/256x256/gameboy_color_pixel_lettering_0137_256x256.json
gameboy_color_pixel_lettering_0138_128x128,gameboy_color,pixel_lettering,arabic_subtitle,fantasy_ornate_arabic,cyberpunk_neon_dystopian,128x128,puzzle_strategy,grid_framed_boxart,gameboy_color/pixel_lettering/arabic_subtitle/fantasy_ornate_arabic/cyberpunk_neon_dystopian/128x128/gameboy_color_pixel_lettering_0138_128x128.png,gameboy_color/pixel_lettering/arabic_subtitle/fantasy_ornate_arabic/cyberpunk_neon_dystopian/128x128/gameboy_color_pixel_lettering_0138_128x128.json
gameboy_color_pixel_lettering_0138_256x256,gameboy_color,pixel_lettering,arabic_subtitle,fantasy_ornate_arabic,cyberpunk_neon_dystopian,256x256,puzzle_strategy,grid_framed_boxart,gameboy_color/pixel_lettering/arabic_subtitle/fantasy_ornate_arabic/cyberpunk_neon_dystopian/256x256/gameboy_color_pixel_lettering_0138_256x256.png,gameboy_color/pixel_lettering/arabic_subtitle/fantasy_ornate_arabic/cyberpunk_neon_dystopian/256x256/gameboy_color_pixel_lettering_0138_256x256.json
gameboy_color_game_over_screen_0139_128x128,gameboy_color,game_over_screen,arabic_only,retro_8bit_arabic,minimalist_pixel_poster,128x128,sci_fi_cyberpunk,black_border_nes,gameboy_color/game_over_screen/arabic_only/retro_8bit_arabic/minimalist_pixel_poster/128x128/gameboy_color_game_over_screen_0139_128x128.png,gameboy_color/game_over_screen/arabic_only/retro_8bit_arabic/minimalist_pixel_poster/128x128/gameboy_color_game_over_screen_0139_128x128.json
gameboy_color_game_over_screen_0139_256x256,gameboy_color,game_over_screen,arabic_only,retro_8bit_arabic,minimalist_pixel_poster,256x256,sci_fi_cyberpunk,black_border_nes,gameboy_color/game_over_screen/arabic_only/retro_8bit_arabic/minimalist_pixel_poster/256x256/gameboy_color_game_over_screen_0139_256x256.png,gameboy_color/game_over_screen/arabic_only/retro_8bit_arabic/minimalist_pixel_poster/256x256/gameboy_color_game_over_screen_0139_256x256.json
gameboy_color_game_over_screen_0140_128x128,gameboy_color,game_over_screen,bilingual_arabic_primary,metallic_chrome_arabic,egyptian_folklore_pixel,128x128,historical_medieval,diagonal_arcade_badge,gameboy_color/game_over_screen/bilingual_arabic_primary/metallic_chrome_arabic/egyptian_folklore_pixel/128x128/gameboy_color_game_over_screen_0140_128x128.png,gameboy_color/game_over_screen/bilingual_arabic_primary/metallic_chrome_arabic/egyptian_folklore_pixel/128x128/gameboy_color_game_over_screen_0140_128x128.json
gameboy_color_game_over_screen_0140_256x256,gameboy_color,game_over_screen,bilingual_arabic_primary,metallic_chrome_arabic,egyptian_folklore_pixel,256x256,historical_medieval,diagonal_arcade_badge,gameboy_color/game_over_screen/bilingual_arabic_primary/metallic_chrome_arabic/egyptian_folklore_pixel/256x256/gameboy_color_game_over_screen_0140_256x256.png,gameboy_color/game_over_screen/bilingual_arabic_primary/metallic_chrome_arabic/egyptian_folklore_pixel/256x256/gameboy_color_game_over_screen_0140_256x256.json
gameboy_color_game_over_screen_0141_128x128,gameboy_color,game_over_screen,bilingual_english_primary,pixel_thuluth_display,japanese_boxart_style,128x128,egyptian_folklore,centered_emblem,gameboy_color/game_over_screen/bilingual_english_primary/pixel_thuluth_display/japanese_boxart_style/128x128/gameboy_color_game_over_screen_0141_128x128.png,gameboy_color/game_over_screen/bilingual_english_primary/pixel_thuluth_display/japanese_boxart_style/128x128/gameboy_color_game_over_screen_0141_128x128.json
gameboy_color_game_over_screen_0141_256x256,gameboy_color,game_over_screen,bilingual_english_primary,pixel_thuluth_display,japanese_boxart_style,256x256,egyptian_folklore,centered_emblem,gameboy_color/game_over_screen/bilingual_english_primary/pixel_thuluth_display/japanese_boxart_style/256x256/gameboy_color_game_over_screen_0141_256x256.png,gameboy_color/game_over_screen/bilingual_english_primary/pixel_thuluth_display/japanese_boxart_style/256x256/gameboy_color_game_over_screen_0141_256x256.json
gameboy_color_game_over_screen_0142_128x128,gameboy_color,game_over_screen,parallel_pair_arabic,pixel_calligraffiti,western_boxart_style,128x128,post_apocalyptic,split_bilingual_layout,gameboy_color/game_over_screen/parallel_pair_arabic/pixel_calligraffiti/western_boxart_style/128x128/gameboy_color_game_over_screen_0142_128x128.png,gameboy_color/game_over_screen/parallel_pair_arabic/pixel_calligraffiti/western_boxart_style/128x128/gameboy_color_game_over_screen_0142_128x128.json
gameboy_color_game_over_screen_0142_256x256,gameboy_color,game_over_screen,parallel_pair_arabic,pixel_calligraffiti,western_boxart_style,256x256,post_apocalyptic,split_bilingual_layout,gameboy_color/game_over_screen/parallel_pair_arabic/pixel_calligraffiti/western_boxart_style/256x256/gameboy_color_game_over_screen_0142_256x256.png,gameboy_color/game_over_screen/parallel_pair_arabic/pixel_calligraffiti/western_boxart_style/256x256/gameboy_color_game_over_screen_0142_256x256.json
gameboy_color_game_over_screen_0143_128x128,gameboy_color,game_over_screen,arabic_transliteration,pixel_kufic_geometric,monochrome_dmg,128x128,platformer,border_framed,gameboy_color/game_over_screen/arabic_transliteration/pixel_kufic_geometric/monochrome_dmg/128x128/gameboy_color_game_over_screen_0143_128x128.png,gameboy_color/game_over_screen/arabic_transliteration/pixel_kufic_geometric/monochrome_dmg/128x128/gameboy_color_game_over_screen_0143_128x128.json
gameboy_color_game_over_screen_0143_256x256,gameboy_color,game_over_screen,arabic_transliteration,pixel_kufic_geometric,monochrome_dmg,256x256,platformer,border_framed,gameboy_color/game_over_screen/arabic_transliteration/pixel_kufic_geometric/monochrome_dmg/256x256/gameboy_color_game_over_screen_0143_256x256.png,gameboy_color/game_over_screen/arabic_transliteration/pixel_kufic_geometric/monochrome_dmg/256x256/gameboy_color_game_over_screen_0143_256x256.json
gameboy_color_game_over_screen_0144_128x128,gameboy_color,game_over_screen,arabic_subtitle,pixel_ruqah_fast,retro_8bit_nes,128x128,action_adventure,center_title_large,gameboy_color/game_over_screen/arabic_subtitle/pixel_ruqah_fast/retro_8bit_nes/128x128/gameboy_color_game_over_screen_0144_128x128.png,gameboy_color/game_over_screen/arabic_subtitle/pixel_ruqah_fast/retro_8bit_nes/128x128/gameboy_color_game_over_screen_0144_128x128.json
gameboy_color_game_over_screen_0144_256x256,gameboy_color,game_over_screen,arabic_subtitle,pixel_ruqah_fast,retro_8bit_nes,256x256,action_adventure,center_title_large,gameboy_color/game_over_screen/arabic_subtitle/pixel_ruqah_fast/retro_8bit_nes/256x256/gameboy_color_game_over_screen_0144_256x256.png,gameboy_color/game_over_screen/arabic_subtitle/pixel_ruqah_fast/retro_8bit_nes/256x256/gameboy_color_game_over_screen_0144_256x256.json
gameboy_color_stage_clear_banner_0145_128x128,gameboy_color,stage_clear_banner,arabic_only,pixel_naskh_clean,retro_16bit_snes_genesis,128x128,fighting_game,top_title_hero_bottom,gameboy_color/stage_clear_banner/arabic_only/pixel_naskh_clean/retro_16bit_snes_genesis/128x128/gameboy_color_stage_clear_banner_0145_128x128.png,gameboy_color/stage_clear_banner/arabic_only/pixel_naskh_clean/retro_16bit_snes_genesis/128x128/gameboy_color_stage_clear_banner_0145_128x128.json
gameboy_color_stage_clear_banner_0145_256x256,gameboy_color,stage_clear_banner,arabic_only,pixel_naskh_clean,retro_16bit_snes_genesis,256x256,fighting_game,top_title_hero_bottom,gameboy_color/stage_clear_banner/arabic_only/pixel_naskh_clean/retro_16bit_snes_genesis/256x256/gameboy_color_stage_clear_banner_0145_256x256.png,gameboy_color/stage_clear_banner/arabic_only/pixel_naskh_clean/retro_16bit_snes_genesis/256x256/gameboy_color_stage_clear_banner_0145_256x256.json
gameboy_color_stage_clear_banner_0146_128x128,gameboy_color,stage_clear_banner,bilingual_arabic_primary,bold_arcade_arabic,arcade_vibrant,128x128,rpg_fantasy,bottom_title_scene_top,gameboy_color/stage_clear_banner/bilingual_arabic_primary/bold_arcade_arabic/arcade_vibrant/128x128/gameboy_color_stage_clear_banner_0146_128x128.png,gameboy_color/stage_clear_banner/bilingual_arabic_primary/bold_arcade_arabic/arcade_vibrant/128x128/gameboy_color_stage_clear_banner_0146_128x128.json
gameboy_color_stage_clear_banner_0146_256x256,gameboy_color,stage_clear_banner,bilingual_arabic_primary,bold_arcade_arabic,arcade_vibrant,256x256,rpg_fantasy,bottom_title_scene_top,gameboy_color/stage_clear_banner/bilingual_arabic_primary/bold_arcade_arabic/arcade_vibrant/256x256/gameboy_color_stage_clear_banner_0146_256x256.png,gameboy_color/stage_clear_banner/bilingual_arabic_primary/bold_arcade_arabic/arcade_vibrant/256x256/gameboy_color_stage_clear_banner_0146_256x256.json
gameboy_color_stage_clear_banner_0147_128x128,gameboy_color,stage_clear_banner,bilingual_english_primary,3d_bevel_arabic,retro_synthwave_80s,128x128,shoot_em_up,grid_framed_boxart,gameboy_color/stage_clear_banner/bilingual_english_primary/3d_bevel_arabic/retro_synthwave_80s/128x128/gameboy_color_stage_clear_banner_0147_128x128.png,gameboy_color/stage_clear_banner/bilingual_english_primary/3d_bevel_arabic/retro_synthwave_80s/128x128/gameboy_color_stage_clear_banner_0147_128x128.json
gameboy_color_stage_clear_banner_0147_256x256,gameboy_color,stage_clear_banner,bilingual_english_primary,3d_bevel_arabic,retro_synthwave_80s,256x256,shoot_em_up,grid_framed_boxart,gameboy_color/stage_clear_banner/bilingual_english_primary/3d_bevel_arabic/retro_synthwave_80s/256x256/gameboy_color_stage_clear_banner_0147_256x256.png,gameboy_color/stage_clear_banner/bilingual_english_primary/3d_bevel_arabic/retro_synthwave_80s/256x256/gameboy_color_stage_clear_banner_0147_256x256.json
gameboy_color_stage_clear_banner_0148_128x128,gameboy_color,stage_clear_banner,parallel_pair_arabic,neon_glitch_arabic,constructivist_arcade,128x128,racing_sports,black_border_nes,gameboy_color/stage_clear_banner/parallel_pair_arabic/neon_glitch_arabic/constructivist_arcade/128x128/gameboy_color_stage_clear_banner_0148_128x128.png,gameboy_color/stage_clear_banner/parallel_pair_arabic/neon_glitch_arabic/constructivist_arcade/128x128/gameboy_color_stage_clear_banner_0148_128x128.json
gameboy_color_stage_clear_banner_0148_256x256,gameboy_color,stage_clear_banner,parallel_pair_arabic,neon_glitch_arabic,constructivist_arcade,256x256,racing_sports,black_border_nes,gameboy_color/stage_clear_banner/parallel_pair_arabic/neon_glitch_arabic/constructivist_arcade/256x256/gameboy_color_stage_clear_banner_0148_256x256.png,gameboy_color/stage_clear_banner/parallel_pair_arabic/neon_glitch_arabic/constructivist_arcade/256x256/gameboy_color_stage_clear_banner_0148_256x256.json
gameboy_color_stage_clear_banner_0149_128x128,gameboy_color,stage_clear_banner,arabic_transliteration,fantasy_ornate_arabic,dark_fantasy_gothic,128x128,horror_survival,diagonal_arcade_badge,gameboy_color/stage_clear_banner/arabic_transliteration/fantasy_ornate_arabic/dark_fantasy_gothic/128x128/gameboy_color_stage_clear_banner_0149_128x128.png,gameboy_color/stage_clear_banner/arabic_transliteration/fantasy_ornate_arabic/dark_fantasy_gothic/128x128/gameboy_color_stage_clear_banner_0149_128x128.json
gameboy_color_stage_clear_banner_0149_256x256,gameboy_color,stage_clear_banner,arabic_transliteration,fantasy_ornate_arabic,dark_fantasy_gothic,256x256,horror_survival,diagonal_arcade_badge,gameboy_color/stage_clear_banner/arabic_transliteration/fantasy_ornate_arabic/dark_fantasy_gothic/256x256/gameboy_color_stage_clear_banner_0149_256x256.png,gameboy_color/stage_clear_banner/arabic_transliteration/fantasy_ornate_arabic/dark_fantasy_gothic/256x256/gameboy_color_stage_clear_banner_0149_256x256.json
gameboy_color_stage_clear_banner_0150_128x128,gameboy_color,stage_clear_banner,arabic_subtitle,retro_8bit_arabic,pop_art_comic,128x128,beat_em_up,centered_emblem,gameboy_color/stage_clear_banner/arabic_subtitle/retro_8bit_arabic/pop_art_comic/128x128/gameboy_color_stage_clear_banner_0150_128x128.png,gameboy_color/stage_clear_banner/arabic_subtitle/retro_8bit_arabic/pop_art_comic/128x128/gameboy_color_stage_clear_banner_0150_128x128.json
gameboy_color_stage_clear_banner_0150_256x256,gameboy_color,stage_clear_banner,arabic_subtitle,retro_8bit_arabic,pop_art_comic,256x256,beat_em_up,centered_emblem,gameboy_color/stage_clear_banner/arabic_subtitle/retro_8bit_arabic/pop_art_comic/256x256/gameboy_color_stage_clear_banner_0150_256x256.png,gameboy_color/stage_clear_banner/arabic_subtitle/retro_8bit_arabic/pop_art_comic/256x256/gameboy_color_stage_clear_banner_0150_256x256.json
gameboy_color_ui_title_badge_0151_128x128,gameboy_color,ui_title_badge,arabic_only,metallic_chrome_arabic,cyberpunk_neon_dystopian,128x128,puzzle_strategy,split_bilingual_layout,gameboy_color/ui_title_badge/arabic_only/metallic_chrome_arabic/cyberpunk_neon_dystopian/128x128/gameboy_color_ui_title_badge_0151_128x128.png,gameboy_color/ui_title_badge/arabic_only/metallic_chrome_arabic/cyberpunk_neon_dystopian/128x128/gameboy_color_ui_title_badge_0151_128x128.json
gameboy_color_ui_title_badge_0151_256x256,gameboy_color,ui_title_badge,arabic_only,metallic_chrome_arabic,cyberpunk_neon_dystopian,256x256,puzzle_strategy,split_bilingual_layout,gameboy_color/ui_title_badge/arabic_only/metallic_chrome_arabic/cyberpunk_neon_dystopian/256x256/gameboy_color_ui_title_badge_0151_256x256.png,gameboy_color/ui_title_badge/arabic_only/metallic_chrome_arabic/cyberpunk_neon_dystopian/256x256/gameboy_color_ui_title_badge_0151_256x256.json
gameboy_color_ui_title_badge_0152_128x128,gameboy_color,ui_title_badge,bilingual_arabic_primary,pixel_thuluth_display,minimalist_pixel_poster,128x128,sci_fi_cyberpunk,border_framed,gameboy_color/ui_title_badge/bilingual_arabic_primary/pixel_thuluth_display/minimalist_pixel_poster/128x128/gameboy_color_ui_title_badge_0152_128x128.png,gameboy_color/ui_title_badge/bilingual_arabic_primary/pixel_thuluth_display/minimalist_pixel_poster/128x128/gameboy_color_ui_title_badge_0152_128x128.json
gameboy_color_ui_title_badge_0152_256x256,gameboy_color,ui_title_badge,bilingual_arabic_primary,pixel_thuluth_display,minimalist_pixel_poster,256x256,sci_fi_cyberpunk,border_framed,gameboy_color/ui_title_badge/bilingual_arabic_primary/pixel_thuluth_display/minimalist_pixel_poster/256x256/gameboy_color_ui_title_badge_0152_256x256.png,gameboy_color/ui_title_badge/bilingual_arabic_primary/pixel_thuluth_display/minimalist_pixel_poster/256x256/gameboy_color_ui_title_badge_0152_256x256.json
gameboy_color_ui_title_badge_0153_128x128,gameboy_color,ui_title_badge,bilingual_english_primary,pixel_calligraffiti,egyptian_folklore_pixel,128x128,historical_medieval,center_title_large,gameboy_color/ui_title_badge/bilingual_english_primary/pixel_calligraffiti/egyptian_folklore_pixel/128x128/gameboy_color_ui_title_badge_0153_128x128.png,gameboy_color/ui_title_badge/bilingual_english_primary/pixel_calligraffiti/egyptian_folklore_pixel/128x128/gameboy_color_ui_title_badge_0153_128x128.json
gameboy_color_ui_title_badge_0153_256x256,gameboy_color,ui_title_badge,bilingual_english_primary,pixel_calligraffiti,egyptian_folklore_pixel,256x256,historical_medieval,center_title_large,gameboy_color/ui_title_badge/bilingual_english_primary/pixel_calligraffiti/egyptian_folklore_pixel/256x256/gameboy_color_ui_title_badge_0153_256x256.png,gameboy_color/ui_title_badge/bilingual_english_primary/pixel_calligraffiti/egyptian_folklore_pixel/256x256/gameboy_color_ui_title_badge_0153_256x256.json
gameboy_color_ui_title_badge_0154_128x128,gameboy_color,ui_title_badge,parallel_pair_arabic,pixel_kufic_geometric,japanese_boxart_style,128x128,egyptian_folklore,top_title_hero_bottom,gameboy_color/ui_title_badge/parallel_pair_arabic/pixel_kufic_geometric/japanese_boxart_style/128x128/gameboy_color_ui_title_badge_0154_128x128.png,gameboy_color/ui_title_badge/parallel_pair_arabic/pixel_kufic_geometric/japanese_boxart_style/128x128/gameboy_color_ui_title_badge_0154_128x128.json
gameboy_color_ui_title_badge_0154_256x256,gameboy_color,ui_title_badge,parallel_pair_arabic,pixel_kufic_geometric,japanese_boxart_style,256x256,egyptian_folklore,top_title_hero_bottom,gameboy_color/ui_title_badge/parallel_pair_arabic/pixel_kufic_geometric/japanese_boxart_style/256x256/gameboy_color_ui_title_badge_0154_256x256.png,gameboy_color/ui_title_badge/parallel_pair_arabic/pixel_kufic_geometric/japanese_boxart_style/256x256/gameboy_color_ui_title_badge_0154_256x256.json
gameboy_color_ui_title_badge_0155_128x128,gameboy_color,ui_title_badge,arabic_transliteration,pixel_ruqah_fast,western_boxart_style,128x128,post_apocalyptic,bottom_title_scene_top,gameboy_color/ui_title_badge/arabic_transliteration/pixel_ruqah_fast/western_boxart_style/128x128/gameboy_color_ui_title_badge_0155_128x128.png,gameboy_color/ui_title_badge/arabic_transliteration/pixel_ruqah_fast/western_boxart_style/128x128/gameboy_color_ui_title_badge_0155_128x128.json
gameboy_color_ui_title_badge_0155_256x256,gameboy_color,ui_title_badge,arabic_transliteration,pixel_ruqah_fast,western_boxart_style,256x256,post_apocalyptic,bottom_title_scene_top,gameboy_color/ui_title_badge/arabic_transliteration/pixel_ruqah_fast/western_boxart_style/256x256/gameboy_color_ui_title_badge_0155_256x256.png,gameboy_color/ui_title_badge/arabic_transliteration/pixel_ruqah_fast/western_boxart_style/256x256/gameboy_color_ui_title_badge_0155_256x256.json
gameboy_color_ui_title_badge_0156_128x128,gameboy_color,ui_title_badge,arabic_subtitle,pixel_naskh_clean,monochrome_dmg,128x128,platformer,grid_framed_boxart,gameboy_color/ui_title_badge/arabic_subtitle/pixel_naskh_clean/monochrome_dmg/128x128/gameboy_color_ui_title_badge_0156_128x128.png,gameboy_color/ui_title_badge/arabic_subtitle/pixel_naskh_clean/monochrome_dmg/128x128/gameboy_color_ui_title_badge_0156_128x128.json
gameboy_color_ui_title_badge_0156_256x256,gameboy_color,ui_title_badge,arabic_subtitle,pixel_naskh_clean,monochrome_dmg,256x256,platformer,grid_framed_boxart,gameboy_color/ui_title_badge/arabic_subtitle/pixel_naskh_clean/monochrome_dmg/256x256/gameboy_color_ui_title_badge_0156_256x256.png,gameboy_color/ui_title_badge/arabic_subtitle/pixel_naskh_clean/monochrome_dmg/256x256/gameboy_color_ui_title_badge_0156_256x256.json
gameboy_advance_box_art_front_0157_128x128,gameboy_advance,box_art_front,arabic_only,bold_arcade_arabic,retro_8bit_nes,128x128,action_adventure,black_border_nes,gameboy_advance/box_art_front/arabic_only/bold_arcade_arabic/retro_8bit_nes/128x128/gameboy_advance_box_art_front_0157_128x128.png,gameboy_advance/box_art_front/arabic_only/bold_arcade_arabic/retro_8bit_nes/128x128/gameboy_advance_box_art_front_0157_128x128.json
gameboy_advance_box_art_front_0157_256x256,gameboy_advance,box_art_front,arabic_only,bold_arcade_arabic,retro_8bit_nes,256x256,action_adventure,black_border_nes,gameboy_advance/box_art_front/arabic_only/bold_arcade_arabic/retro_8bit_nes/256x256/gameboy_advance_box_art_front_0157_256x256.png,gameboy_advance/box_art_front/arabic_only/bold_arcade_arabic/retro_8bit_nes/256x256/gameboy_advance_box_art_front_0157_256x256.json
gameboy_advance_box_art_front_0158_128x128,gameboy_advance,box_art_front,bilingual_arabic_primary,3d_bevel_arabic,retro_16bit_snes_genesis,128x128,fighting_game,diagonal_arcade_badge,gameboy_advance/box_art_front/bilingual_arabic_primary/3d_bevel_arabic/retro_16bit_snes_genesis/128x128/gameboy_advance_box_art_front_0158_128x128.png,gameboy_advance/box_art_front/bilingual_arabic_primary/3d_bevel_arabic/retro_16bit_snes_genesis/128x128/gameboy_advance_box_art_front_0158_128x128.json
gameboy_advance_box_art_front_0158_256x256,gameboy_advance,box_art_front,bilingual_arabic_primary,3d_bevel_arabic,retro_16bit_snes_genesis,256x256,fighting_game,diagonal_arcade_badge,gameboy_advance/box_art_front/bilingual_arabic_primary/3d_bevel_arabic/retro_16bit_snes_genesis/256x256/gameboy_advance_box_art_front_0158_256x256.png,gameboy_advance/box_art_front/bilingual_arabic_primary/3d_bevel_arabic/retro_16bit_snes_genesis/256x256/gameboy_advance_box_art_front_0158_256x256.json
gameboy_advance_box_art_front_0159_128x128,gameboy_advance,box_art_front,bilingual_english_primary,neon_glitch_arabic,arcade_vibrant,128x128,rpg_fantasy,centered_emblem,gameboy_advance/box_art_front/bilingual_english_primary/neon_glitch_arabic/arcade_vibrant/128x128/gameboy_advance_box_art_front_0159_128x128.png,gameboy_advance/box_art_front/bilingual_english_primary/neon_glitch_arabic/arcade_vibrant/128x128/gameboy_advance_box_art_front_0159_128x128.json
gameboy_advance_box_art_front_0159_256x256,gameboy_advance,box_art_front,bilingual_english_primary,neon_glitch_arabic,arcade_vibrant,256x256,rpg_fantasy,centered_emblem,gameboy_advance/box_art_front/bilingual_english_primary/neon_glitch_arabic/arcade_vibrant/256x256/gameboy_advance_box_art_front_0159_256x256.png,gameboy_advance/box_art_front/bilingual_english_primary/neon_glitch_arabic/arcade_vibrant/256x256/gameboy_advance_box_art_front_0159_256x256.json
gameboy_advance_box_art_front_0160_128x128,gameboy_advance,box_art_front,parallel_pair_arabic,fantasy_ornate_arabic,retro_synthwave_80s,128x128,shoot_em_up,split_bilingual_layout,gameboy_advance/box_art_front/parallel_pair_arabic/fantasy_ornate_arabic/retro_synthwave_80s/128x128/gameboy_advance_box_art_front_0160_128x128.png,gameboy_advance/box_art_front/parallel_pair_arabic/fantasy_ornate_arabic/retro_synthwave_80s/128x128/gameboy_advance_box_art_front_0160_128x128.json
gameboy_advance_box_art_front_0160_256x256,gameboy_advance,box_art_front,parallel_pair_arabic,fantasy_ornate_arabic,retro_synthwave_80s,256x256,shoot_em_up,split_bilingual_layout,gameboy_advance/box_art_front/parallel_pair_arabic/fantasy_ornate_arabic/retro_synthwave_80s/256x256/gameboy_advance_box_art_front_0160_256x256.png,gameboy_advance/box_art_front/parallel_pair_arabic/fantasy_ornate_arabic/retro_synthwave_80s/256x256/gameboy_advance_box_art_front_0160_256x256.json
gameboy_advance_box_art_front_0161_128x128,gameboy_advance,box_art_front,arabic_transliteration,retro_8bit_arabic,constructivist_arcade,128x128,racing_sports,border_framed,gameboy_advance/box_art_front/arabic_transliteration/retro_8bit_arabic/constructivist_arcade/128x128/gameboy_advance_box_art_front_0161_128x128.png,gameboy_advance/box_art_front/arabic_transliteration/retro_8bit_arabic/constructivist_arcade/128x128/gameboy_advance_box_art_front_0161_128x128.json
gameboy_advance_box_art_front_0161_256x256,gameboy_advance,box_art_front,arabic_transliteration,retro_8bit_arabic,constructivist_arcade,256x256,racing_sports,border_framed,gameboy_advance/box_art_front/arabic_transliteration/retro_8bit_arabic/constructivist_arcade/256x256/gameboy_advance_box_art_front_0161_256x256.png,gameboy_advance/box_art_front/arabic_transliteration/retro_8bit_arabic/constructivist_arcade/256x256/gameboy_advance_box_art_front_0161_256x256.json
gameboy_advance_box_art_front_0162_128x128,gameboy_advance,box_art_front,arabic_subtitle,metallic_chrome_arabic,dark_fantasy_gothic,128x128,horror_survival,center_title_large,gameboy_advance/box_art_front/arabic_subtitle/metallic_chrome_arabic/dark_fantasy_gothic/128x128/gameboy_advance_box_art_front_0162_128x128.png,gameboy_advance/box_art_front/arabic_subtitle/metallic_chrome_arabic/dark_fantasy_gothic/128x128/gameboy_advance_box_art_front_0162_128x128.json
gameboy_advance_box_art_front_0162_256x256,gameboy_advance,box_art_front,arabic_subtitle,metallic_chrome_arabic,dark_fantasy_gothic,256x256,horror_survival,center_title_large,gameboy_advance/box_art_front/arabic_subtitle/metallic_chrome_arabic/dark_fantasy_gothic/256x256/gameboy_advance_box_art_front_0162_256x256.png,gameboy_advance/box_art_front/arabic_subtitle/metallic_chrome_arabic/dark_fantasy_gothic/256x256/gameboy_advance_box_art_front_0162_256x256.json
gameboy_advance_title_screen_art_0163_128x128,gameboy_advance,title_screen_art,arabic_only,pixel_thuluth_display,pop_art_comic,128x128,beat_em_up,top_title_hero_bottom,gameboy_advance/title_screen_art/arabic_only/pixel_thuluth_display/pop_art_comic/128x128/gameboy_advance_title_screen_art_0163_128x128.png,gameboy_advance/title_screen_art/arabic_only/pixel_thuluth_display/pop_art_comic/128x128/gameboy_advance_title_screen_art_0163_128x128.json
gameboy_advance_title_screen_art_0163_256x256,gameboy_advance,title_screen_art,arabic_only,pixel_thuluth_display,pop_art_comic,256x256,beat_em_up,top_title_hero_bottom,gameboy_advance/title_screen_art/arabic_only/pixel_thuluth_display/pop_art_comic/256x256/gameboy_advance_title_screen_art_0163_256x256.png,gameboy_advance/title_screen_art/arabic_only/pixel_thuluth_display/pop_art_comic/256x256/gameboy_advance_title_screen_art_0163_256x256.json
gameboy_advance_title_screen_art_0164_128x128,gameboy_advance,title_screen_art,bilingual_arabic_primary,pixel_calligraffiti,cyberpunk_neon_dystopian,128x128,puzzle_strategy,bottom_title_scene_top,gameboy_advance/title_screen_art/bilingual_arabic_primary/pixel_calligraffiti/cyberpunk_neon_dystopian/128x128/gameboy_advance_title_screen_art_0164_128x128.png,gameboy_advance/title_screen_art/bilingual_arabic_primary/pixel_calligraffiti/cyberpunk_neon_dystopian/128x128/gameboy_advance_title_screen_art_0164_128x128.json
gameboy_advance_title_screen_art_0164_256x256,gameboy_advance,title_screen_art,bilingual_arabic_primary,pixel_calligraffiti,cyberpunk_neon_dystopian,256x256,puzzle_strategy,bottom_title_scene_top,gameboy_advance/title_screen_art/bilingual_arabic_primary/pixel_calligraffiti/cyberpunk_neon_dystopian/256x256/gameboy_advance_title_screen_art_0164_256x256.png,gameboy_advance/title_screen_art/bilingual_arabic_primary/pixel_calligraffiti/cyberpunk_neon_dystopian/256x256/gameboy_advance_title_screen_art_0164_256x256.json
gameboy_advance_title_screen_art_0165_128x128,gameboy_advance,title_screen_art,bilingual_english_primary,pixel_kufic_geometric,minimalist_pixel_poster,128x128,sci_fi_cyberpunk,grid_framed_boxart,gameboy_advance/title_screen_art/bilingual_english_primary/pixel_kufic_geometric/minimalist_pixel_poster/128x128/gameboy_advance_title_screen_art_0165_128x128.png,gameboy_advance/title_screen_art/bilingual_english_primary/pixel_kufic_geometric/minimalist_pixel_poster/128x128/gameboy_advance_title_screen_art_0165_128x128.json
gameboy_advance_title_screen_art_0165_256x256,gameboy_advance,title_screen_art,bilingual_english_primary,pixel_kufic_geometric,minimalist_pixel_poster,256x256,sci_fi_cyberpunk,grid_framed_boxart,gameboy_advance/title_screen_art/bilingual_english_primary/pixel_kufic_geometric/minimalist_pixel_poster/256x256/gameboy_advance_title_screen_art_0165_256x256.png,gameboy_advance/title_screen_art/bilingual_english_primary/pixel_kufic_geometric/minimalist_pixel_poster/256x256/gameboy_advance_title_screen_art_0165_256x256.json
gameboy_advance_title_screen_art_0166_128x128,gameboy_advance,title_screen_art,parallel_pair_arabic,pixel_ruqah_fast,egyptian_folklore_pixel,128x128,historical_medieval,black_border_nes,gameboy_advance/title_screen_art/parallel_pair_arabic/pixel_ruqah_fast/egyptian_folklore_pixel/128x128/gameboy_advance_title_screen_art_0166_128x128.png,gameboy_advance/title_screen_art/parallel_pair_arabic/pixel_ruqah_fast/egyptian_folklore_pixel/128x128/gameboy_advance_title_screen_art_0166_128x128.json
gameboy_advance_title_screen_art_0166_256x256,gameboy_advance,title_screen_art,parallel_pair_arabic,pixel_ruqah_fast,egyptian_folklore_pixel,256x256,historical_medieval,black_border_nes,gameboy_advance/title_screen_art/parallel_pair_arabic/pixel_ruqah_fast/egyptian_folklore_pixel/256x256/gameboy_advance_title_screen_art_0166_256x256.png,gameboy_advance/title_screen_art/parallel_pair_arabic/pixel_ruqah_fast/egyptian_folklore_pixel/256x256/gameboy_advance_title_screen_art_0166_256x256.json
gameboy_advance_title_screen_art_0167_128x128,gameboy_advance,title_screen_art,arabic_transliteration,pixel_naskh_clean,japanese_boxart_style,128x128,egyptian_folklore,diagonal_arcade_badge,gameboy_advance/title_screen_art/arabic_transliteration/pixel_naskh_clean/japanese_boxart_style/128x128/gameboy_advance_title_screen_art_0167_128x128.png,gameboy_advance/title_screen_art/arabic_transliteration/pixel_naskh_clean/japanese_boxart_style/128x128/gameboy_advance_title_screen_art_0167_128x128.json
gameboy_advance_title_screen_art_0167_256x256,gameboy_advance,title_screen_art,arabic_transliteration,pixel_naskh_clean,japanese_boxart_style,256x256,egyptian_folklore,diagonal_arcade_badge,gameboy_advance/title_screen_art/arabic_transliteration/pixel_naskh_clean/japanese_boxart_style/256x256/gameboy_advance_title_screen_art_0167_256x256.png,gameboy_advance/title_screen_art/arabic_transliteration/pixel_naskh_clean/japanese_boxart_style/256x256/gameboy_advance_title_screen_art_0167_256x256.json
gameboy_advance_title_screen_art_0168_128x128,gameboy_advance,title_screen_art,arabic_subtitle,bold_arcade_arabic,western_boxart_style,128x128,post_apocalyptic,centered_emblem,gameboy_advance/title_screen_art/arabic_subtitle/bold_arcade_arabic/western_boxart_style/128x128/gameboy_advance_title_screen_art_0168_128x128.png,gameboy_advance/title_screen_art/arabic_subtitle/bold_arcade_arabic/western_boxart_style/128x128/gameboy_advance_title_screen_art_0168_128x128.json
gameboy_advance_title_screen_art_0168_256x256,gameboy_advance,title_screen_art,arabic_subtitle,bold_arcade_arabic,western_boxart_style,256x256,post_apocalyptic,centered_emblem,gameboy_advance/title_screen_art/arabic_subtitle/bold_arcade_arabic/western_boxart_style/256x256/gameboy_advance_title_screen_art_0168_256x256.png,gameboy_advance/title_screen_art/arabic_subtitle/bold_arcade_arabic/western_boxart_style/256x256/gameboy_advance_title_screen_art_0168_256x256.json
gameboy_advance_arcade_marquee_0169_128x128,gameboy_advance,arcade_marquee,arabic_only,3d_bevel_arabic,monochrome_dmg,128x128,platformer,split_bilingual_layout,gameboy_advance/arcade_marquee/arabic_only/3d_bevel_arabic/monochrome_dmg/128x128/gameboy_advance_arcade_marquee_0169_128x128.png,gameboy_advance/arcade_marquee/arabic_only/3d_bevel_arabic/monochrome_dmg/128x128/gameboy_advance_arcade_marquee_0169_128x128.json
gameboy_advance_arcade_marquee_0169_256x256,gameboy_advance,arcade_marquee,arabic_only,3d_bevel_arabic,monochrome_dmg,256x256,platformer,split_bilingual_layout,gameboy_advance/arcade_marquee/arabic_only/3d_bevel_arabic/monochrome_dmg/256x256/gameboy_advance_arcade_marquee_0169_256x256.png,gameboy_advance/arcade_marquee/arabic_only/3d_bevel_arabic/monochrome_dmg/256x256/gameboy_advance_arcade_marquee_0169_256x256.json
gameboy_advance_arcade_marquee_0170_128x128,gameboy_advance,arcade_marquee,bilingual_arabic_primary,neon_glitch_arabic,retro_8bit_nes,128x128,action_adventure,border_framed,gameboy_advance/arcade_marquee/bilingual_arabic_primary/neon_glitch_arabic/retro_8bit_nes/128x128/gameboy_advance_arcade_marquee_0170_128x128.png,gameboy_advance/arcade_marquee/bilingual_arabic_primary/neon_glitch_arabic/retro_8bit_nes/128x128/gameboy_advance_arcade_marquee_0170_128x128.json
gameboy_advance_arcade_marquee_0170_256x256,gameboy_advance,arcade_marquee,bilingual_arabic_primary,neon_glitch_arabic,retro_8bit_nes,256x256,action_adventure,border_framed,gameboy_advance/arcade_marquee/bilingual_arabic_primary/neon_glitch_arabic/retro_8bit_nes/256x256/gameboy_advance_arcade_marquee_0170_256x256.png,gameboy_advance/arcade_marquee/bilingual_arabic_primary/neon_glitch_arabic/retro_8bit_nes/256x256/gameboy_advance_arcade_marquee_0170_256x256.json
gameboy_advance_arcade_marquee_0171_128x128,gameboy_advance,arcade_marquee,bilingual_english_primary,fantasy_ornate_arabic,retro_16bit_snes_genesis,128x128,fighting_game,center_title_large,gameboy_advance/arcade_marquee/bilingual_english_primary/fantasy_ornate_arabic/retro_16bit_snes_genesis/128x128/gameboy_advance_arcade_marquee_0171_128x128.png,gameboy_advance/arcade_marquee/bilingual_english_primary/fantasy_ornate_arabic/retro_16bit_snes_genesis/128x128/gameboy_advance_arcade_marquee_0171_128x128.json
gameboy_advance_arcade_marquee_0171_256x256,gameboy_advance,arcade_marquee,bilingual_english_primary,fantasy_ornate_arabic,retro_16bit_snes_genesis,256x256,fighting_game,center_title_large,gameboy_advance/arcade_marquee/bilingual_english_primary/fantasy_ornate_arabic/retro_16bit_snes_genesis/256x256/gameboy_advance_arcade_marquee_0171_256x256.png,gameboy_advance/arcade_marquee/bilingual_english_primary/fantasy_ornate_arabic/retro_16bit_snes_genesis/256x256/gameboy_advance_arcade_marquee_0171_256x256.json
gameboy_advance_arcade_marquee_0172_128x128,gameboy_advance,arcade_marquee,parallel_pair_arabic,retro_8bit_arabic,arcade_vibrant,128x128,rpg_fantasy,top_title_hero_bottom,gameboy_advance/arcade_marquee/parallel_pair_arabic/retro_8bit_arabic/arcade_vibrant/128x128/gameboy_advance_arcade_marquee_0172_128x128.png,gameboy_advance/arcade_marquee/parallel_pair_arabic/retro_8bit_arabic/arcade_vibrant/128x128/gameboy_advance_arcade_marquee_0172_128x128.json
gameboy_advance_arcade_marquee_0172_256x256,gameboy_advance,arcade_marquee,parallel_pair_arabic,retro_8bit_arabic,arcade_vibrant,256x256,rpg_fantasy,top_title_hero_bottom,gameboy_advance/arcade_marquee/parallel_pair_arabic/retro_8bit_arabic/arcade_vibrant/256x256/gameboy_advance_arcade_marquee_0172_256x256.png,gameboy_advance/arcade_marquee/parallel_pair_arabic/retro_8bit_arabic/arcade_vibrant/256x256/gameboy_advance_arcade_marquee_0172_256x256.json
gameboy_advance_arcade_marquee_0173_128x128,gameboy_advance,arcade_marquee,arabic_transliteration,metallic_chrome_arabic,retro_synthwave_80s,128x128,shoot_em_up,bottom_title_scene_top,gameboy_advance/arcade_marquee/arabic_transliteration/metallic_chrome_arabic/retro_synthwave_80s/128x128/gameboy_advance_arcade_marquee_0173_128x128.png,gameboy_advance/arcade_marquee/arabic_transliteration/metallic_chrome_arabic/retro_synthwave_80s/128x128/gameboy_advance_arcade_marquee_0173_128x128.json
gameboy_advance_arcade_marquee_0173_256x256,gameboy_advance,arcade_marquee,arabic_transliteration,metallic_chrome_arabic,retro_synthwave_80s,256x256,shoot_em_up,bottom_title_scene_top,gameboy_advance/arcade_marquee/arabic_transliteration/metallic_chrome_arabic/retro_synthwave_80s/256x256/gameboy_advance_arcade_marquee_0173_256x256.png,gameboy_advance/arcade_marquee/arabic_transliteration/metallic_chrome_arabic/retro_synthwave_80s/256x256/gameboy_advance_arcade_marquee_0173_256x256.json
gameboy_advance_arcade_marquee_0174_128x128,gameboy_advance,arcade_marquee,arabic_subtitle,pixel_thuluth_display,constructivist_arcade,128x128,racing_sports,grid_framed_boxart,gameboy_advance/arcade_marquee/arabic_subtitle/pixel_thuluth_display/constructivist_arcade/128x128/gameboy_advance_arcade_marquee_0174_128x128.png,gameboy_advance/arcade_marquee/arabic_subtitle/pixel_thuluth_display/constructivist_arcade/128x128/gameboy_advance_arcade_marquee_0174_128x128.json
gameboy_advance_arcade_marquee_0174_256x256,gameboy_advance,arcade_marquee,arabic_subtitle,pixel_thuluth_display,constructivist_arcade,256x256,racing_sports,grid_framed_boxart,gameboy_advance/arcade_marquee/arabic_subtitle/pixel_thuluth_display/constructivist_arcade/256x256/gameboy_advance_arcade_marquee_0174_256x256.png,gameboy_advance/arcade_marquee/arabic_subtitle/pixel_thuluth_display/constructivist_arcade/256x256/gameboy_advance_arcade_marquee_0174_256x256.json
gameboy_advance_cartridge_label_0175_128x128,gameboy_advance,cartridge_label,arabic_only,pixel_calligraffiti,dark_fantasy_gothic,128x128,horror_survival,black_border_nes,gameboy_advance/cartridge_label/arabic_only/pixel_calligraffiti/dark_fantasy_gothic/128x128/gameboy_advance_cartridge_label_0175_128x128.png,gameboy_advance/cartridge_label/arabic_only/pixel_calligraffiti/dark_fantasy_gothic/128x128/gameboy_advance_cartridge_label_0175_128x128.json
gameboy_advance_cartridge_label_0175_256x256,gameboy_advance,cartridge_label,arabic_only,pixel_calligraffiti,dark_fantasy_gothic,256x256,horror_survival,black_border_nes,gameboy_advance/cartridge_label/arabic_only/pixel_calligraffiti/dark_fantasy_gothic/256x256/gameboy_advance_cartridge_label_0175_256x256.png,gameboy_advance/cartridge_label/arabic_only/pixel_calligraffiti/dark_fantasy_gothic/256x256/gameboy_advance_cartridge_label_0175_256x256.json
gameboy_advance_cartridge_label_0176_128x128,gameboy_advance,cartridge_label,bilingual_arabic_primary,pixel_kufic_geometric,pop_art_comic,128x128,beat_em_up,diagonal_arcade_badge,gameboy_advance/cartridge_label/bilingual_arabic_primary/pixel_kufic_geometric/pop_art_comic/128x128/gameboy_advance_cartridge_label_0176_128x128.png,gameboy_advance/cartridge_label/bilingual_arabic_primary/pixel_kufic_geometric/pop_art_comic/128x128/gameboy_advance_cartridge_label_0176_128x128.json
gameboy_advance_cartridge_label_0176_256x256,gameboy_advance,cartridge_label,bilingual_arabic_primary,pixel_kufic_geometric,pop_art_comic,256x256,beat_em_up,diagonal_arcade_badge,gameboy_advance/cartridge_label/bilingual_arabic_primary/pixel_kufic_geometric/pop_art_comic/256x256/gameboy_advance_cartridge_label_0176_256x256.png,gameboy_advance/cartridge_label/bilingual_arabic_primary/pixel_kufic_geometric/pop_art_comic/256x256/gameboy_advance_cartridge_label_0176_256x256.json
gameboy_advance_cartridge_label_0177_128x128,gameboy_advance,cartridge_label,bilingual_english_primary,pixel_ruqah_fast,cyberpunk_neon_dystopian,128x128,puzzle_strategy,centered_emblem,gameboy_advance/cartridge_label/bilingual_english_primary/pixel_ruqah_fast/cyberpunk_neon_dystopian/128x128/gameboy_advance_cartridge_label_0177_128x128.png,gameboy_advance/cartridge_label/bilingual_english_primary/pixel_ruqah_fast/cyberpunk_neon_dystopian/128x128/gameboy_advance_cartridge_label_0177_128x128.json
gameboy_advance_cartridge_label_0177_256x256,gameboy_advance,cartridge_label,bilingual_english_primary,pixel_ruqah_fast,cyberpunk_neon_dystopian,256x256,puzzle_strategy,centered_emblem,gameboy_advance/cartridge_label/bilingual_english_primary/pixel_ruqah_fast/cyberpunk_neon_dystopian/256x256/gameboy_advance_cartridge_label_0177_256x256.png,gameboy_advance/cartridge_label/bilingual_english_primary/pixel_ruqah_fast/cyberpunk_neon_dystopian/256x256/gameboy_advance_cartridge_label_0177_256x256.json
gameboy_advance_cartridge_label_0178_128x128,gameboy_advance,cartridge_label,parallel_pair_arabic,pixel_naskh_clean,minimalist_pixel_poster,128x128,sci_fi_cyberpunk,split_bilingual_layout,gameboy_advance/cartridge_label/parallel_pair_arabic/pixel_naskh_clean/minimalist_pixel_poster/128x128/gameboy_advance_cartridge_label_0178_128x128.png,gameboy_advance/cartridge_label/parallel_pair_arabic/pixel_naskh_clean/minimalist_pixel_poster/128x128/gameboy_advance_cartridge_label_0178_128x128.json
gameboy_advance_cartridge_label_0178_256x256,gameboy_advance,cartridge_label,parallel_pair_arabic,pixel_naskh_clean,minimalist_pixel_poster,256x256,sci_fi_cyberpunk,split_bilingual_layout,gameboy_advance/cartridge_label/parallel_pair_arabic/pixel_naskh_clean/minimalist_pixel_poster/256x256/gameboy_advance_cartridge_label_0178_256x256.png,gameboy_advance/cartridge_label/parallel_pair_arabic/pixel_naskh_clean/minimalist_pixel_poster/256x256/gameboy_advance_cartridge_label_0178_256x256.json
gameboy_advance_cartridge_label_0179_128x128,gameboy_advance,cartridge_label,arabic_transliteration,bold_arcade_arabic,egyptian_folklore_pixel,128x128,historical_medieval,border_framed,gameboy_advance/cartridge_label/arabic_transliteration/bold_arcade_arabic/egyptian_folklore_pixel/128x128/gameboy_advance_cartridge_label_0179_128x128.png,gameboy_advance/cartridge_label/arabic_transliteration/bold_arcade_arabic/egyptian_folklore_pixel/128x128/gameboy_advance_cartridge_label_0179_128x128.json
gameboy_advance_cartridge_label_0179_256x256,gameboy_advance,cartridge_label,arabic_transliteration,bold_arcade_arabic,egyptian_folklore_pixel,256x256,historical_medieval,border_framed,gameboy_advance/cartridge_label/arabic_transliteration/bold_arcade_arabic/egyptian_folklore_pixel/256x256/gameboy_advance_cartridge_label_0179_256x256.png,gameboy_advance/cartridge_label/arabic_transliteration/bold_arcade_arabic/egyptian_folklore_pixel/256x256/gameboy_advance_cartridge_label_0179_256x256.json
gameboy_advance_cartridge_label_0180_128x128,gameboy_advance,cartridge_label,arabic_subtitle,3d_bevel_arabic,japanese_boxart_style,128x128,egyptian_folklore,center_title_large,gameboy_advance/cartridge_label/arabic_subtitle/3d_bevel_arabic/japanese_boxart_style/128x128/gameboy_advance_cartridge_label_0180_128x128.png,gameboy_advance/cartridge_label/arabic_subtitle/3d_bevel_arabic/japanese_boxart_style/128x128/gameboy_advance_cartridge_label_0180_128x128.json
gameboy_advance_cartridge_label_0180_256x256,gameboy_advance,cartridge_label,arabic_subtitle,3d_bevel_arabic,japanese_boxart_style,256x256,egyptian_folklore,center_title_large,gameboy_advance/cartridge_label/arabic_subtitle/3d_bevel_arabic/japanese_boxart_style/256x256/gameboy_advance_cartridge_label_0180_256x256.png,gameboy_advance/cartridge_label/arabic_subtitle/3d_bevel_arabic/japanese_boxart_style/256x256/gameboy_advance_cartridge_label_0180_256x256.json
gameboy_advance_full_game_poster_0181_128x128,gameboy_advance,full_game_poster,arabic_only,neon_glitch_arabic,western_boxart_style,128x128,post_apocalyptic,top_title_hero_bottom,gameboy_advance/full_game_poster/arabic_only/neon_glitch_arabic/western_boxart_style/128x128/gameboy_advance_full_game_poster_0181_128x128.png,gameboy_advance/full_game_poster/arabic_only/neon_glitch_arabic/western_boxart_style/128x128/gameboy_advance_full_game_poster_0181_128x128.json
gameboy_advance_full_game_poster_0181_256x256,gameboy_advance,full_game_poster,arabic_only,neon_glitch_arabic,western_boxart_style,256x256,post_apocalyptic,top_title_hero_bottom,gameboy_advance/full_game_poster/arabic_only/neon_glitch_arabic/western_boxart_style/256x256/gameboy_advance_full_game_poster_0181_256x256.png,gameboy_advance/full_game_poster/arabic_only/neon_glitch_arabic/western_boxart_style/256x256/gameboy_advance_full_game_poster_0181_256x256.json
gameboy_advance_full_game_poster_0182_128x128,gameboy_advance,full_game_poster,bilingual_arabic_primary,fantasy_ornate_arabic,monochrome_dmg,128x128,platformer,bottom_title_scene_top,gameboy_advance/full_game_poster/bilingual_arabic_primary/fantasy_ornate_arabic/monochrome_dmg/128x128/gameboy_advance_full_game_poster_0182_128x128.png,gameboy_advance/full_game_poster/bilingual_arabic_primary/fantasy_ornate_arabic/monochrome_dmg/128x128/gameboy_advance_full_game_poster_0182_128x128.json
gameboy_advance_full_game_poster_0182_256x256,gameboy_advance,full_game_poster,bilingual_arabic_primary,fantasy_ornate_arabic,monochrome_dmg,256x256,platformer,bottom_title_scene_top,gameboy_advance/full_game_poster/bilingual_arabic_primary/fantasy_ornate_arabic/monochrome_dmg/256x256/gameboy_advance_full_game_poster_0182_256x256.png,gameboy_advance/full_game_poster/bilingual_arabic_primary/fantasy_ornate_arabic/monochrome_dmg/256x256/gameboy_advance_full_game_poster_0182_256x256.json
gameboy_advance_full_game_poster_0183_128x128,gameboy_advance,full_game_poster,bilingual_english_primary,retro_8bit_arabic,retro_8bit_nes,128x128,action_adventure,grid_framed_boxart,gameboy_advance/full_game_poster/bilingual_english_primary/retro_8bit_arabic/retro_8bit_nes/128x128/gameboy_advance_full_game_poster_0183_128x128.png,gameboy_advance/full_game_poster/bilingual_english_primary/retro_8bit_arabic/retro_8bit_nes/128x128/gameboy_advance_full_game_poster_0183_128x128.json
gameboy_advance_full_game_poster_0183_256x256,gameboy_advance,full_game_poster,bilingual_english_primary,retro_8bit_arabic,retro_8bit_nes,256x256,action_adventure,grid_framed_boxart,gameboy_advance/full_game_poster/bilingual_english_primary/retro_8bit_arabic/retro_8bit_nes/256x256/gameboy_advance_full_game_poster_0183_256x256.png,gameboy_advance/full_game_poster/bilingual_english_primary/retro_8bit_arabic/retro_8bit_nes/256x256/gameboy_advance_full_game_poster_0183_256x256.json
gameboy_advance_full_game_poster_0184_128x128,gameboy_advance,full_game_poster,parallel_pair_arabic,metallic_chrome_arabic,retro_16bit_snes_genesis,128x128,fighting_game,black_border_nes,gameboy_advance/full_game_poster/parallel_pair_arabic/metallic_chrome_arabic/retro_16bit_snes_genesis/128x128/gameboy_advance_full_game_poster_0184_128x128.png,gameboy_advance/full_game_poster/parallel_pair_arabic/metallic_chrome_arabic/retro_16bit_snes_genesis/128x128/gameboy_advance_full_game_poster_0184_128x128.json
gameboy_advance_full_game_poster_0184_256x256,gameboy_advance,full_game_poster,parallel_pair_arabic,metallic_chrome_arabic,retro_16bit_snes_genesis,256x256,fighting_game,black_border_nes,gameboy_advance/full_game_poster/parallel_pair_arabic/metallic_chrome_arabic/retro_16bit_snes_genesis/256x256/gameboy_advance_full_game_poster_0184_256x256.png,gameboy_advance/full_game_poster/parallel_pair_arabic/metallic_chrome_arabic/retro_16bit_snes_genesis/256x256/gameboy_advance_full_game_poster_0184_256x256.json
gameboy_advance_full_game_poster_0185_128x128,gameboy_advance,full_game_poster,arabic_transliteration,pixel_thuluth_display,arcade_vibrant,128x128,rpg_fantasy,diagonal_arcade_badge,gameboy_advance/full_game_poster/arabic_transliteration/pixel_thuluth_display/arcade_vibrant/128x128/gameboy_advance_full_game_poster_0185_128x128.png,gameboy_advance/full_game_poster/arabic_transliteration/pixel_thuluth_display/arcade_vibrant/128x128/gameboy_advance_full_game_poster_0185_128x128.json
gameboy_advance_full_game_poster_0185_256x256,gameboy_advance,full_game_poster,arabic_transliteration,pixel_thuluth_display,arcade_vibrant,256x256,rpg_fantasy,diagonal_arcade_badge,gameboy_advance/full_game_poster/arabic_transliteration/pixel_thuluth_display/arcade_vibrant/256x256/gameboy_advance_full_game_poster_0185_256x256.png,gameboy_advance/full_game_poster/arabic_transliteration/pixel_thuluth_display/arcade_vibrant/256x256/gameboy_advance_full_game_poster_0185_256x256.json
gameboy_advance_full_game_poster_0186_128x128,gameboy_advance,full_game_poster,arabic_subtitle,pixel_calligraffiti,retro_synthwave_80s,128x128,shoot_em_up,centered_emblem,gameboy_advance/full_game_poster/arabic_subtitle/pixel_calligraffiti/retro_synthwave_80s/128x128/gameboy_advance_full_game_poster_0186_128x128.png,gameboy_advance/full_game_poster/arabic_subtitle/pixel_calligraffiti/retro_synthwave_80s/128x128/gameboy_advance_full_game_poster_0186_128x128.json
gameboy_advance_full_game_poster_0186_256x256,gameboy_advance,full_game_poster,arabic_subtitle,pixel_calligraffiti,retro_synthwave_80s,256x256,shoot_em_up,centered_emblem,gameboy_advance/full_game_poster/arabic_subtitle/pixel_calligraffiti/retro_synthwave_80s/256x256/gameboy_advance_full_game_poster_0186_256x256.png,gameboy_advance/full_game_poster/arabic_subtitle/pixel_calligraffiti/retro_synthwave_80s/256x256/gameboy_advance_full_game_poster_0186_256x256.json
gameboy_advance_promo_flyer_0187_128x128,gameboy_advance,promo_flyer,arabic_only,pixel_kufic_geometric,constructivist_arcade,128x128,racing_sports,split_bilingual_layout,gameboy_advance/promo_flyer/arabic_only/pixel_kufic_geometric/constructivist_arcade/128x128/gameboy_advance_promo_flyer_0187_128x128.png,gameboy_advance/promo_flyer/arabic_only/pixel_kufic_geometric/constructivist_arcade/128x128/gameboy_advance_promo_flyer_0187_128x128.json
gameboy_advance_promo_flyer_0187_256x256,gameboy_advance,promo_flyer,arabic_only,pixel_kufic_geometric,constructivist_arcade,256x256,racing_sports,split_bilingual_layout,gameboy_advance/promo_flyer/arabic_only/pixel_kufic_geometric/constructivist_arcade/256x256/gameboy_advance_promo_flyer_0187_256x256.png,gameboy_advance/promo_flyer/arabic_only/pixel_kufic_geometric/constructivist_arcade/256x256/gameboy_advance_promo_flyer_0187_256x256.json
gameboy_advance_promo_flyer_0188_128x128,gameboy_advance,promo_flyer,bilingual_arabic_primary,pixel_ruqah_fast,dark_fantasy_gothic,128x128,horror_survival,border_framed,gameboy_advance/promo_flyer/bilingual_arabic_primary/pixel_ruqah_fast/dark_fantasy_gothic/128x128/gameboy_advance_promo_flyer_0188_128x128.png,gameboy_advance/promo_flyer/bilingual_arabic_primary/pixel_ruqah_fast/dark_fantasy_gothic/128x128/gameboy_advance_promo_flyer_0188_128x128.json
gameboy_advance_promo_flyer_0188_256x256,gameboy_advance,promo_flyer,bilingual_arabic_primary,pixel_ruqah_fast,dark_fantasy_gothic,256x256,horror_survival,border_framed,gameboy_advance/promo_flyer/bilingual_arabic_primary/pixel_ruqah_fast/dark_fantasy_gothic/256x256/gameboy_advance_promo_flyer_0188_256x256.png,gameboy_advance/promo_flyer/bilingual_arabic_primary/pixel_ruqah_fast/dark_fantasy_gothic/256x256/gameboy_advance_promo_flyer_0188_256x256.json
gameboy_advance_promo_flyer_0189_128x128,gameboy_advance,promo_flyer,bilingual_english_primary,pixel_naskh_clean,pop_art_comic,128x128,beat_em_up,center_title_large,gameboy_advance/promo_flyer/bilingual_english_primary/pixel_naskh_clean/pop_art_comic/128x128/gameboy_advance_promo_flyer_0189_128x128.png,gameboy_advance/promo_flyer/bilingual_english_primary/pixel_naskh_clean/pop_art_comic/128x128/gameboy_advance_promo_flyer_0189_128x128.json
gameboy_advance_promo_flyer_0189_256x256,gameboy_advance,promo_flyer,bilingual_english_primary,pixel_naskh_clean,pop_art_comic,256x256,beat_em_up,center_title_large,gameboy_advance/promo_flyer/bilingual_english_primary/pixel_naskh_clean/pop_art_comic/256x256/gameboy_advance_promo_flyer_0189_256x256.png,gameboy_advance/promo_flyer/bilingual_english_primary/pixel_naskh_clean/pop_art_comic/256x256/gameboy_advance_promo_flyer_0189_256x256.json
gameboy_advance_promo_flyer_0190_128x128,gameboy_advance,promo_flyer,parallel_pair_arabic,bold_arcade_arabic,cyberpunk_neon_dystopian,128x128,puzzle_strategy,top_title_hero_bottom,gameboy_advance/promo_flyer/parallel_pair_arabic/bold_arcade_arabic/cyberpunk_neon_dystopian/128x128/gameboy_advance_promo_flyer_0190_128x128.png,gameboy_advance/promo_flyer/parallel_pair_arabic/bold_arcade_arabic/cyberpunk_neon_dystopian/128x128/gameboy_advance_promo_flyer_0190_128x128.json
gameboy_advance_promo_flyer_0190_256x256,gameboy_advance,promo_flyer,parallel_pair_arabic,bold_arcade_arabic,cyberpunk_neon_dystopian,256x256,puzzle_strategy,top_title_hero_bottom,gameboy_advance/promo_flyer/parallel_pair_arabic/bold_arcade_arabic/cyberpunk_neon_dystopian/256x256/gameboy_advance_promo_flyer_0190_256x256.png,gameboy_advance/promo_flyer/parallel_pair_arabic/bold_arcade_arabic/cyberpunk_neon_dystopian/256x256/gameboy_advance_promo_flyer_0190_256x256.json
gameboy_advance_promo_flyer_0191_128x128,gameboy_advance,promo_flyer,arabic_transliteration,3d_bevel_arabic,minimalist_pixel_poster,128x128,sci_fi_cyberpunk,bottom_title_scene_top,gameboy_advance/promo_flyer/arabic_transliteration/3d_bevel_arabic/minimalist_pixel_poster/128x128/gameboy_advance_promo_flyer_0191_128x128.png,gameboy_advance/promo_flyer/arabic_transliteration/3d_bevel_arabic/minimalist_pixel_poster/128x128/gameboy_advance_promo_flyer_0191_128x128.json
gameboy_advance_promo_flyer_0191_256x256,gameboy_advance,promo_flyer,arabic_transliteration,3d_bevel_arabic,minimalist_pixel_poster,256x256,sci_fi_cyberpunk,bottom_title_scene_top,gameboy_advance/promo_flyer/arabic_transliteration/3d_bevel_arabic/minimalist_pixel_poster/256x256/gameboy_advance_promo_flyer_0191_256x256.png,gameboy_advance/promo_flyer/arabic_transliteration/3d_bevel_arabic/minimalist_pixel_poster/256x256/gameboy_advance_promo_flyer_0191_256x256.json
gameboy_advance_promo_flyer_0192_128x128,gameboy_advance,promo_flyer,arabic_subtitle,neon_glitch_arabic,egyptian_folklore_pixel,128x128,historical_medieval,grid_framed_boxart,gameboy_advance/promo_flyer/arabic_subtitle/neon_glitch_arabic/egyptian_folklore_pixel/128x128/gameboy_advance_promo_flyer_0192_128x128.png,gameboy_advance/promo_flyer/arabic_subtitle/neon_glitch_arabic/egyptian_folklore_pixel/128x128/gameboy_advance_promo_flyer_0192_128x128.json
gameboy_advance_promo_flyer_0192_256x256,gameboy_advance,promo_flyer,arabic_subtitle,neon_glitch_arabic,egyptian_folklore_pixel,256x256,historical_medieval,grid_framed_boxart,gameboy_advance/promo_flyer/arabic_subtitle/neon_glitch_arabic/egyptian_folklore_pixel/256x256/gameboy_advance_promo_flyer_0192_256x256.png,gameboy_advance/promo_flyer/arabic_subtitle/neon_glitch_arabic/egyptian_folklore_pixel/256x256/gameboy_advance_promo_flyer_0192_256x256.json
gameboy_advance_arabic_title_logo_0193_128x128,gameboy_advance,arabic_title_logo,arabic_only,fantasy_ornate_arabic,japanese_boxart_style,128x128,egyptian_folklore,black_border_nes,gameboy_advance/arabic_title_logo/arabic_only/fantasy_ornate_arabic/japanese_boxart_style/128x128/gameboy_advance_arabic_title_logo_0193_128x128.png,gameboy_advance/arabic_title_logo/arabic_only/fantasy_ornate_arabic/japanese_boxart_style/128x128/gameboy_advance_arabic_title_logo_0193_128x128.json
gameboy_advance_arabic_title_logo_0193_256x256,gameboy_advance,arabic_title_logo,arabic_only,fantasy_ornate_arabic,japanese_boxart_style,256x256,egyptian_folklore,black_border_nes,gameboy_advance/arabic_title_logo/arabic_only/fantasy_ornate_arabic/japanese_boxart_style/256x256/gameboy_advance_arabic_title_logo_0193_256x256.png,gameboy_advance/arabic_title_logo/arabic_only/fantasy_ornate_arabic/japanese_boxart_style/256x256/gameboy_advance_arabic_title_logo_0193_256x256.json
gameboy_advance_arabic_title_logo_0194_128x128,gameboy_advance,arabic_title_logo,bilingual_arabic_primary,retro_8bit_arabic,western_boxart_style,128x128,post_apocalyptic,diagonal_arcade_badge,gameboy_advance/arabic_title_logo/bilingual_arabic_primary/retro_8bit_arabic/western_boxart_style/128x128/gameboy_advance_arabic_title_logo_0194_128x128.png,gameboy_advance/arabic_title_logo/bilingual_arabic_primary/retro_8bit_arabic/western_boxart_style/128x128/gameboy_advance_arabic_title_logo_0194_128x128.json
gameboy_advance_arabic_title_logo_0194_256x256,gameboy_advance,arabic_title_logo,bilingual_arabic_primary,retro_8bit_arabic,western_boxart_style,256x256,post_apocalyptic,diagonal_arcade_badge,gameboy_advance/arabic_title_logo/bilingual_arabic_primary/retro_8bit_arabic/western_boxart_style/256x256/gameboy_advance_arabic_title_logo_0194_256x256.png,gameboy_advance/arabic_title_logo/bilingual_arabic_primary/retro_8bit_arabic/western_boxart_style/256x256/gameboy_advance_arabic_title_logo_0194_256x256.json
gameboy_advance_arabic_title_logo_0195_128x128,gameboy_advance,arabic_title_logo,bilingual_english_primary,metallic_chrome_arabic,monochrome_dmg,128x128,platformer,centered_emblem,gameboy_advance/arabic_title_logo/bilingual_english_primary/metallic_chrome_arabic/monochrome_dmg/128x128/gameboy_advance_arabic_title_logo_0195_128x128.png,gameboy_advance/arabic_title_logo/bilingual_english_primary/metallic_chrome_arabic/monochrome_dmg/128x128/gameboy_advance_arabic_title_logo_0195_128x128.json
gameboy_advance_arabic_title_logo_0195_256x256,gameboy_advance,arabic_title_logo,bilingual_english_primary,metallic_chrome_arabic,monochrome_dmg,256x256,platformer,centered_emblem,gameboy_advance/arabic_title_logo/bilingual_english_primary/metallic_chrome_arabic/monochrome_dmg/256x256/gameboy_advance_arabic_title_logo_0195_256x256.png,gameboy_advance/arabic_title_logo/bilingual_english_primary/metallic_chrome_arabic/monochrome_dmg/256x256/gameboy_advance_arabic_title_logo_0195_256x256.json
gameboy_advance_arabic_title_logo_0196_128x128,gameboy_advance,arabic_title_logo,parallel_pair_arabic,pixel_thuluth_display,retro_8bit_nes,128x128,action_adventure,split_bilingual_layout,gameboy_advance/arabic_title_logo/parallel_pair_arabic/pixel_thuluth_display/retro_8bit_nes/128x128/gameboy_advance_arabic_title_logo_0196_128x128.png,gameboy_advance/arabic_title_logo/parallel_pair_arabic/pixel_thuluth_display/retro_8bit_nes/128x128/gameboy_advance_arabic_title_logo_0196_128x128.json
gameboy_advance_arabic_title_logo_0196_256x256,gameboy_advance,arabic_title_logo,parallel_pair_arabic,pixel_thuluth_display,retro_8bit_nes,256x256,action_adventure,split_bilingual_layout,gameboy_advance/arabic_title_logo/parallel_pair_arabic/pixel_thuluth_display/retro_8bit_nes/256x256/gameboy_advance_arabic_title_logo_0196_256x256.png,gameboy_advance/arabic_title_logo/parallel_pair_arabic/pixel_thuluth_display/retro_8bit_nes/256x256/gameboy_advance_arabic_title_logo_0196_256x256.json
gameboy_advance_arabic_title_logo_0197_128x128,gameboy_advance,arabic_title_logo,arabic_transliteration,pixel_calligraffiti,retro_16bit_snes_genesis,128x128,fighting_game,border_framed,gameboy_advance/arabic_title_logo/arabic_transliteration/pixel_calligraffiti/retro_16bit_snes_genesis/128x128/gameboy_advance_arabic_title_logo_0197_128x128.png,gameboy_advance/arabic_title_logo/arabic_transliteration/pixel_calligraffiti/retro_16bit_snes_genesis/128x128/gameboy_advance_arabic_title_logo_0197_128x128.json
gameboy_advance_arabic_title_logo_0197_256x256,gameboy_advance,arabic_title_logo,arabic_transliteration,pixel_calligraffiti,retro_16bit_snes_genesis,256x256,fighting_game,border_framed,gameboy_advance/arabic_title_logo/arabic_transliteration/pixel_calligraffiti/retro_16bit_snes_genesis/256x256/gameboy_advance_arabic_title_logo_0197_256x256.png,gameboy_advance/arabic_title_logo/arabic_transliteration/pixel_calligraffiti/retro_16bit_snes_genesis/256x256/gameboy_advance_arabic_title_logo_0197_256x256.json
gameboy_advance_arabic_title_logo_0198_128x128,gameboy_advance,arabic_title_logo,arabic_subtitle,pixel_kufic_geometric,arcade_vibrant,128x128,rpg_fantasy,center_title_large,gameboy_advance/arabic_title_logo/arabic_subtitle/pixel_kufic_geometric/arcade_vibrant/128x128/gameboy_advance_arabic_title_logo_0198_128x128.png,gameboy_advance/arabic_title_logo/arabic_subtitle/pixel_kufic_geometric/arcade_vibrant/128x128/gameboy_advance_arabic_title_logo_0198_128x128.json
gameboy_advance_arabic_title_logo_0198_256x256,gameboy_advance,arabic_title_logo,arabic_subtitle,pixel_kufic_geometric,arcade_vibrant,256x256,rpg_fantasy,center_title_large,gameboy_advance/arabic_title_logo/arabic_subtitle/pixel_kufic_geometric/arcade_vibrant/256x256/gameboy_advance_arabic_title_logo_0198_256x256.png,gameboy_advance/arabic_title_logo/arabic_subtitle/pixel_kufic_geometric/arcade_vibrant/256x256/gameboy_advance_arabic_title_logo_0198_256x256.json
gameboy_advance_english_title_logo_0199_128x128,gameboy_advance,english_title_logo,arabic_only,pixel_ruqah_fast,retro_synthwave_80s,128x128,shoot_em_up,top_title_hero_bottom,gameboy_advance/english_title_logo/arabic_only/pixel_ruqah_fast/retro_synthwave_80s/128x128/gameboy_advance_english_title_logo_0199_128x128.png,gameboy_advance/english_title_logo/arabic_only/pixel_ruqah_fast/retro_synthwave_80s/128x128/gameboy_advance_english_title_logo_0199_128x128.json
gameboy_advance_english_title_logo_0199_256x256,gameboy_advance,english_title_logo,arabic_only,pixel_ruqah_fast,retro_synthwave_80s,256x256,shoot_em_up,top_title_hero_bottom,gameboy_advance/english_title_logo/arabic_only/pixel_ruqah_fast/retro_synthwave_80s/256x256/gameboy_advance_english_title_logo_0199_256x256.png,gameboy_advance/english_title_logo/arabic_only/pixel_ruqah_fast/retro_synthwave_80s/256x256/gameboy_advance_english_title_logo_0199_256x256.json
gameboy_advance_english_title_logo_0200_128x128,gameboy_advance,english_title_logo,bilingual_arabic_primary,pixel_naskh_clean,constructivist_arcade,128x128,racing_sports,bottom_title_scene_top,gameboy_advance/english_title_logo/bilingual_arabic_primary/pixel_naskh_clean/constructivist_arcade/128x128/gameboy_advance_english_title_logo_0200_128x128.png,gameboy_advance/english_title_logo/bilingual_arabic_primary/pixel_naskh_clean/constructivist_arcade/128x128/gameboy_advance_english_title_logo_0200_128x128.json
gameboy_advance_english_title_logo_0200_256x256,gameboy_advance,english_title_logo,bilingual_arabic_primary,pixel_naskh_clean,constructivist_arcade,256x256,racing_sports,bottom_title_scene_top,gameboy_advance/english_title_logo/bilingual_arabic_primary/pixel_naskh_clean/constructivist_arcade/256x256/gameboy_advance_english_title_logo_0200_256x256.png,gameboy_advance/english_title_logo/bilingual_arabic_primary/pixel_naskh_clean/constructivist_arcade/256x256/gameboy_advance_english_title_logo_0200_256x256.json
gameboy_advance_english_title_logo_0201_128x128,gameboy_advance,english_title_logo,bilingual_english_primary,bold_arcade_arabic,dark_fantasy_gothic,128x128,horror_survival,grid_framed_boxart,gameboy_advance/english_title_logo/bilingual_english_primary/bold_arcade_arabic/dark_fantasy_gothic/128x128/gameboy_advance_english_title_logo_0201_128x128.png,gameboy_advance/english_title_logo/bilingual_english_primary/bold_arcade_arabic/dark_fantasy_gothic/128x128/gameboy_advance_english_title_logo_0201_128x128.json
gameboy_advance_english_title_logo_0201_256x256,gameboy_advance,english_title_logo,bilingual_english_primary,bold_arcade_arabic,dark_fantasy_gothic,256x256,horror_survival,grid_framed_boxart,gameboy_advance/english_title_logo/bilingual_english_primary/bold_arcade_arabic/dark_fantasy_gothic/256x256/gameboy_advance_english_title_logo_0201_256x256.png,gameboy_advance/english_title_logo/bilingual_english_primary/bold_arcade_arabic/dark_fantasy_gothic/256x256/gameboy_advance_english_title_logo_0201_256x256.json
gameboy_advance_english_title_logo_0202_128x128,gameboy_advance,english_title_logo,parallel_pair_arabic,3d_bevel_arabic,pop_art_comic,128x128,beat_em_up,black_border_nes,gameboy_advance/english_title_logo/parallel_pair_arabic/3d_bevel_arabic/pop_art_comic/128x128/gameboy_advance_english_title_logo_0202_128x128.png,gameboy_advance/english_title_logo/parallel_pair_arabic/3d_bevel_arabic/pop_art_comic/128x128/gameboy_advance_english_title_logo_0202_128x128.json
gameboy_advance_english_title_logo_0202_256x256,gameboy_advance,english_title_logo,parallel_pair_arabic,3d_bevel_arabic,pop_art_comic,256x256,beat_em_up,black_border_nes,gameboy_advance/english_title_logo/parallel_pair_arabic/3d_bevel_arabic/pop_art_comic/256x256/gameboy_advance_english_title_logo_0202_256x256.png,gameboy_advance/english_title_logo/parallel_pair_arabic/3d_bevel_arabic/pop_art_comic/256x256/gameboy_advance_english_title_logo_0202_256x256.json
gameboy_advance_english_title_logo_0203_128x128,gameboy_advance,english_title_logo,arabic_transliteration,neon_glitch_arabic,cyberpunk_neon_dystopian,128x128,puzzle_strategy,diagonal_arcade_badge,gameboy_advance/english_title_logo/arabic_transliteration/neon_glitch_arabic/cyberpunk_neon_dystopian/128x128/gameboy_advance_english_title_logo_0203_128x128.png,gameboy_advance/english_title_logo/arabic_transliteration/neon_glitch_arabic/cyberpunk_neon_dystopian/128x128/gameboy_advance_english_title_logo_0203_128x128.json
gameboy_advance_english_title_logo_0203_256x256,gameboy_advance,english_title_logo,arabic_transliteration,neon_glitch_arabic,cyberpunk_neon_dystopian,256x256,puzzle_strategy,diagonal_arcade_badge,gameboy_advance/english_title_logo/arabic_transliteration/neon_glitch_arabic/cyberpunk_neon_dystopian/256x256/gameboy_advance_english_title_logo_0203_256x256.png,gameboy_advance/english_title_logo/arabic_transliteration/neon_glitch_arabic/cyberpunk_neon_dystopian/256x256/gameboy_advance_english_title_logo_0203_256x256.json
gameboy_advance_english_title_logo_0204_128x128,gameboy_advance,english_title_logo,arabic_subtitle,fantasy_ornate_arabic,minimalist_pixel_poster,128x128,sci_fi_cyberpunk,centered_emblem,gameboy_advance/english_title_logo/arabic_subtitle/fantasy_ornate_arabic/minimalist_pixel_poster/128x128/gameboy_advance_english_title_logo_0204_128x128.png,gameboy_advance/english_title_logo/arabic_subtitle/fantasy_ornate_arabic/minimalist_pixel_poster/128x128/gameboy_advance_english_title_logo_0204_128x128.json
gameboy_advance_english_title_logo_0204_256x256,gameboy_advance,english_title_logo,arabic_subtitle,fantasy_ornate_arabic,minimalist_pixel_poster,256x256,sci_fi_cyberpunk,centered_emblem,gameboy_advance/english_title_logo/arabic_subtitle/fantasy_ornate_arabic/minimalist_pixel_poster/256x256/gameboy_advance_english_title_logo_0204_256x256.png,gameboy_advance/english_title_logo/arabic_subtitle/fantasy_ornate_arabic/minimalist_pixel_poster/256x256/gameboy_advance_english_title_logo_0204_256x256.json
gameboy_advance_bilingual_title_logo_0205_128x128,gameboy_advance,bilingual_title_logo,arabic_only,retro_8bit_arabic,egyptian_folklore_pixel,128x128,historical_medieval,split_bilingual_layout,gameboy_advance/bilingual_title_logo/arabic_only/retro_8bit_arabic/egyptian_folklore_pixel/128x128/gameboy_advance_bilingual_title_logo_0205_128x128.png,gameboy_advance/bilingual_title_logo/arabic_only/retro_8bit_arabic/egyptian_folklore_pixel/128x128/gameboy_advance_bilingual_title_logo_0205_128x128.json
gameboy_advance_bilingual_title_logo_0205_256x256,gameboy_advance,bilingual_title_logo,arabic_only,retro_8bit_arabic,egyptian_folklore_pixel,256x256,historical_medieval,split_bilingual_layout,gameboy_advance/bilingual_title_logo/arabic_only/retro_8bit_arabic/egyptian_folklore_pixel/256x256/gameboy_advance_bilingual_title_logo_0205_256x256.png,gameboy_advance/bilingual_title_logo/arabic_only/retro_8bit_arabic/egyptian_folklore_pixel/256x256/gameboy_advance_bilingual_title_logo_0205_256x256.json
gameboy_advance_bilingual_title_logo_0206_128x128,gameboy_advance,bilingual_title_logo,bilingual_arabic_primary,metallic_chrome_arabic,japanese_boxart_style,128x128,egyptian_folklore,border_framed,gameboy_advance/bilingual_title_logo/bilingual_arabic_primary/metallic_chrome_arabic/japanese_boxart_style/128x128/gameboy_advance_bilingual_title_logo_0206_128x128.png,gameboy_advance/bilingual_title_logo/bilingual_arabic_primary/metallic_chrome_arabic/japanese_boxart_style/128x128/gameboy_advance_bilingual_title_logo_0206_128x128.json
gameboy_advance_bilingual_title_logo_0206_256x256,gameboy_advance,bilingual_title_logo,bilingual_arabic_primary,metallic_chrome_arabic,japanese_boxart_style,256x256,egyptian_folklore,border_framed,gameboy_advance/bilingual_title_logo/bilingual_arabic_primary/metallic_chrome_arabic/japanese_boxart_style/256x256/gameboy_advance_bilingual_title_logo_0206_256x256.png,gameboy_advance/bilingual_title_logo/bilingual_arabic_primary/metallic_chrome_arabic/japanese_boxart_style/256x256/gameboy_advance_bilingual_title_logo_0206_256x256.json
gameboy_advance_bilingual_title_logo_0207_128x128,gameboy_advance,bilingual_title_logo,bilingual_english_primary,pixel_thuluth_display,western_boxart_style,128x128,post_apocalyptic,center_title_large,gameboy_advance/bilingual_title_logo/bilingual_english_primary/pixel_thuluth_display/western_boxart_style/128x128/gameboy_advance_bilingual_title_logo_0207_128x128.png,gameboy_advance/bilingual_title_logo/bilingual_english_primary/pixel_thuluth_display/western_boxart_style/128x128/gameboy_advance_bilingual_title_logo_0207_128x128.json
gameboy_advance_bilingual_title_logo_0207_256x256,gameboy_advance,bilingual_title_logo,bilingual_english_primary,pixel_thuluth_display,western_boxart_style,256x256,post_apocalyptic,center_title_large,gameboy_advance/bilingual_title_logo/bilingual_english_primary/pixel_thuluth_display/western_boxart_style/256x256/gameboy_advance_bilingual_title_logo_0207_256x256.png,gameboy_advance/bilingual_title_logo/bilingual_english_primary/pixel_thuluth_display/western_boxart_style/256x256/gameboy_advance_bilingual_title_logo_0207_256x256.json
gameboy_advance_bilingual_title_logo_0208_128x128,gameboy_advance,bilingual_title_logo,parallel_pair_arabic,pixel_calligraffiti,monochrome_dmg,128x128,platformer,top_title_hero_bottom,gameboy_advance/bilingual_title_logo/parallel_pair_arabic/pixel_calligraffiti/monochrome_dmg/128x128/gameboy_advance_bilingual_title_logo_0208_128x128.png,gameboy_advance/bilingual_title_logo/parallel_pair_arabic/pixel_calligraffiti/monochrome_dmg/128x128/gameboy_advance_bilingual_title_logo_0208_128x128.json
gameboy_advance_bilingual_title_logo_0208_256x256,gameboy_advance,bilingual_title_logo,parallel_pair_arabic,pixel_calligraffiti,monochrome_dmg,256x256,platformer,top_title_hero_bottom,gameboy_advance/bilingual_title_logo/parallel_pair_arabic/pixel_calligraffiti/monochrome_dmg/256x256/gameboy_advance_bilingual_title_logo_0208_256x256.png,gameboy_advance/bilingual_title_logo/parallel_pair_arabic/pixel_calligraffiti/monochrome_dmg/256x256/gameboy_advance_bilingual_title_logo_0208_256x256.json
gameboy_advance_bilingual_title_logo_0209_128x128,gameboy_advance,bilingual_title_logo,arabic_transliteration,pixel_kufic_geometric,retro_8bit_nes,128x128,action_adventure,bottom_title_scene_top,gameboy_advance/bilingual_title_logo/arabic_transliteration/pixel_kufic_geometric/retro_8bit_nes/128x128/gameboy_advance_bilingual_title_logo_0209_128x128.png,gameboy_advance/bilingual_title_logo/arabic_transliteration/pixel_kufic_geometric/retro_8bit_nes/128x128/gameboy_advance_bilingual_title_logo_0209_128x128.json
gameboy_advance_bilingual_title_logo_0209_256x256,gameboy_advance,bilingual_title_logo,arabic_transliteration,pixel_kufic_geometric,retro_8bit_nes,256x256,action_adventure,bottom_title_scene_top,gameboy_advance/bilingual_title_logo/arabic_transliteration/pixel_kufic_geometric/retro_8bit_nes/256x256/gameboy_advance_bilingual_title_logo_0209_256x256.png,gameboy_advance/bilingual_title_logo/arabic_transliteration/pixel_kufic_geometric/retro_8bit_nes/256x256/gameboy_advance_bilingual_title_logo_0209_256x256.json
gameboy_advance_bilingual_title_logo_0210_128x128,gameboy_advance,bilingual_title_logo,arabic_subtitle,pixel_ruqah_fast,retro_16bit_snes_genesis,128x128,fighting_game,grid_framed_boxart,gameboy_advance/bilingual_title_logo/arabic_subtitle/pixel_ruqah_fast/retro_16bit_snes_genesis/128x128/gameboy_advance_bilingual_title_logo_0210_128x128.png,gameboy_advance/bilingual_title_logo/arabic_subtitle/pixel_ruqah_fast/retro_16bit_snes_genesis/128x128/gameboy_advance_bilingual_title_logo_0210_128x128.json
gameboy_advance_bilingual_title_logo_0210_256x256,gameboy_advance,bilingual_title_logo,arabic_subtitle,pixel_ruqah_fast,retro_16bit_snes_genesis,256x256,fighting_game,grid_framed_boxart,gameboy_advance/bilingual_title_logo/arabic_subtitle/pixel_ruqah_fast/retro_16bit_snes_genesis/256x256/gameboy_advance_bilingual_title_logo_0210_256x256.png,gameboy_advance/bilingual_title_logo/arabic_subtitle/pixel_ruqah_fast/retro_16bit_snes_genesis/256x256/gameboy_advance_bilingual_title_logo_0210_256x256.json
gameboy_advance_pixel_lettering_0211_128x128,gameboy_advance,pixel_lettering,arabic_only,pixel_naskh_clean,arcade_vibrant,128x128,rpg_fantasy,black_border_nes,gameboy_advance/pixel_lettering/arabic_only/pixel_naskh_clean/arcade_vibrant/128x128/gameboy_advance_pixel_lettering_0211_128x128.png,gameboy_advance/pixel_lettering/arabic_only/pixel_naskh_clean/arcade_vibrant/128x128/gameboy_advance_pixel_lettering_0211_128x128.json
gameboy_advance_pixel_lettering_0211_256x256,gameboy_advance,pixel_lettering,arabic_only,pixel_naskh_clean,arcade_vibrant,256x256,rpg_fantasy,black_border_nes,gameboy_advance/pixel_lettering/arabic_only/pixel_naskh_clean/arcade_vibrant/256x256/gameboy_advance_pixel_lettering_0211_256x256.png,gameboy_advance/pixel_lettering/arabic_only/pixel_naskh_clean/arcade_vibrant/256x256/gameboy_advance_pixel_lettering_0211_256x256.json
gameboy_advance_pixel_lettering_0212_128x128,gameboy_advance,pixel_lettering,bilingual_arabic_primary,bold_arcade_arabic,retro_synthwave_80s,128x128,shoot_em_up,diagonal_arcade_badge,gameboy_advance/pixel_lettering/bilingual_arabic_primary/bold_arcade_arabic/retro_synthwave_80s/128x128/gameboy_advance_pixel_lettering_0212_128x128.png,gameboy_advance/pixel_lettering/bilingual_arabic_primary/bold_arcade_arabic/retro_synthwave_80s/128x128/gameboy_advance_pixel_lettering_0212_128x128.json
gameboy_advance_pixel_lettering_0212_256x256,gameboy_advance,pixel_lettering,bilingual_arabic_primary,bold_arcade_arabic,retro_synthwave_80s,256x256,shoot_em_up,diagonal_arcade_badge,gameboy_advance/pixel_lettering/bilingual_arabic_primary/bold_arcade_arabic/retro_synthwave_80s/256x256/gameboy_advance_pixel_lettering_0212_256x256.png,gameboy_advance/pixel_lettering/bilingual_arabic_primary/bold_arcade_arabic/retro_synthwave_80s/256x256/gameboy_advance_pixel_lettering_0212_256x256.json
gameboy_advance_pixel_lettering_0213_128x128,gameboy_advance,pixel_lettering,bilingual_english_primary,3d_bevel_arabic,constructivist_arcade,128x128,racing_sports,centered_emblem,gameboy_advance/pixel_lettering/bilingual_english_primary/3d_bevel_arabic/constructivist_arcade/128x128/gameboy_advance_pixel_lettering_0213_128x128.png,gameboy_advance/pixel_lettering/bilingual_english_primary/3d_bevel_arabic/constructivist_arcade/128x128/gameboy_advance_pixel_lettering_0213_128x128.json
gameboy_advance_pixel_lettering_0213_256x256,gameboy_advance,pixel_lettering,bilingual_english_primary,3d_bevel_arabic,constructivist_arcade,256x256,racing_sports,centered_emblem,gameboy_advance/pixel_lettering/bilingual_english_primary/3d_bevel_arabic/constructivist_arcade/256x256/gameboy_advance_pixel_lettering_0213_256x256.png,gameboy_advance/pixel_lettering/bilingual_english_primary/3d_bevel_arabic/constructivist_arcade/256x256/gameboy_advance_pixel_lettering_0213_256x256.json
gameboy_advance_pixel_lettering_0214_128x128,gameboy_advance,pixel_lettering,parallel_pair_arabic,neon_glitch_arabic,dark_fantasy_gothic,128x128,horror_survival,split_bilingual_layout,gameboy_advance/pixel_lettering/parallel_pair_arabic/neon_glitch_arabic/dark_fantasy_gothic/128x128/gameboy_advance_pixel_lettering_0214_128x128.png,gameboy_advance/pixel_lettering/parallel_pair_arabic/neon_glitch_arabic/dark_fantasy_gothic/128x128/gameboy_advance_pixel_lettering_0214_128x128.json
gameboy_advance_pixel_lettering_0214_256x256,gameboy_advance,pixel_lettering,parallel_pair_arabic,neon_glitch_arabic,dark_fantasy_gothic,256x256,horror_survival,split_bilingual_layout,gameboy_advance/pixel_lettering/parallel_pair_arabic/neon_glitch_arabic/dark_fantasy_gothic/256x256/gameboy_advance_pixel_lettering_0214_256x256.png,gameboy_advance/pixel_lettering/parallel_pair_arabic/neon_glitch_arabic/dark_fantasy_gothic/256x256/gameboy_advance_pixel_lettering_0214_256x256.json
gameboy_advance_pixel_lettering_0215_128x128,gameboy_advance,pixel_lettering,arabic_transliteration,fantasy_ornate_arabic,pop_art_comic,128x128,beat_em_up,border_framed,gameboy_advance/pixel_lettering/arabic_transliteration/fantasy_ornate_arabic/pop_art_comic/128x128/gameboy_advance_pixel_lettering_0215_128x128.png,gameboy_advance/pixel_lettering/arabic_transliteration/fantasy_ornate_arabic/pop_art_comic/128x128/gameboy_advance_pixel_lettering_0215_128x128.json
gameboy_advance_pixel_lettering_0215_256x256,gameboy_advance,pixel_lettering,arabic_transliteration,fantasy_ornate_arabic,pop_art_comic,256x256,beat_em_up,border_framed,gameboy_advance/pixel_lettering/arabic_transliteration/fantasy_ornate_arabic/pop_art_comic/256x256/gameboy_advance_pixel_lettering_0215_256x256.png,gameboy_advance/pixel_lettering/arabic_transliteration/fantasy_ornate_arabic/pop_art_comic/256x256/gameboy_advance_pixel_lettering_0215_256x256.json
gameboy_advance_pixel_lettering_0216_128x128,gameboy_advance,pixel_lettering,arabic_subtitle,retro_8bit_arabic,cyberpunk_neon_dystopian,128x128,puzzle_strategy,center_title_large,gameboy_advance/pixel_lettering/arabic_subtitle/retro_8bit_arabic/cyberpunk_neon_dystopian/128x128/gameboy_advance_pixel_lettering_0216_128x128.png,gameboy_advance/pixel_lettering/arabic_subtitle/retro_8bit_arabic/cyberpunk_neon_dystopian/128x128/gameboy_advance_pixel_lettering_0216_128x128.json
gameboy_advance_pixel_lettering_0216_256x256,gameboy_advance,pixel_lettering,arabic_subtitle,retro_8bit_arabic,cyberpunk_neon_dystopian,256x256,puzzle_strategy,center_title_large,gameboy_advance/pixel_lettering/arabic_subtitle/retro_8bit_arabic/cyberpunk_neon_dystopian/256x256/gameboy_advance_pixel_lettering_0216_256x256.png,gameboy_advance/pixel_lettering/arabic_subtitle/retro_8bit_arabic/cyberpunk_neon_dystopian/256x256/gameboy_advance_pixel_lettering_0216_256x256.json
gameboy_advance_game_over_screen_0217_128x128,gameboy_advance,game_over_screen,arabic_only,metallic_chrome_arabic,minimalist_pixel_poster,128x128,sci_fi_cyberpunk,top_title_hero_bottom,gameboy_advance/game_over_screen/arabic_only/metallic_chrome_arabic/minimalist_pixel_poster/128x128/gameboy_advance_game_over_screen_0217_128x128.png,gameboy_advance/game_over_screen/arabic_only/metallic_chrome_arabic/minimalist_pixel_poster/128x128/gameboy_advance_game_over_screen_0217_128x128.json
gameboy_advance_game_over_screen_0217_256x256,gameboy_advance,game_over_screen,arabic_only,metallic_chrome_arabic,minimalist_pixel_poster,256x256,sci_fi_cyberpunk,top_title_hero_bottom,gameboy_advance/game_over_screen/arabic_only/metallic_chrome_arabic/minimalist_pixel_poster/256x256/gameboy_advance_game_over_screen_0217_256x256.png,gameboy_advance/game_over_screen/arabic_only/metallic_chrome_arabic/minimalist_pixel_poster/256x256/gameboy_advance_game_over_screen_0217_256x256.json
gameboy_advance_game_over_screen_0218_128x128,gameboy_advance,game_over_screen,bilingual_arabic_primary,pixel_thuluth_display,egyptian_folklore_pixel,128x128,historical_medieval,bottom_title_scene_top,gameboy_advance/game_over_screen/bilingual_arabic_primary/pixel_thuluth_display/egyptian_folklore_pixel/128x128/gameboy_advance_game_over_screen_0218_128x128.png,gameboy_advance/game_over_screen/bilingual_arabic_primary/pixel_thuluth_display/egyptian_folklore_pixel/128x128/gameboy_advance_game_over_screen_0218_128x128.json
gameboy_advance_game_over_screen_0218_256x256,gameboy_advance,game_over_screen,bilingual_arabic_primary,pixel_thuluth_display,egyptian_folklore_pixel,256x256,historical_medieval,bottom_title_scene_top,gameboy_advance/game_over_screen/bilingual_arabic_primary/pixel_thuluth_display/egyptian_folklore_pixel/256x256/gameboy_advance_game_over_screen_0218_256x256.png,gameboy_advance/game_over_screen/bilingual_arabic_primary/pixel_thuluth_display/egyptian_folklore_pixel/256x256/gameboy_advance_game_over_screen_0218_256x256.json
gameboy_advance_game_over_screen_0219_128x128,gameboy_advance,game_over_screen,bilingual_english_primary,pixel_calligraffiti,japanese_boxart_style,128x128,egyptian_folklore,grid_framed_boxart,gameboy_advance/game_over_screen/bilingual_english_primary/pixel_calligraffiti/japanese_boxart_style/128x128/gameboy_advance_game_over_screen_0219_128x128.png,gameboy_advance/game_over_screen/bilingual_english_primary/pixel_calligraffiti/japanese_boxart_style/128x128/gameboy_advance_game_over_screen_0219_128x128.json
gameboy_advance_game_over_screen_0219_256x256,gameboy_advance,game_over_screen,bilingual_english_primary,pixel_calligraffiti,japanese_boxart_style,256x256,egyptian_folklore,grid_framed_boxart,gameboy_advance/game_over_screen/bilingual_english_primary/pixel_calligraffiti/japanese_boxart_style/256x256/gameboy_advance_game_over_screen_0219_256x256.png,gameboy_advance/game_over_screen/bilingual_english_primary/pixel_calligraffiti/japanese_boxart_style/256x256/gameboy_advance_game_over_screen_0219_256x256.json
gameboy_advance_game_over_screen_0220_128x128,gameboy_advance,game_over_screen,parallel_pair_arabic,pixel_kufic_geometric,western_boxart_style,128x128,post_apocalyptic,black_border_nes,gameboy_advance/game_over_screen/parallel_pair_arabic/pixel_kufic_geometric/western_boxart_style/128x128/gameboy_advance_game_over_screen_0220_128x128.png,gameboy_advance/game_over_screen/parallel_pair_arabic/pixel_kufic_geometric/western_boxart_style/128x128/gameboy_advance_game_over_screen_0220_128x128.json
gameboy_advance_game_over_screen_0220_256x256,gameboy_advance,game_over_screen,parallel_pair_arabic,pixel_kufic_geometric,western_boxart_style,256x256,post_apocalyptic,black_border_nes,gameboy_advance/game_over_screen/parallel_pair_arabic/pixel_kufic_geometric/western_boxart_style/256x256/gameboy_advance_game_over_screen_0220_256x256.png,gameboy_advance/game_over_screen/parallel_pair_arabic/pixel_kufic_geometric/western_boxart_style/256x256/gameboy_advance_game_over_screen_0220_256x256.json
gameboy_advance_game_over_screen_0221_128x128,gameboy_advance,game_over_screen,arabic_transliteration,pixel_ruqah_fast,monochrome_dmg,128x128,platformer,diagonal_arcade_badge,gameboy_advance/game_over_screen/arabic_transliteration/pixel_ruqah_fast/monochrome_dmg/128x128/gameboy_advance_game_over_screen_0221_128x128.png,gameboy_advance/game_over_screen/arabic_transliteration/pixel_ruqah_fast/monochrome_dmg/128x128/gameboy_advance_game_over_screen_0221_128x128.json
gameboy_advance_game_over_screen_0221_256x256,gameboy_advance,game_over_screen,arabic_transliteration,pixel_ruqah_fast,monochrome_dmg,256x256,platformer,diagonal_arcade_badge,gameboy_advance/game_over_screen/arabic_transliteration/pixel_ruqah_fast/monochrome_dmg/256x256/gameboy_advance_game_over_screen_0221_256x256.png,gameboy_advance/game_over_screen/arabic_transliteration/pixel_ruqah_fast/monochrome_dmg/256x256/gameboy_advance_game_over_screen_0221_256x256.json
gameboy_advance_game_over_screen_0222_128x128,gameboy_advance,game_over_screen,arabic_subtitle,pixel_naskh_clean,retro_8bit_nes,128x128,action_adventure,centered_emblem,gameboy_advance/game_over_screen/arabic_subtitle/pixel_naskh_clean/retro_8bit_nes/128x128/gameboy_advance_game_over_screen_0222_128x128.png,gameboy_advance/game_over_screen/arabic_subtitle/pixel_naskh_clean/retro_8bit_nes/128x128/gameboy_advance_game_over_screen_0222_128x128.json
gameboy_advance_game_over_screen_0222_256x256,gameboy_advance,game_over_screen,arabic_subtitle,pixel_naskh_clean,retro_8bit_nes,256x256,action_adventure,centered_emblem,gameboy_advance/game_over_screen/arabic_subtitle/pixel_naskh_clean/retro_8bit_nes/256x256/gameboy_advance_game_over_screen_0222_256x256.png,gameboy_advance/game_over_screen/arabic_subtitle/pixel_naskh_clean/retro_8bit_nes/256x256/gameboy_advance_game_over_screen_0222_256x256.json
gameboy_advance_stage_clear_banner_0223_128x128,gameboy_advance,stage_clear_banner,arabic_only,bold_arcade_arabic,retro_16bit_snes_genesis,128x128,fighting_game,split_bilingual_layout,gameboy_advance/stage_clear_banner/arabic_only/bold_arcade_arabic/retro_16bit_snes_genesis/128x128/gameboy_advance_stage_clear_banner_0223_128x128.png,gameboy_advance/stage_clear_banner/arabic_only/bold_arcade_arabic/retro_16bit_snes_genesis/128x128/gameboy_advance_stage_clear_banner_0223_128x128.json
gameboy_advance_stage_clear_banner_0223_256x256,gameboy_advance,stage_clear_banner,arabic_only,bold_arcade_arabic,retro_16bit_snes_genesis,256x256,fighting_game,split_bilingual_layout,gameboy_advance/stage_clear_banner/arabic_only/bold_arcade_arabic/retro_16bit_snes_genesis/256x256/gameboy_advance_stage_clear_banner_0223_256x256.png,gameboy_advance/stage_clear_banner/arabic_only/bold_arcade_arabic/retro_16bit_snes_genesis/256x256/gameboy_advance_stage_clear_banner_0223_256x256.json
gameboy_advance_stage_clear_banner_0224_128x128,gameboy_advance,stage_clear_banner,bilingual_arabic_primary,3d_bevel_arabic,arcade_vibrant,128x128,rpg_fantasy,border_framed,gameboy_advance/stage_clear_banner/bilingual_arabic_primary/3d_bevel_arabic/arcade_vibrant/128x128/gameboy_advance_stage_clear_banner_0224_128x128.png,gameboy_advance/stage_clear_banner/bilingual_arabic_primary/3d_bevel_arabic/arcade_vibrant/128x128/gameboy_advance_stage_clear_banner_0224_128x128.json
gameboy_advance_stage_clear_banner_0224_256x256,gameboy_advance,stage_clear_banner,bilingual_arabic_primary,3d_bevel_arabic,arcade_vibrant,256x256,rpg_fantasy,border_framed,gameboy_advance/stage_clear_banner/bilingual_arabic_primary/3d_bevel_arabic/arcade_vibrant/256x256/gameboy_advance_stage_clear_banner_0224_256x256.png,gameboy_advance/stage_clear_banner/bilingual_arabic_primary/3d_bevel_arabic/arcade_vibrant/256x256/gameboy_advance_stage_clear_banner_0224_256x256.json
gameboy_advance_stage_clear_banner_0225_128x128,gameboy_advance,stage_clear_banner,bilingual_english_primary,neon_glitch_arabic,retro_synthwave_80s,128x128,shoot_em_up,center_title_large,gameboy_advance/stage_clear_banner/bilingual_english_primary/neon_glitch_arabic/retro_synthwave_80s/128x128/gameboy_advance_stage_clear_banner_0225_128x128.png,gameboy_advance/stage_clear_banner/bilingual_english_primary/neon_glitch_arabic/retro_synthwave_80s/128x128/gameboy_advance_stage_clear_banner_0225_128x128.json
gameboy_advance_stage_clear_banner_0225_256x256,gameboy_advance,stage_clear_banner,bilingual_english_primary,neon_glitch_arabic,retro_synthwave_80s,256x256,shoot_em_up,center_title_large,gameboy_advance/stage_clear_banner/bilingual_english_primary/neon_glitch_arabic/retro_synthwave_80s/256x256/gameboy_advance_stage_clear_banner_0225_256x256.png,gameboy_advance/stage_clear_banner/bilingual_english_primary/neon_glitch_arabic/retro_synthwave_80s/256x256/gameboy_advance_stage_clear_banner_0225_256x256.json
gameboy_advance_stage_clear_banner_0226_128x128,gameboy_advance,stage_clear_banner,parallel_pair_arabic,fantasy_ornate_arabic,constructivist_arcade,128x128,racing_sports,top_title_hero_bottom,gameboy_advance/stage_clear_banner/parallel_pair_arabic/fantasy_ornate_arabic/constructivist_arcade/128x128/gameboy_advance_stage_clear_banner_0226_128x128.png,gameboy_advance/stage_clear_banner/parallel_pair_arabic/fantasy_ornate_arabic/constructivist_arcade/128x128/gameboy_advance_stage_clear_banner_0226_128x128.json
gameboy_advance_stage_clear_banner_0226_256x256,gameboy_advance,stage_clear_banner,parallel_pair_arabic,fantasy_ornate_arabic,constructivist_arcade,256x256,racing_sports,top_title_hero_bottom,gameboy_advance/stage_clear_banner/parallel_pair_arabic/fantasy_ornate_arabic/constructivist_arcade/256x256/gameboy_advance_stage_clear_banner_0226_256x256.png,gameboy_advance/stage_clear_banner/parallel_pair_arabic/fantasy_ornate_arabic/constructivist_arcade/256x256/gameboy_advance_stage_clear_banner_0226_256x256.json
gameboy_advance_stage_clear_banner_0227_128x128,gameboy_advance,stage_clear_banner,arabic_transliteration,retro_8bit_arabic,dark_fantasy_gothic,128x128,horror_survival,bottom_title_scene_top,gameboy_advance/stage_clear_banner/arabic_transliteration/retro_8bit_arabic/dark_fantasy_gothic/128x128/gameboy_advance_stage_clear_banner_0227_128x128.png,gameboy_advance/stage_clear_banner/arabic_transliteration/retro_8bit_arabic/dark_fantasy_gothic/128x128/gameboy_advance_stage_clear_banner_0227_128x128.json
gameboy_advance_stage_clear_banner_0227_256x256,gameboy_advance,stage_clear_banner,arabic_transliteration,retro_8bit_arabic,dark_fantasy_gothic,256x256,horror_survival,bottom_title_scene_top,gameboy_advance/stage_clear_banner/arabic_transliteration/retro_8bit_arabic/dark_fantasy_gothic/256x256/gameboy_advance_stage_clear_banner_0227_256x256.png,gameboy_advance/stage_clear_banner/arabic_transliteration/retro_8bit_arabic/dark_fantasy_gothic/256x256/gameboy_advance_stage_clear_banner_0227_256x256.json
gameboy_advance_stage_clear_banner_0228_128x128,gameboy_advance,stage_clear_banner,arabic_subtitle,metallic_chrome_arabic,pop_art_comic,128x128,beat_em_up,grid_framed_boxart,gameboy_advance/stage_clear_banner/arabic_subtitle/metallic_chrome_arabic/pop_art_comic/128x128/gameboy_advance_stage_clear_banner_0228_128x128.png,gameboy_advance/stage_clear_banner/arabic_subtitle/metallic_chrome_arabic/pop_art_comic/128x128/gameboy_advance_stage_clear_banner_0228_128x128.json
gameboy_advance_stage_clear_banner_0228_256x256,gameboy_advance,stage_clear_banner,arabic_subtitle,metallic_chrome_arabic,pop_art_comic,256x256,beat_em_up,grid_framed_boxart,gameboy_advance/stage_clear_banner/arabic_subtitle/metallic_chrome_arabic/pop_art_comic/256x256/gameboy_advance_stage_clear_banner_0228_256x256.png,gameboy_advance/stage_clear_banner/arabic_subtitle/metallic_chrome_arabic/pop_art_comic/256x256/gameboy_advance_stage_clear_banner_0228_256x256.json
gameboy_advance_ui_title_badge_0229_128x128,gameboy_advance,ui_title_badge,arabic_only,pixel_thuluth_display,cyberpunk_neon_dystopian,128x128,puzzle_strategy,black_border_nes,gameboy_advance/ui_title_badge/arabic_only/pixel_thuluth_display/cyberpunk_neon_dystopian/128x128/gameboy_advance_ui_title_badge_0229_128x128.png,gameboy_advance/ui_title_badge/arabic_only/pixel_thuluth_display/cyberpunk_neon_dystopian/128x128/gameboy_advance_ui_title_badge_0229_128x128.json
gameboy_advance_ui_title_badge_0229_256x256,gameboy_advance,ui_title_badge,arabic_only,pixel_thuluth_display,cyberpunk_neon_dystopian,256x256,puzzle_strategy,black_border_nes,gameboy_advance/ui_title_badge/arabic_only/pixel_thuluth_display/cyberpunk_neon_dystopian/256x256/gameboy_advance_ui_title_badge_0229_256x256.png,gameboy_advance/ui_title_badge/arabic_only/pixel_thuluth_display/cyberpunk_neon_dystopian/256x256/gameboy_advance_ui_title_badge_0229_256x256.json
gameboy_advance_ui_title_badge_0230_128x128,gameboy_advance,ui_title_badge,bilingual_arabic_primary,pixel_calligraffiti,minimalist_pixel_poster,128x128,sci_fi_cyberpunk,diagonal_arcade_badge,gameboy_advance/ui_title_badge/bilingual_arabic_primary/pixel_calligraffiti/minimalist_pixel_poster/128x128/gameboy_advance_ui_title_badge_0230_128x128.png,gameboy_advance/ui_title_badge/bilingual_arabic_primary/pixel_calligraffiti/minimalist_pixel_poster/128x128/gameboy_advance_ui_title_badge_0230_128x128.json
gameboy_advance_ui_title_badge_0230_256x256,gameboy_advance,ui_title_badge,bilingual_arabic_primary,pixel_calligraffiti,minimalist_pixel_poster,256x256,sci_fi_cyberpunk,diagonal_arcade_badge,gameboy_advance/ui_title_badge/bilingual_arabic_primary/pixel_calligraffiti/minimalist_pixel_poster/256x256/gameboy_advance_ui_title_badge_0230_256x256.png,gameboy_advance/ui_title_badge/bilingual_arabic_primary/pixel_calligraffiti/minimalist_pixel_poster/256x256/gameboy_advance_ui_title_badge_0230_256x256.json
gameboy_advance_ui_title_badge_0231_128x128,gameboy_advance,ui_title_badge,bilingual_english_primary,pixel_kufic_geometric,egyptian_folklore_pixel,128x128,historical_medieval,centered_emblem,gameboy_advance/ui_title_badge/bilingual_english_primary/pixel_kufic_geometric/egyptian_folklore_pixel/128x128/gameboy_advance_ui_title_badge_0231_128x128.png,gameboy_advance/ui_title_badge/bilingual_english_primary/pixel_kufic_geometric/egyptian_folklore_pixel/128x128/gameboy_advance_ui_title_badge_0231_128x128.json
gameboy_advance_ui_title_badge_0231_256x256,gameboy_advance,ui_title_badge,bilingual_english_primary,pixel_kufic_geometric,egyptian_folklore_pixel,256x256,historical_medieval,centered_emblem,gameboy_advance/ui_title_badge/bilingual_english_primary/pixel_kufic_geometric/egyptian_folklore_pixel/256x256/gameboy_advance_ui_title_badge_0231_256x256.png,gameboy_advance/ui_title_badge/bilingual_english_primary/pixel_kufic_geometric/egyptian_folklore_pixel/256x256/gameboy_advance_ui_title_badge_0231_256x256.json
gameboy_advance_ui_title_badge_0232_128x128,gameboy_advance,ui_title_badge,parallel_pair_arabic,pixel_ruqah_fast,japanese_boxart_style,128x128,egyptian_folklore,split_bilingual_layout,gameboy_advance/ui_title_badge/parallel_pair_arabic/pixel_ruqah_fast/japanese_boxart_style/128x128/gameboy_advance_ui_title_badge_0232_128x128.png,gameboy_advance/ui_title_badge/parallel_pair_arabic/pixel_ruqah_fast/japanese_boxart_style/128x128/gameboy_advance_ui_title_badge_0232_128x128.json
gameboy_advance_ui_title_badge_0232_256x256,gameboy_advance,ui_title_badge,parallel_pair_arabic,pixel_ruqah_fast,japanese_boxart_style,256x256,egyptian_folklore,split_bilingual_layout,gameboy_advance/ui_title_badge/parallel_pair_arabic/pixel_ruqah_fast/japanese_boxart_style/256x256/gameboy_advance_ui_title_badge_0232_256x256.png,gameboy_advance/ui_title_badge/parallel_pair_arabic/pixel_ruqah_fast/japanese_boxart_style/256x256/gameboy_advance_ui_title_badge_0232_256x256.json
gameboy_advance_ui_title_badge_0233_128x128,gameboy_advance,ui_title_badge,arabic_transliteration,pixel_naskh_clean,western_boxart_style,128x128,post_apocalyptic,border_framed,gameboy_advance/ui_title_badge/arabic_transliteration/pixel_naskh_clean/western_boxart_style/128x128/gameboy_advance_ui_title_badge_0233_128x128.png,gameboy_advance/ui_title_badge/arabic_transliteration/pixel_naskh_clean/western_boxart_style/128x128/gameboy_advance_ui_title_badge_0233_128x128.json
gameboy_advance_ui_title_badge_0233_256x256,gameboy_advance,ui_title_badge,arabic_transliteration,pixel_naskh_clean,western_boxart_style,256x256,post_apocalyptic,border_framed,gameboy_advance/ui_title_badge/arabic_transliteration/pixel_naskh_clean/western_boxart_style/256x256/gameboy_advance_ui_title_badge_0233_256x256.png,gameboy_advance/ui_title_badge/arabic_transliteration/pixel_naskh_clean/western_boxart_style/256x256/gameboy_advance_ui_title_badge_0233_256x256.json
gameboy_advance_ui_title_badge_0234_128x128,gameboy_advance,ui_title_badge,arabic_subtitle,bold_arcade_arabic,monochrome_dmg,128x128,platformer,center_title_large,gameboy_advance/ui_title_badge/arabic_subtitle/bold_arcade_arabic/monochrome_dmg/128x128/gameboy_advance_ui_title_badge_0234_128x128.png,gameboy_advance/ui_title_badge/arabic_subtitle/bold_arcade_arabic/monochrome_dmg/128x128/gameboy_advance_ui_title_badge_0234_128x128.json
gameboy_advance_ui_title_badge_0234_256x256,gameboy_advance,ui_title_badge,arabic_subtitle,bold_arcade_arabic,monochrome_dmg,256x256,platformer,center_title_large,gameboy_advance/ui_title_badge/arabic_subtitle/bold_arcade_arabic/monochrome_dmg/256x256/gameboy_advance_ui_title_badge_0234_256x256.png,gameboy_advance/ui_title_badge/arabic_subtitle/bold_arcade_arabic/monochrome_dmg/256x256/gameboy_advance_ui_title_badge_0234_256x256.json
nes_famicom_box_art_front_0235_128x128,nes_famicom,box_art_front,arabic_only,3d_bevel_arabic,retro_8bit_nes,128x128,action_adventure,top_title_hero_bottom,nes_famicom/box_art_front/arabic_only/3d_bevel_arabic/retro_8bit_nes/128x128/nes_famicom_box_art_front_0235_128x128.png,nes_famicom/box_art_front/arabic_only/3d_bevel_arabic/retro_8bit_nes/128x128/nes_famicom_box_art_front_0235_128x128.json
nes_famicom_box_art_front_0235_256x256,nes_famicom,box_art_front,arabic_only,3d_bevel_arabic,retro_8bit_nes,256x256,action_adventure,top_title_hero_bottom,nes_famicom/box_art_front/arabic_only/3d_bevel_arabic/retro_8bit_nes/256x256/nes_famicom_box_art_front_0235_256x256.png,nes_famicom/box_art_front/arabic_only/3d_bevel_arabic/retro_8bit_nes/256x256/nes_famicom_box_art_front_0235_256x256.json
nes_famicom_box_art_front_0236_128x128,nes_famicom,box_art_front,bilingual_arabic_primary,neon_glitch_arabic,retro_16bit_snes_genesis,128x128,fighting_game,bottom_title_scene_top,nes_famicom/box_art_front/bilingual_arabic_primary/neon_glitch_arabic/retro_16bit_snes_genesis/128x128/nes_famicom_box_art_front_0236_128x128.png,nes_famicom/box_art_front/bilingual_arabic_primary/neon_glitch_arabic/retro_16bit_snes_genesis/128x128/nes_famicom_box_art_front_0236_128x128.json
nes_famicom_box_art_front_0236_256x256,nes_famicom,box_art_front,bilingual_arabic_primary,neon_glitch_arabic,retro_16bit_snes_genesis,256x256,fighting_game,bottom_title_scene_top,nes_famicom/box_art_front/bilingual_arabic_primary/neon_glitch_arabic/retro_16bit_snes_genesis/256x256/nes_famicom_box_art_front_0236_256x256.png,nes_famicom/box_art_front/bilingual_arabic_primary/neon_glitch_arabic/retro_16bit_snes_genesis/256x256/nes_famicom_box_art_front_0236_256x256.json
nes_famicom_box_art_front_0237_128x128,nes_famicom,box_art_front,bilingual_english_primary,fantasy_ornate_arabic,arcade_vibrant,128x128,rpg_fantasy,grid_framed_boxart,nes_famicom/box_art_front/bilingual_english_primary/fantasy_ornate_arabic/arcade_vibrant/128x128/nes_famicom_box_art_front_0237_128x128.png,nes_famicom/box_art_front/bilingual_english_primary/fantasy_ornate_arabic/arcade_vibrant/128x128/nes_famicom_box_art_front_0237_128x128.json
nes_famicom_box_art_front_0237_256x256,nes_famicom,box_art_front,bilingual_english_primary,fantasy_ornate_arabic,arcade_vibrant,256x256,rpg_fantasy,grid_framed_boxart,nes_famicom/box_art_front/bilingual_english_primary/fantasy_ornate_arabic/arcade_vibrant/256x256/nes_famicom_box_art_front_0237_256x256.png,nes_famicom/box_art_front/bilingual_english_primary/fantasy_ornate_arabic/arcade_vibrant/256x256/nes_famicom_box_art_front_0237_256x256.json
nes_famicom_box_art_front_0238_128x128,nes_famicom,box_art_front,parallel_pair_arabic,retro_8bit_arabic,retro_synthwave_80s,128x128,shoot_em_up,black_border_nes,nes_famicom/box_art_front/parallel_pair_arabic/retro_8bit_arabic/retro_synthwave_80s/128x128/nes_famicom_box_art_front_0238_128x128.png,nes_famicom/box_art_front/parallel_pair_arabic/retro_8bit_arabic/retro_synthwave_80s/128x128/nes_famicom_box_art_front_0238_128x128.json
nes_famicom_box_art_front_0238_256x256,nes_famicom,box_art_front,parallel_pair_arabic,retro_8bit_arabic,retro_synthwave_80s,256x256,shoot_em_up,black_border_nes,nes_famicom/box_art_front/parallel_pair_arabic/retro_8bit_arabic/retro_synthwave_80s/256x256/nes_famicom_box_art_front_0238_256x256.png,nes_famicom/box_art_front/parallel_pair_arabic/retro_8bit_arabic/retro_synthwave_80s/256x256/nes_famicom_box_art_front_0238_256x256.json
nes_famicom_box_art_front_0239_128x128,nes_famicom,box_art_front,arabic_transliteration,metallic_chrome_arabic,constructivist_arcade,128x128,racing_sports,diagonal_arcade_badge,nes_famicom/box_art_front/arabic_transliteration/metallic_chrome_arabic/constructivist_arcade/128x128/nes_famicom_box_art_front_0239_128x128.png,nes_famicom/box_art_front/arabic_transliteration/metallic_chrome_arabic/constructivist_arcade/128x128/nes_famicom_box_art_front_0239_128x128.json
nes_famicom_box_art_front_0239_256x256,nes_famicom,box_art_front,arabic_transliteration,metallic_chrome_arabic,constructivist_arcade,256x256,racing_sports,diagonal_arcade_badge,nes_famicom/box_art_front/arabic_transliteration/metallic_chrome_arabic/constructivist_arcade/256x256/nes_famicom_box_art_front_0239_256x256.png,nes_famicom/box_art_front/arabic_transliteration/metallic_chrome_arabic/constructivist_arcade/256x256/nes_famicom_box_art_front_0239_256x256.json
nes_famicom_box_art_front_0240_128x128,nes_famicom,box_art_front,arabic_subtitle,pixel_thuluth_display,dark_fantasy_gothic,128x128,horror_survival,centered_emblem,nes_famicom/box_art_front/arabic_subtitle/pixel_thuluth_display/dark_fantasy_gothic/128x128/nes_famicom_box_art_front_0240_128x128.png,nes_famicom/box_art_front/arabic_subtitle/pixel_thuluth_display/dark_fantasy_gothic/128x128/nes_famicom_box_art_front_0240_128x128.json
nes_famicom_box_art_front_0240_256x256,nes_famicom,box_art_front,arabic_subtitle,pixel_thuluth_display,dark_fantasy_gothic,256x256,horror_survival,centered_emblem,nes_famicom/box_art_front/arabic_subtitle/pixel_thuluth_display/dark_fantasy_gothic/256x256/nes_famicom_box_art_front_0240_256x256.png,nes_famicom/box_art_front/arabic_subtitle/pixel_thuluth_display/dark_fantasy_gothic/256x256/nes_famicom_box_art_front_0240_256x256.json
nes_famicom_title_screen_art_0241_128x128,nes_famicom,title_screen_art,arabic_only,pixel_calligraffiti,pop_art_comic,128x128,beat_em_up,split_bilingual_layout,nes_famicom/title_screen_art/arabic_only/pixel_calligraffiti/pop_art_comic/128x128/nes_famicom_title_screen_art_0241_128x128.png,nes_famicom/title_screen_art/arabic_only/pixel_calligraffiti/pop_art_comic/128x128/nes_famicom_title_screen_art_0241_128x128.json
nes_famicom_title_screen_art_0241_256x256,nes_famicom,title_screen_art,arabic_only,pixel_calligraffiti,pop_art_comic,256x256,beat_em_up,split_bilingual_layout,nes_famicom/title_screen_art/arabic_only/pixel_calligraffiti/pop_art_comic/256x256/nes_famicom_title_screen_art_0241_256x256.png,nes_famicom/title_screen_art/arabic_only/pixel_calligraffiti/pop_art_comic/256x256/nes_famicom_title_screen_art_0241_256x256.json
nes_famicom_title_screen_art_0242_128x128,nes_famicom,title_screen_art,bilingual_arabic_primary,pixel_kufic_geometric,cyberpunk_neon_dystopian,128x128,puzzle_strategy,border_framed,nes_famicom/title_screen_art/bilingual_arabic_primary/pixel_kufic_geometric/cyberpunk_neon_dystopian/128x128/nes_famicom_title_screen_art_0242_128x128.png,nes_famicom/title_screen_art/bilingual_arabic_primary/pixel_kufic_geometric/cyberpunk_neon_dystopian/128x128/nes_famicom_title_screen_art_0242_128x128.json
nes_famicom_title_screen_art_0242_256x256,nes_famicom,title_screen_art,bilingual_arabic_primary,pixel_kufic_geometric,cyberpunk_neon_dystopian,256x256,puzzle_strategy,border_framed,nes_famicom/title_screen_art/bilingual_arabic_primary/pixel_kufic_geometric/cyberpunk_neon_dystopian/256x256/nes_famicom_title_screen_art_0242_256x256.png,nes_famicom/title_screen_art/bilingual_arabic_primary/pixel_kufic_geometric/cyberpunk_neon_dystopian/256x256/nes_famicom_title_screen_art_0242_256x256.json
nes_famicom_title_screen_art_0243_128x128,nes_famicom,title_screen_art,bilingual_english_primary,pixel_ruqah_fast,minimalist_pixel_poster,128x128,sci_fi_cyberpunk,center_title_large,nes_famicom/title_screen_art/bilingual_english_primary/pixel_ruqah_fast/minimalist_pixel_poster/128x128/nes_famicom_title_screen_art_0243_128x128.png,nes_famicom/title_screen_art/bilingual_english_primary/pixel_ruqah_fast/minimalist_pixel_poster/128x128/nes_famicom_title_screen_art_0243_128x128.json
nes_famicom_title_screen_art_0243_256x256,nes_famicom,title_screen_art,bilingual_english_primary,pixel_ruqah_fast,minimalist_pixel_poster,256x256,sci_fi_cyberpunk,center_title_large,nes_famicom/title_screen_art/bilingual_english_primary/pixel_ruqah_fast/minimalist_pixel_poster/256x256/nes_famicom_title_screen_art_0243_256x256.png,nes_famicom/title_screen_art/bilingual_english_primary/pixel_ruqah_fast/minimalist_pixel_poster/256x256/nes_famicom_title_screen_art_0243_256x256.json
nes_famicom_title_screen_art_0244_128x128,nes_famicom,title_screen_art,parallel_pair_arabic,pixel_naskh_clean,egyptian_folklore_pixel,128x128,historical_medieval,top_title_hero_bottom,nes_famicom/title_screen_art/parallel_pair_arabic/pixel_naskh_clean/egyptian_folklore_pixel/128x128/nes_famicom_title_screen_art_0244_128x128.png,nes_famicom/title_screen_art/parallel_pair_arabic/pixel_naskh_clean/egyptian_folklore_pixel/128x128/nes_famicom_title_screen_art_0244_128x128.json
nes_famicom_title_screen_art_0244_256x256,nes_famicom,title_screen_art,parallel_pair_arabic,pixel_naskh_clean,egyptian_folklore_pixel,256x256,historical_medieval,top_title_hero_bottom,nes_famicom/title_screen_art/parallel_pair_arabic/pixel_naskh_clean/egyptian_folklore_pixel/256x256/nes_famicom_title_screen_art_0244_256x256.png,nes_famicom/title_screen_art/parallel_pair_arabic/pixel_naskh_clean/egyptian_folklore_pixel/256x256/nes_famicom_title_screen_art_0244_256x256.json
nes_famicom_title_screen_art_0245_128x128,nes_famicom,title_screen_art,arabic_transliteration,bold_arcade_arabic,japanese_boxart_style,128x128,egyptian_folklore,bottom_title_scene_top,nes_famicom/title_screen_art/arabic_transliteration/bold_arcade_arabic/japanese_boxart_style/128x128/nes_famicom_title_screen_art_0245_128x128.png,nes_famicom/title_screen_art/arabic_transliteration/bold_arcade_arabic/japanese_boxart_style/128x128/nes_famicom_title_screen_art_0245_128x128.json
nes_famicom_title_screen_art_0245_256x256,nes_famicom,title_screen_art,arabic_transliteration,bold_arcade_arabic,japanese_boxart_style,256x256,egyptian_folklore,bottom_title_scene_top,nes_famicom/title_screen_art/arabic_transliteration/bold_arcade_arabic/japanese_boxart_style/256x256/nes_famicom_title_screen_art_0245_256x256.png,nes_famicom/title_screen_art/arabic_transliteration/bold_arcade_arabic/japanese_boxart_style/256x256/nes_famicom_title_screen_art_0245_256x256.json
nes_famicom_title_screen_art_0246_128x128,nes_famicom,title_screen_art,arabic_subtitle,3d_bevel_arabic,western_boxart_style,128x128,post_apocalyptic,grid_framed_boxart,nes_famicom/title_screen_art/arabic_subtitle/3d_bevel_arabic/western_boxart_style/128x128/nes_famicom_title_screen_art_0246_128x128.png,nes_famicom/title_screen_art/arabic_subtitle/3d_bevel_arabic/western_boxart_style/128x128/nes_famicom_title_screen_art_0246_128x128.json
nes_famicom_title_screen_art_0246_256x256,nes_famicom,title_screen_art,arabic_subtitle,3d_bevel_arabic,western_boxart_style,256x256,post_apocalyptic,grid_framed_boxart,nes_famicom/title_screen_art/arabic_subtitle/3d_bevel_arabic/western_boxart_style/256x256/nes_famicom_title_screen_art_0246_256x256.png,nes_famicom/title_screen_art/arabic_subtitle/3d_bevel_arabic/western_boxart_style/256x256/nes_famicom_title_screen_art_0246_256x256.json
nes_famicom_arcade_marquee_0247_128x128,nes_famicom,arcade_marquee,arabic_only,neon_glitch_arabic,monochrome_dmg,128x128,platformer,black_border_nes,nes_famicom/arcade_marquee/arabic_only/neon_glitch_arabic/monochrome_dmg/128x128/nes_famicom_arcade_marquee_0247_128x128.png,nes_famicom/arcade_marquee/arabic_only/neon_glitch_arabic/monochrome_dmg/128x128/nes_famicom_arcade_marquee_0247_128x128.json
nes_famicom_arcade_marquee_0247_256x256,nes_famicom,arcade_marquee,arabic_only,neon_glitch_arabic,monochrome_dmg,256x256,platformer,black_border_nes,nes_famicom/arcade_marquee/arabic_only/neon_glitch_arabic/monochrome_dmg/256x256/nes_famicom_arcade_marquee_0247_256x256.png,nes_famicom/arcade_marquee/arabic_only/neon_glitch_arabic/monochrome_dmg/256x256/nes_famicom_arcade_marquee_0247_256x256.json
nes_famicom_arcade_marquee_0248_128x128,nes_famicom,arcade_marquee,bilingual_arabic_primary,fantasy_ornate_arabic,retro_8bit_nes,128x128,action_adventure,diagonal_arcade_badge,nes_famicom/arcade_marquee/bilingual_arabic_primary/fantasy_ornate_arabic/retro_8bit_nes/128x128/nes_famicom_arcade_marquee_0248_128x128.png,nes_famicom/arcade_marquee/bilingual_arabic_primary/fantasy_ornate_arabic/retro_8bit_nes/128x128/nes_famicom_arcade_marquee_0248_128x128.json
nes_famicom_arcade_marquee_0248_256x256,nes_famicom,arcade_marquee,bilingual_arabic_primary,fantasy_ornate_arabic,retro_8bit_nes,256x256,action_adventure,diagonal_arcade_badge,nes_famicom/arcade_marquee/bilingual_arabic_primary/fantasy_ornate_arabic/retro_8bit_nes/256x256/nes_famicom_arcade_marquee_0248_256x256.png,nes_famicom/arcade_marquee/bilingual_arabic_primary/fantasy_ornate_arabic/retro_8bit_nes/256x256/nes_famicom_arcade_marquee_0248_256x256.json
nes_famicom_arcade_marquee_0249_128x128,nes_famicom,arcade_marquee,bilingual_english_primary,retro_8bit_arabic,retro_16bit_snes_genesis,128x128,fighting_game,centered_emblem,nes_famicom/arcade_marquee/bilingual_english_primary/retro_8bit_arabic/retro_16bit_snes_genesis/128x128/nes_famicom_arcade_marquee_0249_128x128.png,nes_famicom/arcade_marquee/bilingual_english_primary/retro_8bit_arabic/retro_16bit_snes_genesis/128x128/nes_famicom_arcade_marquee_0249_128x128.json
nes_famicom_arcade_marquee_0249_256x256,nes_famicom,arcade_marquee,bilingual_english_primary,retro_8bit_arabic,retro_16bit_snes_genesis,256x256,fighting_game,centered_emblem,nes_famicom/arcade_marquee/bilingual_english_primary/retro_8bit_arabic/retro_16bit_snes_genesis/256x256/nes_famicom_arcade_marquee_0249_256x256.png,nes_famicom/arcade_marquee/bilingual_english_primary/retro_8bit_arabic/retro_16bit_snes_genesis/256x256/nes_famicom_arcade_marquee_0249_256x256.json
nes_famicom_arcade_marquee_0250_128x128,nes_famicom,arcade_marquee,parallel_pair_arabic,metallic_chrome_arabic,arcade_vibrant,128x128,rpg_fantasy,split_bilingual_layout,nes_famicom/arcade_marquee/parallel_pair_arabic/metallic_chrome_arabic/arcade_vibrant/128x128/nes_famicom_arcade_marquee_0250_128x128.png,nes_famicom/arcade_marquee/parallel_pair_arabic/metallic_chrome_arabic/arcade_vibrant/128x128/nes_famicom_arcade_marquee_0250_128x128.json
nes_famicom_arcade_marquee_0250_256x256,nes_famicom,arcade_marquee,parallel_pair_arabic,metallic_chrome_arabic,arcade_vibrant,256x256,rpg_fantasy,split_bilingual_layout,nes_famicom/arcade_marquee/parallel_pair_arabic/metallic_chrome_arabic/arcade_vibrant/256x256/nes_famicom_arcade_marquee_0250_256x256.png,nes_famicom/arcade_marquee/parallel_pair_arabic/metallic_chrome_arabic/arcade_vibrant/256x256/nes_famicom_arcade_marquee_0250_256x256.json
nes_famicom_arcade_marquee_0251_128x128,nes_famicom,arcade_marquee,arabic_transliteration,pixel_thuluth_display,retro_synthwave_80s,128x128,shoot_em_up,border_framed,nes_famicom/arcade_marquee/arabic_transliteration/pixel_thuluth_display/retro_synthwave_80s/128x128/nes_famicom_arcade_marquee_0251_128x128.png,nes_famicom/arcade_marquee/arabic_transliteration/pixel_thuluth_display/retro_synthwave_80s/128x128/nes_famicom_arcade_marquee_0251_128x128.json
nes_famicom_arcade_marquee_0251_256x256,nes_famicom,arcade_marquee,arabic_transliteration,pixel_thuluth_display,retro_synthwave_80s,256x256,shoot_em_up,border_framed,nes_famicom/arcade_marquee/arabic_transliteration/pixel_thuluth_display/retro_synthwave_80s/256x256/nes_famicom_arcade_marquee_0251_256x256.png,nes_famicom/arcade_marquee/arabic_transliteration/pixel_thuluth_display/retro_synthwave_80s/256x256/nes_famicom_arcade_marquee_0251_256x256.json
nes_famicom_arcade_marquee_0252_128x128,nes_famicom,arcade_marquee,arabic_subtitle,pixel_calligraffiti,constructivist_arcade,128x128,racing_sports,center_title_large,nes_famicom/arcade_marquee/arabic_subtitle/pixel_calligraffiti/constructivist_arcade/128x128/nes_famicom_arcade_marquee_0252_128x128.png,nes_famicom/arcade_marquee/arabic_subtitle/pixel_calligraffiti/constructivist_arcade/128x128/nes_famicom_arcade_marquee_0252_128x128.json
nes_famicom_arcade_marquee_0252_256x256,nes_famicom,arcade_marquee,arabic_subtitle,pixel_calligraffiti,constructivist_arcade,256x256,racing_sports,center_title_large,nes_famicom/arcade_marquee/arabic_subtitle/pixel_calligraffiti/constructivist_arcade/256x256/nes_famicom_arcade_marquee_0252_256x256.png,nes_famicom/arcade_marquee/arabic_subtitle/pixel_calligraffiti/constructivist_arcade/256x256/nes_famicom_arcade_marquee_0252_256x256.json
nes_famicom_cartridge_label_0253_128x128,nes_famicom,cartridge_label,arabic_only,pixel_kufic_geometric,dark_fantasy_gothic,128x128,horror_survival,top_title_hero_bottom,nes_famicom/cartridge_label/arabic_only/pixel_kufic_geometric/dark_fantasy_gothic/128x128/nes_famicom_cartridge_label_0253_128x128.png,nes_famicom/cartridge_label/arabic_only/pixel_kufic_geometric/dark_fantasy_gothic/128x128/nes_famicom_cartridge_label_0253_128x128.json
nes_famicom_cartridge_label_0253_256x256,nes_famicom,cartridge_label,arabic_only,pixel_kufic_geometric,dark_fantasy_gothic,256x256,horror_survival,top_title_hero_bottom,nes_famicom/cartridge_label/arabic_only/pixel_kufic_geometric/dark_fantasy_gothic/256x256/nes_famicom_cartridge_label_0253_256x256.png,nes_famicom/cartridge_label/arabic_only/pixel_kufic_geometric/dark_fantasy_gothic/256x256/nes_famicom_cartridge_label_0253_256x256.json
nes_famicom_cartridge_label_0254_128x128,nes_famicom,cartridge_label,bilingual_arabic_primary,pixel_ruqah_fast,pop_art_comic,128x128,beat_em_up,bottom_title_scene_top,nes_famicom/cartridge_label/bilingual_arabic_primary/pixel_ruqah_fast/pop_art_comic/128x128/nes_famicom_cartridge_label_0254_128x128.png,nes_famicom/cartridge_label/bilingual_arabic_primary/pixel_ruqah_fast/pop_art_comic/128x128/nes_famicom_cartridge_label_0254_128x128.json
nes_famicom_cartridge_label_0254_256x256,nes_famicom,cartridge_label,bilingual_arabic_primary,pixel_ruqah_fast,pop_art_comic,256x256,beat_em_up,bottom_title_scene_top,nes_famicom/cartridge_label/bilingual_arabic_primary/pixel_ruqah_fast/pop_art_comic/256x256/nes_famicom_cartridge_label_0254_256x256.png,nes_famicom/cartridge_label/bilingual_arabic_primary/pixel_ruqah_fast/pop_art_comic/256x256/nes_famicom_cartridge_label_0254_256x256.json
nes_famicom_cartridge_label_0255_128x128,nes_famicom,cartridge_label,bilingual_english_primary,pixel_naskh_clean,cyberpunk_neon_dystopian,128x128,puzzle_strategy,grid_framed_boxart,nes_famicom/cartridge_label/bilingual_english_primary/pixel_naskh_clean/cyberpunk_neon_dystopian/128x128/nes_famicom_cartridge_label_0255_128x128.png,nes_famicom/cartridge_label/bilingual_english_primary/pixel_naskh_clean/cyberpunk_neon_dystopian/128x128/nes_famicom_cartridge_label_0255_128x128.json
nes_famicom_cartridge_label_0255_256x256,nes_famicom,cartridge_label,bilingual_english_primary,pixel_naskh_clean,cyberpunk_neon_dystopian,256x256,puzzle_strategy,grid_framed_boxart,nes_famicom/cartridge_label/bilingual_english_primary/pixel_naskh_clean/cyberpunk_neon_dystopian/256x256/nes_famicom_cartridge_label_0255_256x256.png,nes_famicom/cartridge_label/bilingual_english_primary/pixel_naskh_clean/cyberpunk_neon_dystopian/256x256/nes_famicom_cartridge_label_0255_256x256.json
nes_famicom_cartridge_label_0256_128x128,nes_famicom,cartridge_label,parallel_pair_arabic,bold_arcade_arabic,minimalist_pixel_poster,128x128,sci_fi_cyberpunk,black_border_nes,nes_famicom/cartridge_label/parallel_pair_arabic/bold_arcade_arabic/minimalist_pixel_poster/128x128/nes_famicom_cartridge_label_0256_128x128.png,nes_famicom/cartridge_label/parallel_pair_arabic/bold_arcade_arabic/minimalist_pixel_poster/128x128/nes_famicom_cartridge_label_0256_128x128.json
nes_famicom_cartridge_label_0256_256x256,nes_famicom,cartridge_label,parallel_pair_arabic,bold_arcade_arabic,minimalist_pixel_poster,256x256,sci_fi_cyberpunk,black_border_nes,nes_famicom/cartridge_label/parallel_pair_arabic/bold_arcade_arabic/minimalist_pixel_poster/256x256/nes_famicom_cartridge_label_0256_256x256.png,nes_famicom/cartridge_label/parallel_pair_arabic/bold_arcade_arabic/minimalist_pixel_poster/256x256/nes_famicom_cartridge_label_0256_256x256.json
nes_famicom_cartridge_label_0257_128x128,nes_famicom,cartridge_label,arabic_transliteration,3d_bevel_arabic,egyptian_folklore_pixel,128x128,historical_medieval,diagonal_arcade_badge,nes_famicom/cartridge_label/arabic_transliteration/3d_bevel_arabic/egyptian_folklore_pixel/128x128/nes_famicom_cartridge_label_0257_128x128.png,nes_famicom/cartridge_label/arabic_transliteration/3d_bevel_arabic/egyptian_folklore_pixel/128x128/nes_famicom_cartridge_label_0257_128x128.json
nes_famicom_cartridge_label_0257_256x256,nes_famicom,cartridge_label,arabic_transliteration,3d_bevel_arabic,egyptian_folklore_pixel,256x256,historical_medieval,diagonal_arcade_badge,nes_famicom/cartridge_label/arabic_transliteration/3d_bevel_arabic/egyptian_folklore_pixel/256x256/nes_famicom_cartridge_label_0257_256x256.png,nes_famicom/cartridge_label/arabic_transliteration/3d_bevel_arabic/egyptian_folklore_pixel/256x256/nes_famicom_cartridge_label_0257_256x256.json
nes_famicom_cartridge_label_0258_128x128,nes_famicom,cartridge_label,arabic_subtitle,neon_glitch_arabic,japanese_boxart_style,128x128,egyptian_folklore,centered_emblem,nes_famicom/cartridge_label/arabic_subtitle/neon_glitch_arabic/japanese_boxart_style/128x128/nes_famicom_cartridge_label_0258_128x128.png,nes_famicom/cartridge_label/arabic_subtitle/neon_glitch_arabic/japanese_boxart_style/128x128/nes_famicom_cartridge_label_0258_128x128.json
nes_famicom_cartridge_label_0258_256x256,nes_famicom,cartridge_label,arabic_subtitle,neon_glitch_arabic,japanese_boxart_style,256x256,egyptian_folklore,centered_emblem,nes_famicom/cartridge_label/arabic_subtitle/neon_glitch_arabic/japanese_boxart_style/256x256/nes_famicom_cartridge_label_0258_256x256.png,nes_famicom/cartridge_label/arabic_subtitle/neon_glitch_arabic/japanese_boxart_style/256x256/nes_famicom_cartridge_label_0258_256x256.json
nes_famicom_full_game_poster_0259_128x128,nes_famicom,full_game_poster,arabic_only,fantasy_ornate_arabic,western_boxart_style,128x128,post_apocalyptic,split_bilingual_layout,nes_famicom/full_game_poster/arabic_only/fantasy_ornate_arabic/western_boxart_style/128x128/nes_famicom_full_game_poster_0259_128x128.png,nes_famicom/full_game_poster/arabic_only/fantasy_ornate_arabic/western_boxart_style/128x128/nes_famicom_full_game_poster_0259_128x128.json
nes_famicom_full_game_poster_0259_256x256,nes_famicom,full_game_poster,arabic_only,fantasy_ornate_arabic,western_boxart_style,256x256,post_apocalyptic,split_bilingual_layout,nes_famicom/full_game_poster/arabic_only/fantasy_ornate_arabic/western_boxart_style/256x256/nes_famicom_full_game_poster_0259_256x256.png,nes_famicom/full_game_poster/arabic_only/fantasy_ornate_arabic/western_boxart_style/256x256/nes_famicom_full_game_poster_0259_256x256.json
nes_famicom_full_game_poster_0260_128x128,nes_famicom,full_game_poster,bilingual_arabic_primary,retro_8bit_arabic,monochrome_dmg,128x128,platformer,border_framed,nes_famicom/full_game_poster/bilingual_arabic_primary/retro_8bit_arabic/monochrome_dmg/128x128/nes_famicom_full_game_poster_0260_128x128.png,nes_famicom/full_game_poster/bilingual_arabic_primary/retro_8bit_arabic/monochrome_dmg/128x128/nes_famicom_full_game_poster_0260_128x128.json
nes_famicom_full_game_poster_0260_256x256,nes_famicom,full_game_poster,bilingual_arabic_primary,retro_8bit_arabic,monochrome_dmg,256x256,platformer,border_framed,nes_famicom/full_game_poster/bilingual_arabic_primary/retro_8bit_arabic/monochrome_dmg/256x256/nes_famicom_full_game_poster_0260_256x256.png,nes_famicom/full_game_poster/bilingual_arabic_primary/retro_8bit_arabic/monochrome_dmg/256x256/nes_famicom_full_game_poster_0260_256x256.json
nes_famicom_full_game_poster_0261_128x128,nes_famicom,full_game_poster,bilingual_english_primary,metallic_chrome_arabic,retro_8bit_nes,128x128,action_adventure,center_title_large,nes_famicom/full_game_poster/bilingual_english_primary/metallic_chrome_arabic/retro_8bit_nes/128x128/nes_famicom_full_game_poster_0261_128x128.png,nes_famicom/full_game_poster/bilingual_english_primary/metallic_chrome_arabic/retro_8bit_nes/128x128/nes_famicom_full_game_poster_0261_128x128.json
nes_famicom_full_game_poster_0261_256x256,nes_famicom,full_game_poster,bilingual_english_primary,metallic_chrome_arabic,retro_8bit_nes,256x256,action_adventure,center_title_large,nes_famicom/full_game_poster/bilingual_english_primary/metallic_chrome_arabic/retro_8bit_nes/256x256/nes_famicom_full_game_poster_0261_256x256.png,nes_famicom/full_game_poster/bilingual_english_primary/metallic_chrome_arabic/retro_8bit_nes/256x256/nes_famicom_full_game_poster_0261_256x256.json
nes_famicom_full_game_poster_0262_128x128,nes_famicom,full_game_poster,parallel_pair_arabic,pixel_thuluth_display,retro_16bit_snes_genesis,128x128,fighting_game,top_title_hero_bottom,nes_famicom/full_game_poster/parallel_pair_arabic/pixel_thuluth_display/retro_16bit_snes_genesis/128x128/nes_famicom_full_game_poster_0262_128x128.png,nes_famicom/full_game_poster/parallel_pair_arabic/pixel_thuluth_display/retro_16bit_snes_genesis/128x128/nes_famicom_full_game_poster_0262_128x128.json
nes_famicom_full_game_poster_0262_256x256,nes_famicom,full_game_poster,parallel_pair_arabic,pixel_thuluth_display,retro_16bit_snes_genesis,256x256,fighting_game,top_title_hero_bottom,nes_famicom/full_game_poster/parallel_pair_arabic/pixel_thuluth_display/retro_16bit_snes_genesis/256x256/nes_famicom_full_game_poster_0262_256x256.png,nes_famicom/full_game_poster/parallel_pair_arabic/pixel_thuluth_display/retro_16bit_snes_genesis/256x256/nes_famicom_full_game_poster_0262_256x256.json
nes_famicom_full_game_poster_0263_128x128,nes_famicom,full_game_poster,arabic_transliteration,pixel_calligraffiti,arcade_vibrant,128x128,rpg_fantasy,bottom_title_scene_top,nes_famicom/full_game_poster/arabic_transliteration/pixel_calligraffiti/arcade_vibrant/128x128/nes_famicom_full_game_poster_0263_128x128.png,nes_famicom/full_game_poster/arabic_transliteration/pixel_calligraffiti/arcade_vibrant/128x128/nes_famicom_full_game_poster_0263_128x128.json
nes_famicom_full_game_poster_0263_256x256,nes_famicom,full_game_poster,arabic_transliteration,pixel_calligraffiti,arcade_vibrant,256x256,rpg_fantasy,bottom_title_scene_top,nes_famicom/full_game_poster/arabic_transliteration/pixel_calligraffiti/arcade_vibrant/256x256/nes_famicom_full_game_poster_0263_256x256.png,nes_famicom/full_game_poster/arabic_transliteration/pixel_calligraffiti/arcade_vibrant/256x256/nes_famicom_full_game_poster_0263_256x256.json
nes_famicom_full_game_poster_0264_128x128,nes_famicom,full_game_poster,arabic_subtitle,pixel_kufic_geometric,retro_synthwave_80s,128x128,shoot_em_up,grid_framed_boxart,nes_famicom/full_game_poster/arabic_subtitle/pixel_kufic_geometric/retro_synthwave_80s/128x128/nes_famicom_full_game_poster_0264_128x128.png,nes_famicom/full_game_poster/arabic_subtitle/pixel_kufic_geometric/retro_synthwave_80s/128x128/nes_famicom_full_game_poster_0264_128x128.json
nes_famicom_full_game_poster_0264_256x256,nes_famicom,full_game_poster,arabic_subtitle,pixel_kufic_geometric,retro_synthwave_80s,256x256,shoot_em_up,grid_framed_boxart,nes_famicom/full_game_poster/arabic_subtitle/pixel_kufic_geometric/retro_synthwave_80s/256x256/nes_famicom_full_game_poster_0264_256x256.png,nes_famicom/full_game_poster/arabic_subtitle/pixel_kufic_geometric/retro_synthwave_80s/256x256/nes_famicom_full_game_poster_0264_256x256.json
nes_famicom_promo_flyer_0265_128x128,nes_famicom,promo_flyer,arabic_only,pixel_ruqah_fast,constructivist_arcade,128x128,racing_sports,black_border_nes,nes_famicom/promo_flyer/arabic_only/pixel_ruqah_fast/constructivist_arcade/128x128/nes_famicom_promo_flyer_0265_128x128.png,nes_famicom/promo_flyer/arabic_only/pixel_ruqah_fast/constructivist_arcade/128x128/nes_famicom_promo_flyer_0265_128x128.json
nes_famicom_promo_flyer_0265_256x256,nes_famicom,promo_flyer,arabic_only,pixel_ruqah_fast,constructivist_arcade,256x256,racing_sports,black_border_nes,nes_famicom/promo_flyer/arabic_only/pixel_ruqah_fast/constructivist_arcade/256x256/nes_famicom_promo_flyer_0265_256x256.png,nes_famicom/promo_flyer/arabic_only/pixel_ruqah_fast/constructivist_arcade/256x256/nes_famicom_promo_flyer_0265_256x256.json
nes_famicom_promo_flyer_0266_128x128,nes_famicom,promo_flyer,bilingual_arabic_primary,pixel_naskh_clean,dark_fantasy_gothic,128x128,horror_survival,diagonal_arcade_badge,nes_famicom/promo_flyer/bilingual_arabic_primary/pixel_naskh_clean/dark_fantasy_gothic/128x128/nes_famicom_promo_flyer_0266_128x128.png,nes_famicom/promo_flyer/bilingual_arabic_primary/pixel_naskh_clean/dark_fantasy_gothic/128x128/nes_famicom_promo_flyer_0266_128x128.json
nes_famicom_promo_flyer_0266_256x256,nes_famicom,promo_flyer,bilingual_arabic_primary,pixel_naskh_clean,dark_fantasy_gothic,256x256,horror_survival,diagonal_arcade_badge,nes_famicom/promo_flyer/bilingual_arabic_primary/pixel_naskh_clean/dark_fantasy_gothic/256x256/nes_famicom_promo_flyer_0266_256x256.png,nes_famicom/promo_flyer/bilingual_arabic_primary/pixel_naskh_clean/dark_fantasy_gothic/256x256/nes_famicom_promo_flyer_0266_256x256.json
nes_famicom_promo_flyer_0267_128x128,nes_famicom,promo_flyer,bilingual_english_primary,bold_arcade_arabic,pop_art_comic,128x128,beat_em_up,centered_emblem,nes_famicom/promo_flyer/bilingual_english_primary/bold_arcade_arabic/pop_art_comic/128x128/nes_famicom_promo_flyer_0267_128x128.png,nes_famicom/promo_flyer/bilingual_english_primary/bold_arcade_arabic/pop_art_comic/128x128/nes_famicom_promo_flyer_0267_128x128.json
nes_famicom_promo_flyer_0267_256x256,nes_famicom,promo_flyer,bilingual_english_primary,bold_arcade_arabic,pop_art_comic,256x256,beat_em_up,centered_emblem,nes_famicom/promo_flyer/bilingual_english_primary/bold_arcade_arabic/pop_art_comic/256x256/nes_famicom_promo_flyer_0267_256x256.png,nes_famicom/promo_flyer/bilingual_english_primary/bold_arcade_arabic/pop_art_comic/256x256/nes_famicom_promo_flyer_0267_256x256.json
nes_famicom_promo_flyer_0268_128x128,nes_famicom,promo_flyer,parallel_pair_arabic,3d_bevel_arabic,cyberpunk_neon_dystopian,128x128,puzzle_strategy,split_bilingual_layout,nes_famicom/promo_flyer/parallel_pair_arabic/3d_bevel_arabic/cyberpunk_neon_dystopian/128x128/nes_famicom_promo_flyer_0268_128x128.png,nes_famicom/promo_flyer/parallel_pair_arabic/3d_bevel_arabic/cyberpunk_neon_dystopian/128x128/nes_famicom_promo_flyer_0268_128x128.json
nes_famicom_promo_flyer_0268_256x256,nes_famicom,promo_flyer,parallel_pair_arabic,3d_bevel_arabic,cyberpunk_neon_dystopian,256x256,puzzle_strategy,split_bilingual_layout,nes_famicom/promo_flyer/parallel_pair_arabic/3d_bevel_arabic/cyberpunk_neon_dystopian/256x256/nes_famicom_promo_flyer_0268_256x256.png,nes_famicom/promo_flyer/parallel_pair_arabic/3d_bevel_arabic/cyberpunk_neon_dystopian/256x256/nes_famicom_promo_flyer_0268_256x256.json
nes_famicom_promo_flyer_0269_128x128,nes_famicom,promo_flyer,arabic_transliteration,neon_glitch_arabic,minimalist_pixel_poster,128x128,sci_fi_cyberpunk,border_framed,nes_famicom/promo_flyer/arabic_transliteration/neon_glitch_arabic/minimalist_pixel_poster/128x128/nes_famicom_promo_flyer_0269_128x128.png,nes_famicom/promo_flyer/arabic_transliteration/neon_glitch_arabic/minimalist_pixel_poster/128x128/nes_famicom_promo_flyer_0269_128x128.json
nes_famicom_promo_flyer_0269_256x256,nes_famicom,promo_flyer,arabic_transliteration,neon_glitch_arabic,minimalist_pixel_poster,256x256,sci_fi_cyberpunk,border_framed,nes_famicom/promo_flyer/arabic_transliteration/neon_glitch_arabic/minimalist_pixel_poster/256x256/nes_famicom_promo_flyer_0269_256x256.png,nes_famicom/promo_flyer/arabic_transliteration/neon_glitch_arabic/minimalist_pixel_poster/256x256/nes_famicom_promo_flyer_0269_256x256.json
nes_famicom_promo_flyer_0270_128x128,nes_famicom,promo_flyer,arabic_subtitle,fantasy_ornate_arabic,egyptian_folklore_pixel,128x128,historical_medieval,center_title_large,nes_famicom/promo_flyer/arabic_subtitle/fantasy_ornate_arabic/egyptian_folklore_pixel/128x128/nes_famicom_promo_flyer_0270_128x128.png,nes_famicom/promo_flyer/arabic_subtitle/fantasy_ornate_arabic/egyptian_folklore_pixel/128x128/nes_famicom_promo_flyer_0270_128x128.json
nes_famicom_promo_flyer_0270_256x256,nes_famicom,promo_flyer,arabic_subtitle,fantasy_ornate_arabic,egyptian_folklore_pixel,256x256,historical_medieval,center_title_large,nes_famicom/promo_flyer/arabic_subtitle/fantasy_ornate_arabic/egyptian_folklore_pixel/256x256/nes_famicom_promo_flyer_0270_256x256.png,nes_famicom/promo_flyer/arabic_subtitle/fantasy_ornate_arabic/egyptian_folklore_pixel/256x256/nes_famicom_promo_flyer_0270_256x256.json
nes_famicom_arabic_title_logo_0271_128x128,nes_famicom,arabic_title_logo,arabic_only,retro_8bit_arabic,japanese_boxart_style,128x128,egyptian_folklore,top_title_hero_bottom,nes_famicom/arabic_title_logo/arabic_only/retro_8bit_arabic/japanese_boxart_style/128x128/nes_famicom_arabic_title_logo_0271_128x128.png,nes_famicom/arabic_title_logo/arabic_only/retro_8bit_arabic/japanese_boxart_style/128x128/nes_famicom_arabic_title_logo_0271_128x128.json
nes_famicom_arabic_title_logo_0271_256x256,nes_famicom,arabic_title_logo,arabic_only,retro_8bit_arabic,japanese_boxart_style,256x256,egyptian_folklore,top_title_hero_bottom,nes_famicom/arabic_title_logo/arabic_only/retro_8bit_arabic/japanese_boxart_style/256x256/nes_famicom_arabic_title_logo_0271_256x256.png,nes_famicom/arabic_title_logo/arabic_only/retro_8bit_arabic/japanese_boxart_style/256x256/nes_famicom_arabic_title_logo_0271_256x256.json
nes_famicom_arabic_title_logo_0272_128x128,nes_famicom,arabic_title_logo,bilingual_arabic_primary,metallic_chrome_arabic,western_boxart_style,128x128,post_apocalyptic,bottom_title_scene_top,nes_famicom/arabic_title_logo/bilingual_arabic_primary/metallic_chrome_arabic/western_boxart_style/128x128/nes_famicom_arabic_title_logo_0272_128x128.png,nes_famicom/arabic_title_logo/bilingual_arabic_primary/metallic_chrome_arabic/western_boxart_style/128x128/nes_famicom_arabic_title_logo_0272_128x128.json
nes_famicom_arabic_title_logo_0272_256x256,nes_famicom,arabic_title_logo,bilingual_arabic_primary,metallic_chrome_arabic,western_boxart_style,256x256,post_apocalyptic,bottom_title_scene_top,nes_famicom/arabic_title_logo/bilingual_arabic_primary/metallic_chrome_arabic/western_boxart_style/256x256/nes_famicom_arabic_title_logo_0272_256x256.png,nes_famicom/arabic_title_logo/bilingual_arabic_primary/metallic_chrome_arabic/western_boxart_style/256x256/nes_famicom_arabic_title_logo_0272_256x256.json
nes_famicom_arabic_title_logo_0273_128x128,nes_famicom,arabic_title_logo,bilingual_english_primary,pixel_thuluth_display,monochrome_dmg,128x128,platformer,grid_framed_boxart,nes_famicom/arabic_title_logo/bilingual_english_primary/pixel_thuluth_display/monochrome_dmg/128x128/nes_famicom_arabic_title_logo_0273_128x128.png,nes_famicom/arabic_title_logo/bilingual_english_primary/pixel_thuluth_display/monochrome_dmg/128x128/nes_famicom_arabic_title_logo_0273_128x128.json
nes_famicom_arabic_title_logo_0273_256x256,nes_famicom,arabic_title_logo,bilingual_english_primary,pixel_thuluth_display,monochrome_dmg,256x256,platformer,grid_framed_boxart,nes_famicom/arabic_title_logo/bilingual_english_primary/pixel_thuluth_display/monochrome_dmg/256x256/nes_famicom_arabic_title_logo_0273_256x256.png,nes_famicom/arabic_title_logo/bilingual_english_primary/pixel_thuluth_display/monochrome_dmg/256x256/nes_famicom_arabic_title_logo_0273_256x256.json
nes_famicom_arabic_title_logo_0274_128x128,nes_famicom,arabic_title_logo,parallel_pair_arabic,pixel_calligraffiti,retro_8bit_nes,128x128,action_adventure,black_border_nes,nes_famicom/arabic_title_logo/parallel_pair_arabic/pixel_calligraffiti/retro_8bit_nes/128x128/nes_famicom_arabic_title_logo_0274_128x128.png,nes_famicom/arabic_title_logo/parallel_pair_arabic/pixel_calligraffiti/retro_8bit_nes/128x128/nes_famicom_arabic_title_logo_0274_128x128.json
nes_famicom_arabic_title_logo_0274_256x256,nes_famicom,arabic_title_logo,parallel_pair_arabic,pixel_calligraffiti,retro_8bit_nes,256x256,action_adventure,black_border_nes,nes_famicom/arabic_title_logo/parallel_pair_arabic/pixel_calligraffiti/retro_8bit_nes/256x256/nes_famicom_arabic_title_logo_0274_256x256.png,nes_famicom/arabic_title_logo/parallel_pair_arabic/pixel_calligraffiti/retro_8bit_nes/256x256/nes_famicom_arabic_title_logo_0274_256x256.json
nes_famicom_arabic_title_logo_0275_128x128,nes_famicom,arabic_title_logo,arabic_transliteration,pixel_kufic_geometric,retro_16bit_snes_genesis,128x128,fighting_game,diagonal_arcade_badge,nes_famicom/arabic_title_logo/arabic_transliteration/pixel_kufic_geometric/retro_16bit_snes_genesis/128x128/nes_famicom_arabic_title_logo_0275_128x128.png,nes_famicom/arabic_title_logo/arabic_transliteration/pixel_kufic_geometric/retro_16bit_snes_genesis/128x128/nes_famicom_arabic_title_logo_0275_128x128.json
nes_famicom_arabic_title_logo_0275_256x256,nes_famicom,arabic_title_logo,arabic_transliteration,pixel_kufic_geometric,retro_16bit_snes_genesis,256x256,fighting_game,diagonal_arcade_badge,nes_famicom/arabic_title_logo/arabic_transliteration/pixel_kufic_geometric/retro_16bit_snes_genesis/256x256/nes_famicom_arabic_title_logo_0275_256x256.png,nes_famicom/arabic_title_logo/arabic_transliteration/pixel_kufic_geometric/retro_16bit_snes_genesis/256x256/nes_famicom_arabic_title_logo_0275_256x256.json
nes_famicom_arabic_title_logo_0276_128x128,nes_famicom,arabic_title_logo,arabic_subtitle,pixel_ruqah_fast,arcade_vibrant,128x128,rpg_fantasy,centered_emblem,nes_famicom/arabic_title_logo/arabic_subtitle/pixel_ruqah_fast/arcade_vibrant/128x128/nes_famicom_arabic_title_logo_0276_128x128.png,nes_famicom/arabic_title_logo/arabic_subtitle/pixel_ruqah_fast/arcade_vibrant/128x128/nes_famicom_arabic_title_logo_0276_128x128.json
nes_famicom_arabic_title_logo_0276_256x256,nes_famicom,arabic_title_logo,arabic_subtitle,pixel_ruqah_fast,arcade_vibrant,256x256,rpg_fantasy,centered_emblem,nes_famicom/arabic_title_logo/arabic_subtitle/pixel_ruqah_fast/arcade_vibrant/256x256/nes_famicom_arabic_title_logo_0276_256x256.png,nes_famicom/arabic_title_logo/arabic_subtitle/pixel_ruqah_fast/arcade_vibrant/256x256/nes_famicom_arabic_title_logo_0276_256x256.json
nes_famicom_english_title_logo_0277_128x128,nes_famicom,english_title_logo,arabic_only,pixel_naskh_clean,retro_synthwave_80s,128x128,shoot_em_up,split_bilingual_layout,nes_famicom/english_title_logo/arabic_only/pixel_naskh_clean/retro_synthwave_80s/128x128/nes_famicom_english_title_logo_0277_128x128.png,nes_famicom/english_title_logo/arabic_only/pixel_naskh_clean/retro_synthwave_80s/128x128/nes_famicom_english_title_logo_0277_128x128.json
nes_famicom_english_title_logo_0277_256x256,nes_famicom,english_title_logo,arabic_only,pixel_naskh_clean,retro_synthwave_80s,256x256,shoot_em_up,split_bilingual_layout,nes_famicom/english_title_logo/arabic_only/pixel_naskh_clean/retro_synthwave_80s/256x256/nes_famicom_english_title_logo_0277_256x256.png,nes_famicom/english_title_logo/arabic_only/pixel_naskh_clean/retro_synthwave_80s/256x256/nes_famicom_english_title_logo_0277_256x256.json
nes_famicom_english_title_logo_0278_128x128,nes_famicom,english_title_logo,bilingual_arabic_primary,bold_arcade_arabic,constructivist_arcade,128x128,racing_sports,border_framed,nes_famicom/english_title_logo/bilingual_arabic_primary/bold_arcade_arabic/constructivist_arcade/128x128/nes_famicom_english_title_logo_0278_128x128.png,nes_famicom/english_title_logo/bilingual_arabic_primary/bold_arcade_arabic/constructivist_arcade/128x128/nes_famicom_english_title_logo_0278_128x128.json
nes_famicom_english_title_logo_0278_256x256,nes_famicom,english_title_logo,bilingual_arabic_primary,bold_arcade_arabic,constructivist_arcade,256x256,racing_sports,border_framed,nes_famicom/english_title_logo/bilingual_arabic_primary/bold_arcade_arabic/constructivist_arcade/256x256/nes_famicom_english_title_logo_0278_256x256.png,nes_famicom/english_title_logo/bilingual_arabic_primary/bold_arcade_arabic/constructivist_arcade/256x256/nes_famicom_english_title_logo_0278_256x256.json
nes_famicom_english_title_logo_0279_128x128,nes_famicom,english_title_logo,bilingual_english_primary,3d_bevel_arabic,dark_fantasy_gothic,128x128,horror_survival,center_title_large,nes_famicom/english_title_logo/bilingual_english_primary/3d_bevel_arabic/dark_fantasy_gothic/128x128/nes_famicom_english_title_logo_0279_128x128.png,nes_famicom/english_title_logo/bilingual_english_primary/3d_bevel_arabic/dark_fantasy_gothic/128x128/nes_famicom_english_title_logo_0279_128x128.json
nes_famicom_english_title_logo_0279_256x256,nes_famicom,english_title_logo,bilingual_english_primary,3d_bevel_arabic,dark_fantasy_gothic,256x256,horror_survival,center_title_large,nes_famicom/english_title_logo/bilingual_english_primary/3d_bevel_arabic/dark_fantasy_gothic/256x256/nes_famicom_english_title_logo_0279_256x256.png,nes_famicom/english_title_logo/bilingual_english_primary/3d_bevel_arabic/dark_fantasy_gothic/256x256/nes_famicom_english_title_logo_0279_256x256.json
nes_famicom_english_title_logo_0280_128x128,nes_famicom,english_title_logo,parallel_pair_arabic,neon_glitch_arabic,pop_art_comic,128x128,beat_em_up,top_title_hero_bottom,nes_famicom/english_title_logo/parallel_pair_arabic/neon_glitch_arabic/pop_art_comic/128x128/nes_famicom_english_title_logo_0280_128x128.png,nes_famicom/english_title_logo/parallel_pair_arabic/neon_glitch_arabic/pop_art_comic/128x128/nes_famicom_english_title_logo_0280_128x128.json
nes_famicom_english_title_logo_0280_256x256,nes_famicom,english_title_logo,parallel_pair_arabic,neon_glitch_arabic,pop_art_comic,256x256,beat_em_up,top_title_hero_bottom,nes_famicom/english_title_logo/parallel_pair_arabic/neon_glitch_arabic/pop_art_comic/256x256/nes_famicom_english_title_logo_0280_256x256.png,nes_famicom/english_title_logo/parallel_pair_arabic/neon_glitch_arabic/pop_art_comic/256x256/nes_famicom_english_title_logo_0280_256x256.json
nes_famicom_english_title_logo_0281_128x128,nes_famicom,english_title_logo,arabic_transliteration,fantasy_ornate_arabic,cyberpunk_neon_dystopian,128x128,puzzle_strategy,bottom_title_scene_top,nes_famicom/english_title_logo/arabic_transliteration/fantasy_ornate_arabic/cyberpunk_neon_dystopian/128x128/nes_famicom_english_title_logo_0281_128x128.png,nes_famicom/english_title_logo/arabic_transliteration/fantasy_ornate_arabic/cyberpunk_neon_dystopian/128x128/nes_famicom_english_title_logo_0281_128x128.json
nes_famicom_english_title_logo_0281_256x256,nes_famicom,english_title_logo,arabic_transliteration,fantasy_ornate_arabic,cyberpunk_neon_dystopian,256x256,puzzle_strategy,bottom_title_scene_top,nes_famicom/english_title_logo/arabic_transliteration/fantasy_ornate_arabic/cyberpunk_neon_dystopian/256x256/nes_famicom_english_title_logo_0281_256x256.png,nes_famicom/english_title_logo/arabic_transliteration/fantasy_ornate_arabic/cyberpunk_neon_dystopian/256x256/nes_famicom_english_title_logo_0281_256x256.json
nes_famicom_english_title_logo_0282_128x128,nes_famicom,english_title_logo,arabic_subtitle,retro_8bit_arabic,minimalist_pixel_poster,128x128,sci_fi_cyberpunk,grid_framed_boxart,nes_famicom/english_title_logo/arabic_subtitle/retro_8bit_arabic/minimalist_pixel_poster/128x128/nes_famicom_english_title_logo_0282_128x128.png,nes_famicom/english_title_logo/arabic_subtitle/retro_8bit_arabic/minimalist_pixel_poster/128x128/nes_famicom_english_title_logo_0282_128x128.json
nes_famicom_english_title_logo_0282_256x256,nes_famicom,english_title_logo,arabic_subtitle,retro_8bit_arabic,minimalist_pixel_poster,256x256,sci_fi_cyberpunk,grid_framed_boxart,nes_famicom/english_title_logo/arabic_subtitle/retro_8bit_arabic/minimalist_pixel_poster/256x256/nes_famicom_english_title_logo_0282_256x256.png,nes_famicom/english_title_logo/arabic_subtitle/retro_8bit_arabic/minimalist_pixel_poster/256x256/nes_famicom_english_title_logo_0282_256x256.json
nes_famicom_bilingual_title_logo_0283_128x128,nes_famicom,bilingual_title_logo,arabic_only,metallic_chrome_arabic,egyptian_folklore_pixel,128x128,historical_medieval,black_border_nes,nes_famicom/bilingual_title_logo/arabic_only/metallic_chrome_arabic/egyptian_folklore_pixel/128x128/nes_famicom_bilingual_title_logo_0283_128x128.png,nes_famicom/bilingual_title_logo/arabic_only/metallic_chrome_arabic/egyptian_folklore_pixel/128x128/nes_famicom_bilingual_title_logo_0283_128x128.json
nes_famicom_bilingual_title_logo_0283_256x256,nes_famicom,bilingual_title_logo,arabic_only,metallic_chrome_arabic,egyptian_folklore_pixel,256x256,historical_medieval,black_border_nes,nes_famicom/bilingual_title_logo/arabic_only/metallic_chrome_arabic/egyptian_folklore_pixel/256x256/nes_famicom_bilingual_title_logo_0283_256x256.png,nes_famicom/bilingual_title_logo/arabic_only/metallic_chrome_arabic/egyptian_folklore_pixel/256x256/nes_famicom_bilingual_title_logo_0283_256x256.json
nes_famicom_bilingual_title_logo_0284_128x128,nes_famicom,bilingual_title_logo,bilingual_arabic_primary,pixel_thuluth_display,japanese_boxart_style,128x128,egyptian_folklore,diagonal_arcade_badge,nes_famicom/bilingual_title_logo/bilingual_arabic_primary/pixel_thuluth_display/japanese_boxart_style/128x128/nes_famicom_bilingual_title_logo_0284_128x128.png,nes_famicom/bilingual_title_logo/bilingual_arabic_primary/pixel_thuluth_display/japanese_boxart_style/128x128/nes_famicom_bilingual_title_logo_0284_128x128.json
nes_famicom_bilingual_title_logo_0284_256x256,nes_famicom,bilingual_title_logo,bilingual_arabic_primary,pixel_thuluth_display,japanese_boxart_style,256x256,egyptian_folklore,diagonal_arcade_badge,nes_famicom/bilingual_title_logo/bilingual_arabic_primary/pixel_thuluth_display/japanese_boxart_style/256x256/nes_famicom_bilingual_title_logo_0284_256x256.png,nes_famicom/bilingual_title_logo/bilingual_arabic_primary/pixel_thuluth_display/japanese_boxart_style/256x256/nes_famicom_bilingual_title_logo_0284_256x256.json
nes_famicom_bilingual_title_logo_0285_128x128,nes_famicom,bilingual_title_logo,bilingual_english_primary,pixel_calligraffiti,western_boxart_style,128x128,post_apocalyptic,centered_emblem,nes_famicom/bilingual_title_logo/bilingual_english_primary/pixel_calligraffiti/western_boxart_style/128x128/nes_famicom_bilingual_title_logo_0285_128x128.png,nes_famicom/bilingual_title_logo/bilingual_english_primary/pixel_calligraffiti/western_boxart_style/128x128/nes_famicom_bilingual_title_logo_0285_128x128.json
nes_famicom_bilingual_title_logo_0285_256x256,nes_famicom,bilingual_title_logo,bilingual_english_primary,pixel_calligraffiti,western_boxart_style,256x256,post_apocalyptic,centered_emblem,nes_famicom/bilingual_title_logo/bilingual_english_primary/pixel_calligraffiti/western_boxart_style/256x256/nes_famicom_bilingual_title_logo_0285_256x256.png,nes_famicom/bilingual_title_logo/bilingual_english_primary/pixel_calligraffiti/western_boxart_style/256x256/nes_famicom_bilingual_title_logo_0285_256x256.json
nes_famicom_bilingual_title_logo_0286_128x128,nes_famicom,bilingual_title_logo,parallel_pair_arabic,pixel_kufic_geometric,monochrome_dmg,128x128,platformer,split_bilingual_layout,nes_famicom/bilingual_title_logo/parallel_pair_arabic/pixel_kufic_geometric/monochrome_dmg/128x128/nes_famicom_bilingual_title_logo_0286_128x128.png,nes_famicom/bilingual_title_logo/parallel_pair_arabic/pixel_kufic_geometric/monochrome_dmg/128x128/nes_famicom_bilingual_title_logo_0286_128x128.json
nes_famicom_bilingual_title_logo_0286_256x256,nes_famicom,bilingual_title_logo,parallel_pair_arabic,pixel_kufic_geometric,monochrome_dmg,256x256,platformer,split_bilingual_layout,nes_famicom/bilingual_title_logo/parallel_pair_arabic/pixel_kufic_geometric/monochrome_dmg/256x256/nes_famicom_bilingual_title_logo_0286_256x256.png,nes_famicom/bilingual_title_logo/parallel_pair_arabic/pixel_kufic_geometric/monochrome_dmg/256x256/nes_famicom_bilingual_title_logo_0286_256x256.json
nes_famicom_bilingual_title_logo_0287_128x128,nes_famicom,bilingual_title_logo,arabic_transliteration,pixel_ruqah_fast,retro_8bit_nes,128x128,action_adventure,border_framed,nes_famicom/bilingual_title_logo/arabic_transliteration/pixel_ruqah_fast/retro_8bit_nes/128x128/nes_famicom_bilingual_title_logo_0287_128x128.png,nes_famicom/bilingual_title_logo/arabic_transliteration/pixel_ruqah_fast/retro_8bit_nes/128x128/nes_famicom_bilingual_title_logo_0287_128x128.json
nes_famicom_bilingual_title_logo_0287_256x256,nes_famicom,bilingual_title_logo,arabic_transliteration,pixel_ruqah_fast,retro_8bit_nes,256x256,action_adventure,border_framed,nes_famicom/bilingual_title_logo/arabic_transliteration/pixel_ruqah_fast/retro_8bit_nes/256x256/nes_famicom_bilingual_title_logo_0287_256x256.png,nes_famicom/bilingual_title_logo/arabic_transliteration/pixel_ruqah_fast/retro_8bit_nes/256x256/nes_famicom_bilingual_title_logo_0287_256x256.json
nes_famicom_bilingual_title_logo_0288_128x128,nes_famicom,bilingual_title_logo,arabic_subtitle,pixel_naskh_clean,retro_16bit_snes_genesis,128x128,fighting_game,center_title_large,nes_famicom/bilingual_title_logo/arabic_subtitle/pixel_naskh_clean/retro_16bit_snes_genesis/128x128/nes_famicom_bilingual_title_logo_0288_128x128.png,nes_famicom/bilingual_title_logo/arabic_subtitle/pixel_naskh_clean/retro_16bit_snes_genesis/128x128/nes_famicom_bilingual_title_logo_0288_128x128.json
nes_famicom_bilingual_title_logo_0288_256x256,nes_famicom,bilingual_title_logo,arabic_subtitle,pixel_naskh_clean,retro_16bit_snes_genesis,256x256,fighting_game,center_title_large,nes_famicom/bilingual_title_logo/arabic_subtitle/pixel_naskh_clean/retro_16bit_snes_genesis/256x256/nes_famicom_bilingual_title_logo_0288_256x256.png,nes_famicom/bilingual_title_logo/arabic_subtitle/pixel_naskh_clean/retro_16bit_snes_genesis/256x256/nes_famicom_bilingual_title_logo_0288_256x256.json
nes_famicom_pixel_lettering_0289_128x128,nes_famicom,pixel_lettering,arabic_only,bold_arcade_arabic,arcade_vibrant,128x128,rpg_fantasy,top_title_hero_bottom,nes_famicom/pixel_lettering/arabic_only/bold_arcade_arabic/arcade_vibrant/128x128/nes_famicom_pixel_lettering_0289_128x128.png,nes_famicom/pixel_lettering/arabic_only/bold_arcade_arabic/arcade_vibrant/128x128/nes_famicom_pixel_lettering_0289_128x128.json
nes_famicom_pixel_lettering_0289_256x256,nes_famicom,pixel_lettering,arabic_only,bold_arcade_arabic,arcade_vibrant,256x256,rpg_fantasy,top_title_hero_bottom,nes_famicom/pixel_lettering/arabic_only/bold_arcade_arabic/arcade_vibrant/256x256/nes_famicom_pixel_lettering_0289_256x256.png,nes_famicom/pixel_lettering/arabic_only/bold_arcade_arabic/arcade_vibrant/256x256/nes_famicom_pixel_lettering_0289_256x256.json
nes_famicom_pixel_lettering_0290_128x128,nes_famicom,pixel_lettering,bilingual_arabic_primary,3d_bevel_arabic,retro_synthwave_80s,128x128,shoot_em_up,bottom_title_scene_top,nes_famicom/pixel_lettering/bilingual_arabic_primary/3d_bevel_arabic/retro_synthwave_80s/128x128/nes_famicom_pixel_lettering_0290_128x128.png,nes_famicom/pixel_lettering/bilingual_arabic_primary/3d_bevel_arabic/retro_synthwave_80s/128x128/nes_famicom_pixel_lettering_0290_128x128.json
nes_famicom_pixel_lettering_0290_256x256,nes_famicom,pixel_lettering,bilingual_arabic_primary,3d_bevel_arabic,retro_synthwave_80s,256x256,shoot_em_up,bottom_title_scene_top,nes_famicom/pixel_lettering/bilingual_arabic_primary/3d_bevel_arabic/retro_synthwave_80s/256x256/nes_famicom_pixel_lettering_0290_256x256.png,nes_famicom/pixel_lettering/bilingual_arabic_primary/3d_bevel_arabic/retro_synthwave_80s/256x256/nes_famicom_pixel_lettering_0290_256x256.json
nes_famicom_pixel_lettering_0291_128x128,nes_famicom,pixel_lettering,bilingual_english_primary,neon_glitch_arabic,constructivist_arcade,128x128,racing_sports,grid_framed_boxart,nes_famicom/pixel_lettering/bilingual_english_primary/neon_glitch_arabic/constructivist_arcade/128x128/nes_famicom_pixel_lettering_0291_128x128.png,nes_famicom/pixel_lettering/bilingual_english_primary/neon_glitch_arabic/constructivist_arcade/128x128/nes_famicom_pixel_lettering_0291_128x128.json
nes_famicom_pixel_lettering_0291_256x256,nes_famicom,pixel_lettering,bilingual_english_primary,neon_glitch_arabic,constructivist_arcade,256x256,racing_sports,grid_framed_boxart,nes_famicom/pixel_lettering/bilingual_english_primary/neon_glitch_arabic/constructivist_arcade/256x256/nes_famicom_pixel_lettering_0291_256x256.png,nes_famicom/pixel_lettering/bilingual_english_primary/neon_glitch_arabic/constructivist_arcade/256x256/nes_famicom_pixel_lettering_0291_256x256.json
nes_famicom_pixel_lettering_0292_128x128,nes_famicom,pixel_lettering,parallel_pair_arabic,fantasy_ornate_arabic,dark_fantasy_gothic,128x128,horror_survival,black_border_nes,nes_famicom/pixel_lettering/parallel_pair_arabic/fantasy_ornate_arabic/dark_fantasy_gothic/128x128/nes_famicom_pixel_lettering_0292_128x128.png,nes_famicom/pixel_lettering/parallel_pair_arabic/fantasy_ornate_arabic/dark_fantasy_gothic/128x128/nes_famicom_pixel_lettering_0292_128x128.json
nes_famicom_pixel_lettering_0292_256x256,nes_famicom,pixel_lettering,parallel_pair_arabic,fantasy_ornate_arabic,dark_fantasy_gothic,256x256,horror_survival,black_border_nes,nes_famicom/pixel_lettering/parallel_pair_arabic/fantasy_ornate_arabic/dark_fantasy_gothic/256x256/nes_famicom_pixel_lettering_0292_256x256.png,nes_famicom/pixel_lettering/parallel_pair_arabic/fantasy_ornate_arabic/dark_fantasy_gothic/256x256/nes_famicom_pixel_lettering_0292_256x256.json
nes_famicom_pixel_lettering_0293_128x128,nes_famicom,pixel_lettering,arabic_transliteration,retro_8bit_arabic,pop_art_comic,128x128,beat_em_up,diagonal_arcade_badge,nes_famicom/pixel_lettering/arabic_transliteration/retro_8bit_arabic/pop_art_comic/128x128/nes_famicom_pixel_lettering_0293_128x128.png,nes_famicom/pixel_lettering/arabic_transliteration/retro_8bit_arabic/pop_art_comic/128x128/nes_famicom_pixel_lettering_0293_128x128.json
nes_famicom_pixel_lettering_0293_256x256,nes_famicom,pixel_lettering,arabic_transliteration,retro_8bit_arabic,pop_art_comic,256x256,beat_em_up,diagonal_arcade_badge,nes_famicom/pixel_lettering/arabic_transliteration/retro_8bit_arabic/pop_art_comic/256x256/nes_famicom_pixel_lettering_0293_256x256.png,nes_famicom/pixel_lettering/arabic_transliteration/retro_8bit_arabic/pop_art_comic/256x256/nes_famicom_pixel_lettering_0293_256x256.json
nes_famicom_pixel_lettering_0294_128x128,nes_famicom,pixel_lettering,arabic_subtitle,metallic_chrome_arabic,cyberpunk_neon_dystopian,128x128,puzzle_strategy,centered_emblem,nes_famicom/pixel_lettering/arabic_subtitle/metallic_chrome_arabic/cyberpunk_neon_dystopian/128x128/nes_famicom_pixel_lettering_0294_128x128.png,nes_famicom/pixel_lettering/arabic_subtitle/metallic_chrome_arabic/cyberpunk_neon_dystopian/128x128/nes_famicom_pixel_lettering_0294_128x128.json
nes_famicom_pixel_lettering_0294_256x256,nes_famicom,pixel_lettering,arabic_subtitle,metallic_chrome_arabic,cyberpunk_neon_dystopian,256x256,puzzle_strategy,centered_emblem,nes_famicom/pixel_lettering/arabic_subtitle/metallic_chrome_arabic/cyberpunk_neon_dystopian/256x256/nes_famicom_pixel_lettering_0294_256x256.png,nes_famicom/pixel_lettering/arabic_subtitle/metallic_chrome_arabic/cyberpunk_neon_dystopian/256x256/nes_famicom_pixel_lettering_0294_256x256.json
nes_famicom_game_over_screen_0295_128x128,nes_famicom,game_over_screen,arabic_only,pixel_thuluth_display,minimalist_pixel_poster,128x128,sci_fi_cyberpunk,split_bilingual_layout,nes_famicom/game_over_screen/arabic_only/pixel_thuluth_display/minimalist_pixel_poster/128x128/nes_famicom_game_over_screen_0295_128x128.png,nes_famicom/game_over_screen/arabic_only/pixel_thuluth_display/minimalist_pixel_poster/128x128/nes_famicom_game_over_screen_0295_128x128.json
nes_famicom_game_over_screen_0295_256x256,nes_famicom,game_over_screen,arabic_only,pixel_thuluth_display,minimalist_pixel_poster,256x256,sci_fi_cyberpunk,split_bilingual_layout,nes_famicom/game_over_screen/arabic_only/pixel_thuluth_display/minimalist_pixel_poster/256x256/nes_famicom_game_over_screen_0295_256x256.png,nes_famicom/game_over_screen/arabic_only/pixel_thuluth_display/minimalist_pixel_poster/256x256/nes_famicom_game_over_screen_0295_256x256.json
nes_famicom_game_over_screen_0296_128x128,nes_famicom,game_over_screen,bilingual_arabic_primary,pixel_calligraffiti,egyptian_folklore_pixel,128x128,historical_medieval,border_framed,nes_famicom/game_over_screen/bilingual_arabic_primary/pixel_calligraffiti/egyptian_folklore_pixel/128x128/nes_famicom_game_over_screen_0296_128x128.png,nes_famicom/game_over_screen/bilingual_arabic_primary/pixel_calligraffiti/egyptian_folklore_pixel/128x128/nes_famicom_game_over_screen_0296_128x128.json
nes_famicom_game_over_screen_0296_256x256,nes_famicom,game_over_screen,bilingual_arabic_primary,pixel_calligraffiti,egyptian_folklore_pixel,256x256,historical_medieval,border_framed,nes_famicom/game_over_screen/bilingual_arabic_primary/pixel_calligraffiti/egyptian_folklore_pixel/256x256/nes_famicom_game_over_screen_0296_256x256.png,nes_famicom/game_over_screen/bilingual_arabic_primary/pixel_calligraffiti/egyptian_folklore_pixel/256x256/nes_famicom_game_over_screen_0296_256x256.json
nes_famicom_game_over_screen_0297_128x128,nes_famicom,game_over_screen,bilingual_english_primary,pixel_kufic_geometric,japanese_boxart_style,128x128,egyptian_folklore,center_title_large,nes_famicom/game_over_screen/bilingual_english_primary/pixel_kufic_geometric/japanese_boxart_style/128x128/nes_famicom_game_over_screen_0297_128x128.png,nes_famicom/game_over_screen/bilingual_english_primary/pixel_kufic_geometric/japanese_boxart_style/128x128/nes_famicom_game_over_screen_0297_128x128.json
nes_famicom_game_over_screen_0297_256x256,nes_famicom,game_over_screen,bilingual_english_primary,pixel_kufic_geometric,japanese_boxart_style,256x256,egyptian_folklore,center_title_large,nes_famicom/game_over_screen/bilingual_english_primary/pixel_kufic_geometric/japanese_boxart_style/256x256/nes_famicom_game_over_screen_0297_256x256.png,nes_famicom/game_over_screen/bilingual_english_primary/pixel_kufic_geometric/japanese_boxart_style/256x256/nes_famicom_game_over_screen_0297_256x256.json
nes_famicom_game_over_screen_0298_128x128,nes_famicom,game_over_screen,parallel_pair_arabic,pixel_ruqah_fast,western_boxart_style,128x128,post_apocalyptic,top_title_hero_bottom,nes_famicom/game_over_screen/parallel_pair_arabic/pixel_ruqah_fast/western_boxart_style/128x128/nes_famicom_game_over_screen_0298_128x128.png,nes_famicom/game_over_screen/parallel_pair_arabic/pixel_ruqah_fast/western_boxart_style/128x128/nes_famicom_game_over_screen_0298_128x128.json
nes_famicom_game_over_screen_0298_256x256,nes_famicom,game_over_screen,parallel_pair_arabic,pixel_ruqah_fast,western_boxart_style,256x256,post_apocalyptic,top_title_hero_bottom,nes_famicom/game_over_screen/parallel_pair_arabic/pixel_ruqah_fast/western_boxart_style/256x256/nes_famicom_game_over_screen_0298_256x256.png,nes_famicom/game_over_screen/parallel_pair_arabic/pixel_ruqah_fast/western_boxart_style/256x256/nes_famicom_game_over_screen_0298_256x256.json
nes_famicom_game_over_screen_0299_128x128,nes_famicom,game_over_screen,arabic_transliteration,pixel_naskh_clean,monochrome_dmg,128x128,platformer,bottom_title_scene_top,nes_famicom/game_over_screen/arabic_transliteration/pixel_naskh_clean/monochrome_dmg/128x128/nes_famicom_game_over_screen_0299_128x128.png,nes_famicom/game_over_screen/arabic_transliteration/pixel_naskh_clean/monochrome_dmg/128x128/nes_famicom_game_over_screen_0299_128x128.json
nes_famicom_game_over_screen_0299_256x256,nes_famicom,game_over_screen,arabic_transliteration,pixel_naskh_clean,monochrome_dmg,256x256,platformer,bottom_title_scene_top,nes_famicom/game_over_screen/arabic_transliteration/pixel_naskh_clean/monochrome_dmg/256x256/nes_famicom_game_over_screen_0299_256x256.png,nes_famicom/game_over_screen/arabic_transliteration/pixel_naskh_clean/monochrome_dmg/256x256/nes_famicom_game_over_screen_0299_256x256.json
nes_famicom_game_over_screen_0300_128x128,nes_famicom,game_over_screen,arabic_subtitle,bold_arcade_arabic,retro_8bit_nes,128x128,action_adventure,grid_framed_boxart,nes_famicom/game_over_screen/arabic_subtitle/bold_arcade_arabic/retro_8bit_nes/128x128/nes_famicom_game_over_screen_0300_128x128.png,nes_famicom/game_over_screen/arabic_subtitle/bold_arcade_arabic/retro_8bit_nes/128x128/nes_famicom_game_over_screen_0300_128x128.json
nes_famicom_game_over_screen_0300_256x256,nes_famicom,game_over_screen,arabic_subtitle,bold_arcade_arabic,retro_8bit_nes,256x256,action_adventure,grid_framed_boxart,nes_famicom/game_over_screen/arabic_subtitle/bold_arcade_arabic/retro_8bit_nes/256x256/nes_famicom_game_over_screen_0300_256x256.png,nes_famicom/game_over_screen/arabic_subtitle/bold_arcade_arabic/retro_8bit_nes/256x256/nes_famicom_game_over_screen_0300_256x256.json
nes_famicom_stage_clear_banner_0301_128x128,nes_famicom,stage_clear_banner,arabic_only,3d_bevel_arabic,retro_16bit_snes_genesis,128x128,fighting_game,black_border_nes,nes_famicom/stage_clear_banner/arabic_only/3d_bevel_arabic/retro_16bit_snes_genesis/128x128/nes_famicom_stage_clear_banner_0301_128x128.png,nes_famicom/stage_clear_banner/arabic_only/3d_bevel_arabic/retro_16bit_snes_genesis/128x128/nes_famicom_stage_clear_banner_0301_128x128.json
nes_famicom_stage_clear_banner_0301_256x256,nes_famicom,stage_clear_banner,arabic_only,3d_bevel_arabic,retro_16bit_snes_genesis,256x256,fighting_game,black_border_nes,nes_famicom/stage_clear_banner/arabic_only/3d_bevel_arabic/retro_16bit_snes_genesis/256x256/nes_famicom_stage_clear_banner_0301_256x256.png,nes_famicom/stage_clear_banner/arabic_only/3d_bevel_arabic/retro_16bit_snes_genesis/256x256/nes_famicom_stage_clear_banner_0301_256x256.json
nes_famicom_stage_clear_banner_0302_128x128,nes_famicom,stage_clear_banner,bilingual_arabic_primary,neon_glitch_arabic,arcade_vibrant,128x128,rpg_fantasy,diagonal_arcade_badge,nes_famicom/stage_clear_banner/bilingual_arabic_primary/neon_glitch_arabic/arcade_vibrant/128x128/nes_famicom_stage_clear_banner_0302_128x128.png,nes_famicom/stage_clear_banner/bilingual_arabic_primary/neon_glitch_arabic/arcade_vibrant/128x128/nes_famicom_stage_clear_banner_0302_128x128.json
nes_famicom_stage_clear_banner_0302_256x256,nes_famicom,stage_clear_banner,bilingual_arabic_primary,neon_glitch_arabic,arcade_vibrant,256x256,rpg_fantasy,diagonal_arcade_badge,nes_famicom/stage_clear_banner/bilingual_arabic_primary/neon_glitch_arabic/arcade_vibrant/256x256/nes_famicom_stage_clear_banner_0302_256x256.png,nes_famicom/stage_clear_banner/bilingual_arabic_primary/neon_glitch_arabic/arcade_vibrant/256x256/nes_famicom_stage_clear_banner_0302_256x256.json
nes_famicom_stage_clear_banner_0303_128x128,nes_famicom,stage_clear_banner,bilingual_english_primary,fantasy_ornate_arabic,retro_synthwave_80s,128x128,shoot_em_up,centered_emblem,nes_famicom/stage_clear_banner/bilingual_english_primary/fantasy_ornate_arabic/retro_synthwave_80s/128x128/nes_famicom_stage_clear_banner_0303_128x128.png,nes_famicom/stage_clear_banner/bilingual_english_primary/fantasy_ornate_arabic/retro_synthwave_80s/128x128/nes_famicom_stage_clear_banner_0303_128x128.json
nes_famicom_stage_clear_banner_0303_256x256,nes_famicom,stage_clear_banner,bilingual_english_primary,fantasy_ornate_arabic,retro_synthwave_80s,256x256,shoot_em_up,centered_emblem,nes_famicom/stage_clear_banner/bilingual_english_primary/fantasy_ornate_arabic/retro_synthwave_80s/256x256/nes_famicom_stage_clear_banner_0303_256x256.png,nes_famicom/stage_clear_banner/bilingual_english_primary/fantasy_ornate_arabic/retro_synthwave_80s/256x256/nes_famicom_stage_clear_banner_0303_256x256.json
nes_famicom_stage_clear_banner_0304_128x128,nes_famicom,stage_clear_banner,parallel_pair_arabic,retro_8bit_arabic,constructivist_arcade,128x128,racing_sports,split_bilingual_layout,nes_famicom/stage_clear_banner/parallel_pair_arabic/retro_8bit_arabic/constructivist_arcade/128x128/nes_famicom_stage_clear_banner_0304_128x128.png,nes_famicom/stage_clear_banner/parallel_pair_arabic/retro_8bit_arabic/constructivist_arcade/128x128/nes_famicom_stage_clear_banner_0304_128x128.json
nes_famicom_stage_clear_banner_0304_256x256,nes_famicom,stage_clear_banner,parallel_pair_arabic,retro_8bit_arabic,constructivist_arcade,256x256,racing_sports,split_bilingual_layout,nes_famicom/stage_clear_banner/parallel_pair_arabic/retro_8bit_arabic/constructivist_arcade/256x256/nes_famicom_stage_clear_banner_0304_256x256.png,nes_famicom/stage_clear_banner/parallel_pair_arabic/retro_8bit_arabic/constructivist_arcade/256x256/nes_famicom_stage_clear_banner_0304_256x256.json
nes_famicom_stage_clear_banner_0305_128x128,nes_famicom,stage_clear_banner,arabic_transliteration,metallic_chrome_arabic,dark_fantasy_gothic,128x128,horror_survival,border_framed,nes_famicom/stage_clear_banner/arabic_transliteration/metallic_chrome_arabic/dark_fantasy_gothic/128x128/nes_famicom_stage_clear_banner_0305_128x128.png,nes_famicom/stage_clear_banner/arabic_transliteration/metallic_chrome_arabic/dark_fantasy_gothic/128x128/nes_famicom_stage_clear_banner_0305_128x128.json
nes_famicom_stage_clear_banner_0305_256x256,nes_famicom,stage_clear_banner,arabic_transliteration,metallic_chrome_arabic,dark_fantasy_gothic,256x256,horror_survival,border_framed,nes_famicom/stage_clear_banner/arabic_transliteration/metallic_chrome_arabic/dark_fantasy_gothic/256x256/nes_famicom_stage_clear_banner_0305_256x256.png,nes_famicom/stage_clear_banner/arabic_transliteration/metallic_chrome_arabic/dark_fantasy_gothic/256x256/nes_famicom_stage_clear_banner_0305_256x256.json
nes_famicom_stage_clear_banner_0306_128x128,nes_famicom,stage_clear_banner,arabic_subtitle,pixel_thuluth_display,pop_art_comic,128x128,beat_em_up,center_title_large,nes_famicom/stage_clear_banner/arabic_subtitle/pixel_thuluth_display/pop_art_comic/128x128/nes_famicom_stage_clear_banner_0306_128x128.png,nes_famicom/stage_clear_banner/arabic_subtitle/pixel_thuluth_display/pop_art_comic/128x128/nes_famicom_stage_clear_banner_0306_128x128.json
nes_famicom_stage_clear_banner_0306_256x256,nes_famicom,stage_clear_banner,arabic_subtitle,pixel_thuluth_display,pop_art_comic,256x256,beat_em_up,center_title_large,nes_famicom/stage_clear_banner/arabic_subtitle/pixel_thuluth_display/pop_art_comic/256x256/nes_famicom_stage_clear_banner_0306_256x256.png,nes_famicom/stage_clear_banner/arabic_subtitle/pixel_thuluth_display/pop_art_comic/256x256/nes_famicom_stage_clear_banner_0306_256x256.json
nes_famicom_ui_title_badge_0307_128x128,nes_famicom,ui_title_badge,arabic_only,pixel_calligraffiti,cyberpunk_neon_dystopian,128x128,puzzle_strategy,top_title_hero_bottom,nes_famicom/ui_title_badge/arabic_only/pixel_calligraffiti/cyberpunk_neon_dystopian/128x128/nes_famicom_ui_title_badge_0307_128x128.png,nes_famicom/ui_title_badge/arabic_only/pixel_calligraffiti/cyberpunk_neon_dystopian/128x128/nes_famicom_ui_title_badge_0307_128x128.json
nes_famicom_ui_title_badge_0307_256x256,nes_famicom,ui_title_badge,arabic_only,pixel_calligraffiti,cyberpunk_neon_dystopian,256x256,puzzle_strategy,top_title_hero_bottom,nes_famicom/ui_title_badge/arabic_only/pixel_calligraffiti/cyberpunk_neon_dystopian/256x256/nes_famicom_ui_title_badge_0307_256x256.png,nes_famicom/ui_title_badge/arabic_only/pixel_calligraffiti/cyberpunk_neon_dystopian/256x256/nes_famicom_ui_title_badge_0307_256x256.json
nes_famicom_ui_title_badge_0308_128x128,nes_famicom,ui_title_badge,bilingual_arabic_primary,pixel_kufic_geometric,minimalist_pixel_poster,128x128,sci_fi_cyberpunk,bottom_title_scene_top,nes_famicom/ui_title_badge/bilingual_arabic_primary/pixel_kufic_geometric/minimalist_pixel_poster/128x128/nes_famicom_ui_title_badge_0308_128x128.png,nes_famicom/ui_title_badge/bilingual_arabic_primary/pixel_kufic_geometric/minimalist_pixel_poster/128x128/nes_famicom_ui_title_badge_0308_128x128.json
nes_famicom_ui_title_badge_0308_256x256,nes_famicom,ui_title_badge,bilingual_arabic_primary,pixel_kufic_geometric,minimalist_pixel_poster,256x256,sci_fi_cyberpunk,bottom_title_scene_top,nes_famicom/ui_title_badge/bilingual_arabic_primary/pixel_kufic_geometric/minimalist_pixel_poster/256x256/nes_famicom_ui_title_badge_0308_256x256.png,nes_famicom/ui_title_badge/bilingual_arabic_primary/pixel_kufic_geometric/minimalist_pixel_poster/256x256/nes_famicom_ui_title_badge_0308_256x256.json
nes_famicom_ui_title_badge_0309_128x128,nes_famicom,ui_title_badge,bilingual_english_primary,pixel_ruqah_fast,egyptian_folklore_pixel,128x128,historical_medieval,grid_framed_boxart,nes_famicom/ui_title_badge/bilingual_english_primary/pixel_ruqah_fast/egyptian_folklore_pixel/128x128/nes_famicom_ui_title_badge_0309_128x128.png,nes_famicom/ui_title_badge/bilingual_english_primary/pixel_ruqah_fast/egyptian_folklore_pixel/128x128/nes_famicom_ui_title_badge_0309_128x128.json
nes_famicom_ui_title_badge_0309_256x256,nes_famicom,ui_title_badge,bilingual_english_primary,pixel_ruqah_fast,egyptian_folklore_pixel,256x256,historical_medieval,grid_framed_boxart,nes_famicom/ui_title_badge/bilingual_english_primary/pixel_ruqah_fast/egyptian_folklore_pixel/256x256/nes_famicom_ui_title_badge_0309_256x256.png,nes_famicom/ui_title_badge/bilingual_english_primary/pixel_ruqah_fast/egyptian_folklore_pixel/256x256/nes_famicom_ui_title_badge_0309_256x256.json
nes_famicom_ui_title_badge_0310_128x128,nes_famicom,ui_title_badge,parallel_pair_arabic,pixel_naskh_clean,japanese_boxart_style,128x128,egyptian_folklore,black_border_nes,nes_famicom/ui_title_badge/parallel_pair_arabic/pixel_naskh_clean/japanese_boxart_style/128x128/nes_famicom_ui_title_badge_0310_128x128.png,nes_famicom/ui_title_badge/parallel_pair_arabic/pixel_naskh_clean/japanese_boxart_style/128x128/nes_famicom_ui_title_badge_0310_128x128.json
nes_famicom_ui_title_badge_0310_256x256,nes_famicom,ui_title_badge,parallel_pair_arabic,pixel_naskh_clean,japanese_boxart_style,256x256,egyptian_folklore,black_border_nes,nes_famicom/ui_title_badge/parallel_pair_arabic/pixel_naskh_clean/japanese_boxart_style/256x256/nes_famicom_ui_title_badge_0310_256x256.png,nes_famicom/ui_title_badge/parallel_pair_arabic/pixel_naskh_clean/japanese_boxart_style/256x256/nes_famicom_ui_title_badge_0310_256x256.json
nes_famicom_ui_title_badge_0311_128x128,nes_famicom,ui_title_badge,arabic_transliteration,bold_arcade_arabic,western_boxart_style,128x128,post_apocalyptic,diagonal_arcade_badge,nes_famicom/ui_title_badge/arabic_transliteration/bold_arcade_arabic/western_boxart_style/128x128/nes_famicom_ui_title_badge_0311_128x128.png,nes_famicom/ui_title_badge/arabic_transliteration/bold_arcade_arabic/western_boxart_style/128x128/nes_famicom_ui_title_badge_0311_128x128.json
nes_famicom_ui_title_badge_0311_256x256,nes_famicom,ui_title_badge,arabic_transliteration,bold_arcade_arabic,western_boxart_style,256x256,post_apocalyptic,diagonal_arcade_badge,nes_famicom/ui_title_badge/arabic_transliteration/bold_arcade_arabic/western_boxart_style/256x256/nes_famicom_ui_title_badge_0311_256x256.png,nes_famicom/ui_title_badge/arabic_transliteration/bold_arcade_arabic/western_boxart_style/256x256/nes_famicom_ui_title_badge_0311_256x256.json
nes_famicom_ui_title_badge_0312_128x128,nes_famicom,ui_title_badge,arabic_subtitle,3d_bevel_arabic,monochrome_dmg,128x128,platformer,centered_emblem,nes_famicom/ui_title_badge/arabic_subtitle/3d_bevel_arabic/monochrome_dmg/128x128/nes_famicom_ui_title_badge_0312_128x128.png,nes_famicom/ui_title_badge/arabic_subtitle/3d_bevel_arabic/monochrome_dmg/128x128/nes_famicom_ui_title_badge_0312_128x128.json
nes_famicom_ui_title_badge_0312_256x256,nes_famicom,ui_title_badge,arabic_subtitle,3d_bevel_arabic,monochrome_dmg,256x256,platformer,centered_emblem,nes_famicom/ui_title_badge/arabic_subtitle/3d_bevel_arabic/monochrome_dmg/256x256/nes_famicom_ui_title_badge_0312_256x256.png,nes_famicom/ui_title_badge/arabic_subtitle/3d_bevel_arabic/monochrome_dmg/256x256/nes_famicom_ui_title_badge_0312_256x256.json
snes_super_famicom_box_art_front_0313_128x128,snes_super_famicom,box_art_front,arabic_only,neon_glitch_arabic,retro_8bit_nes,128x128,action_adventure,split_bilingual_layout,snes_super_famicom/box_art_front/arabic_only/neon_glitch_arabic/retro_8bit_nes/128x128/snes_super_famicom_box_art_front_0313_128x128.png,snes_super_famicom/box_art_front/arabic_only/neon_glitch_arabic/retro_8bit_nes/128x128/snes_super_famicom_box_art_front_0313_128x128.json
snes_super_famicom_box_art_front_0313_256x256,snes_super_famicom,box_art_front,arabic_only,neon_glitch_arabic,retro_8bit_nes,256x256,action_adventure,split_bilingual_layout,snes_super_famicom/box_art_front/arabic_only/neon_glitch_arabic/retro_8bit_nes/256x256/snes_super_famicom_box_art_front_0313_256x256.png,snes_super_famicom/box_art_front/arabic_only/neon_glitch_arabic/retro_8bit_nes/256x256/snes_super_famicom_box_art_front_0313_256x256.json
snes_super_famicom_box_art_front_0314_128x128,snes_super_famicom,box_art_front,bilingual_arabic_primary,fantasy_ornate_arabic,retro_16bit_snes_genesis,128x128,fighting_game,border_framed,snes_super_famicom/box_art_front/bilingual_arabic_primary/fantasy_ornate_arabic/retro_16bit_snes_genesis/128x128/snes_super_famicom_box_art_front_0314_128x128.png,snes_super_famicom/box_art_front/bilingual_arabic_primary/fantasy_ornate_arabic/retro_16bit_snes_genesis/128x128/snes_super_famicom_box_art_front_0314_128x128.json
snes_super_famicom_box_art_front_0314_256x256,snes_super_famicom,box_art_front,bilingual_arabic_primary,fantasy_ornate_arabic,retro_16bit_snes_genesis,256x256,fighting_game,border_framed,snes_super_famicom/box_art_front/bilingual_arabic_primary/fantasy_ornate_arabic/retro_16bit_snes_genesis/256x256/snes_super_famicom_box_art_front_0314_256x256.png,snes_super_famicom/box_art_front/bilingual_arabic_primary/fantasy_ornate_arabic/retro_16bit_snes_genesis/256x256/snes_super_famicom_box_art_front_0314_256x256.json
snes_super_famicom_box_art_front_0315_128x128,snes_super_famicom,box_art_front,bilingual_english_primary,retro_8bit_arabic,arcade_vibrant,128x128,rpg_fantasy,center_title_large,snes_super_famicom/box_art_front/bilingual_english_primary/retro_8bit_arabic/arcade_vibrant/128x128/snes_super_famicom_box_art_front_0315_128x128.png,snes_super_famicom/box_art_front/bilingual_english_primary/retro_8bit_arabic/arcade_vibrant/128x128/snes_super_famicom_box_art_front_0315_128x128.json
snes_super_famicom_box_art_front_0315_256x256,snes_super_famicom,box_art_front,bilingual_english_primary,retro_8bit_arabic,arcade_vibrant,256x256,rpg_fantasy,center_title_large,snes_super_famicom/box_art_front/bilingual_english_primary/retro_8bit_arabic/arcade_vibrant/256x256/snes_super_famicom_box_art_front_0315_256x256.png,snes_super_famicom/box_art_front/bilingual_english_primary/retro_8bit_arabic/arcade_vibrant/256x256/snes_super_famicom_box_art_front_0315_256x256.json
snes_super_famicom_box_art_front_0316_128x128,snes_super_famicom,box_art_front,parallel_pair_arabic,metallic_chrome_arabic,retro_synthwave_80s,128x128,shoot_em_up,top_title_hero_bottom,snes_super_famicom/box_art_front/parallel_pair_arabic/metallic_chrome_arabic/retro_synthwave_80s/128x128/snes_super_famicom_box_art_front_0316_128x128.png,snes_super_famicom/box_art_front/parallel_pair_arabic/metallic_chrome_arabic/retro_synthwave_80s/128x128/snes_super_famicom_box_art_front_0316_128x128.json
snes_super_famicom_box_art_front_0316_256x256,snes_super_famicom,box_art_front,parallel_pair_arabic,metallic_chrome_arabic,retro_synthwave_80s,256x256,shoot_em_up,top_title_hero_bottom,snes_super_famicom/box_art_front/parallel_pair_arabic/metallic_chrome_arabic/retro_synthwave_80s/256x256/snes_super_famicom_box_art_front_0316_256x256.png,snes_super_famicom/box_art_front/parallel_pair_arabic/metallic_chrome_arabic/retro_synthwave_80s/256x256/snes_super_famicom_box_art_front_0316_256x256.json
snes_super_famicom_box_art_front_0317_128x128,snes_super_famicom,box_art_front,arabic_transliteration,pixel_thuluth_display,constructivist_arcade,128x128,racing_sports,bottom_title_scene_top,snes_super_famicom/box_art_front/arabic_transliteration/pixel_thuluth_display/constructivist_arcade/128x128/snes_super_famicom_box_art_front_0317_128x128.png,snes_super_famicom/box_art_front/arabic_transliteration/pixel_thuluth_display/constructivist_arcade/128x128/snes_super_famicom_box_art_front_0317_128x128.json
snes_super_famicom_box_art_front_0317_256x256,snes_super_famicom,box_art_front,arabic_transliteration,pixel_thuluth_display,constructivist_arcade,256x256,racing_sports,bottom_title_scene_top,snes_super_famicom/box_art_front/arabic_transliteration/pixel_thuluth_display/constructivist_arcade/256x256/snes_super_famicom_box_art_front_0317_256x256.png,snes_super_famicom/box_art_front/arabic_transliteration/pixel_thuluth_display/constructivist_arcade/256x256/snes_super_famicom_box_art_front_0317_256x256.json
snes_super_famicom_box_art_front_0318_128x128,snes_super_famicom,box_art_front,arabic_subtitle,pixel_calligraffiti,dark_fantasy_gothic,128x128,horror_survival,grid_framed_boxart,snes_super_famicom/box_art_front/arabic_subtitle/pixel_calligraffiti/dark_fantasy_gothic/128x128/snes_super_famicom_box_art_front_0318_128x128.png,snes_super_famicom/box_art_front/arabic_subtitle/pixel_calligraffiti/dark_fantasy_gothic/128x128/snes_super_famicom_box_art_front_0318_128x128.json
snes_super_famicom_box_art_front_0318_256x256,snes_super_famicom,box_art_front,arabic_subtitle,pixel_calligraffiti,dark_fantasy_gothic,256x256,horror_survival,grid_framed_boxart,snes_super_famicom/box_art_front/arabic_subtitle/pixel_calligraffiti/dark_fantasy_gothic/256x256/snes_super_famicom_box_art_front_0318_256x256.png,snes_super_famicom/box_art_front/arabic_subtitle/pixel_calligraffiti/dark_fantasy_gothic/256x256/snes_super_famicom_box_art_front_0318_256x256.json
snes_super_famicom_title_screen_art_0319_128x128,snes_super_famicom,title_screen_art,arabic_only,pixel_kufic_geometric,pop_art_comic,128x128,beat_em_up,black_border_nes,snes_super_famicom/title_screen_art/arabic_only/pixel_kufic_geometric/pop_art_comic/128x128/snes_super_famicom_title_screen_art_0319_128x128.png,snes_super_famicom/title_screen_art/arabic_only/pixel_kufic_geometric/pop_art_comic/128x128/snes_super_famicom_title_screen_art_0319_128x128.json
snes_super_famicom_title_screen_art_0319_256x256,snes_super_famicom,title_screen_art,arabic_only,pixel_kufic_geometric,pop_art_comic,256x256,beat_em_up,black_border_nes,snes_super_famicom/title_screen_art/arabic_only/pixel_kufic_geometric/pop_art_comic/256x256/snes_super_famicom_title_screen_art_0319_256x256.png,snes_super_famicom/title_screen_art/arabic_only/pixel_kufic_geometric/pop_art_comic/256x256/snes_super_famicom_title_screen_art_0319_256x256.json
snes_super_famicom_title_screen_art_0320_128x128,snes_super_famicom,title_screen_art,bilingual_arabic_primary,pixel_ruqah_fast,cyberpunk_neon_dystopian,128x128,puzzle_strategy,diagonal_arcade_badge,snes_super_famicom/title_screen_art/bilingual_arabic_primary/pixel_ruqah_fast/cyberpunk_neon_dystopian/128x128/snes_super_famicom_title_screen_art_0320_128x128.png,snes_super_famicom/title_screen_art/bilingual_arabic_primary/pixel_ruqah_fast/cyberpunk_neon_dystopian/128x128/snes_super_famicom_title_screen_art_0320_128x128.json
snes_super_famicom_title_screen_art_0320_256x256,snes_super_famicom,title_screen_art,bilingual_arabic_primary,pixel_ruqah_fast,cyberpunk_neon_dystopian,256x256,puzzle_strategy,diagonal_arcade_badge,snes_super_famicom/title_screen_art/bilingual_arabic_primary/pixel_ruqah_fast/cyberpunk_neon_dystopian/256x256/snes_super_famicom_title_screen_art_0320_256x256.png,snes_super_famicom/title_screen_art/bilingual_arabic_primary/pixel_ruqah_fast/cyberpunk_neon_dystopian/256x256/snes_super_famicom_title_screen_art_0320_256x256.json
snes_super_famicom_title_screen_art_0321_128x128,snes_super_famicom,title_screen_art,bilingual_english_primary,pixel_naskh_clean,minimalist_pixel_poster,128x128,sci_fi_cyberpunk,centered_emblem,snes_super_famicom/title_screen_art/bilingual_english_primary/pixel_naskh_clean/minimalist_pixel_poster/128x128/snes_super_famicom_title_screen_art_0321_128x128.png,snes_super_famicom/title_screen_art/bilingual_english_primary/pixel_naskh_clean/minimalist_pixel_poster/128x128/snes_super_famicom_title_screen_art_0321_128x128.json
snes_super_famicom_title_screen_art_0321_256x256,snes_super_famicom,title_screen_art,bilingual_english_primary,pixel_naskh_clean,minimalist_pixel_poster,256x256,sci_fi_cyberpunk,centered_emblem,snes_super_famicom/title_screen_art/bilingual_english_primary/pixel_naskh_clean/minimalist_pixel_poster/256x256/snes_super_famicom_title_screen_art_0321_256x256.png,snes_super_famicom/title_screen_art/bilingual_english_primary/pixel_naskh_clean/minimalist_pixel_poster/256x256/snes_super_famicom_title_screen_art_0321_256x256.json
snes_super_famicom_title_screen_art_0322_128x128,snes_super_famicom,title_screen_art,parallel_pair_arabic,bold_arcade_arabic,egyptian_folklore_pixel,128x128,historical_medieval,split_bilingual_layout,snes_super_famicom/title_screen_art/parallel_pair_arabic/bold_arcade_arabic/egyptian_folklore_pixel/128x128/snes_super_famicom_title_screen_art_0322_128x128.png,snes_super_famicom/title_screen_art/parallel_pair_arabic/bold_arcade_arabic/egyptian_folklore_pixel/128x128/snes_super_famicom_title_screen_art_0322_128x128.json
snes_super_famicom_title_screen_art_0322_256x256,snes_super_famicom,title_screen_art,parallel_pair_arabic,bold_arcade_arabic,egyptian_folklore_pixel,256x256,historical_medieval,split_bilingual_layout,snes_super_famicom/title_screen_art/parallel_pair_arabic/bold_arcade_arabic/egyptian_folklore_pixel/256x256/snes_super_famicom_title_screen_art_0322_256x256.png,snes_super_famicom/title_screen_art/parallel_pair_arabic/bold_arcade_arabic/egyptian_folklore_pixel/256x256/snes_super_famicom_title_screen_art_0322_256x256.json
snes_super_famicom_title_screen_art_0323_128x128,snes_super_famicom,title_screen_art,arabic_transliteration,3d_bevel_arabic,japanese_boxart_style,128x128,egyptian_folklore,border_framed,snes_super_famicom/title_screen_art/arabic_transliteration/3d_bevel_arabic/japanese_boxart_style/128x128/snes_super_famicom_title_screen_art_0323_128x128.png,snes_super_famicom/title_screen_art/arabic_transliteration/3d_bevel_arabic/japanese_boxart_style/128x128/snes_super_famicom_title_screen_art_0323_128x128.json
snes_super_famicom_title_screen_art_0323_256x256,snes_super_famicom,title_screen_art,arabic_transliteration,3d_bevel_arabic,japanese_boxart_style,256x256,egyptian_folklore,border_framed,snes_super_famicom/title_screen_art/arabic_transliteration/3d_bevel_arabic/japanese_boxart_style/256x256/snes_super_famicom_title_screen_art_0323_256x256.png,snes_super_famicom/title_screen_art/arabic_transliteration/3d_bevel_arabic/japanese_boxart_style/256x256/snes_super_famicom_title_screen_art_0323_256x256.json
snes_super_famicom_title_screen_art_0324_128x128,snes_super_famicom,title_screen_art,arabic_subtitle,neon_glitch_arabic,western_boxart_style,128x128,post_apocalyptic,center_title_large,snes_super_famicom/title_screen_art/arabic_subtitle/neon_glitch_arabic/western_boxart_style/128x128/snes_super_famicom_title_screen_art_0324_128x128.png,snes_super_famicom/title_screen_art/arabic_subtitle/neon_glitch_arabic/western_boxart_style/128x128/snes_super_famicom_title_screen_art_0324_128x128.json
snes_super_famicom_title_screen_art_0324_256x256,snes_super_famicom,title_screen_art,arabic_subtitle,neon_glitch_arabic,western_boxart_style,256x256,post_apocalyptic,center_title_large,snes_super_famicom/title_screen_art/arabic_subtitle/neon_glitch_arabic/western_boxart_style/256x256/snes_super_famicom_title_screen_art_0324_256x256.png,snes_super_famicom/title_screen_art/arabic_subtitle/neon_glitch_arabic/western_boxart_style/256x256/snes_super_famicom_title_screen_art_0324_256x256.json
snes_super_famicom_arcade_marquee_0325_128x128,snes_super_famicom,arcade_marquee,arabic_only,fantasy_ornate_arabic,monochrome_dmg,128x128,platformer,top_title_hero_bottom,snes_super_famicom/arcade_marquee/arabic_only/fantasy_ornate_arabic/monochrome_dmg/128x128/snes_super_famicom_arcade_marquee_0325_128x128.png,snes_super_famicom/arcade_marquee/arabic_only/fantasy_ornate_arabic/monochrome_dmg/128x128/snes_super_famicom_arcade_marquee_0325_128x128.json
snes_super_famicom_arcade_marquee_0325_256x256,snes_super_famicom,arcade_marquee,arabic_only,fantasy_ornate_arabic,monochrome_dmg,256x256,platformer,top_title_hero_bottom,snes_super_famicom/arcade_marquee/arabic_only/fantasy_ornate_arabic/monochrome_dmg/256x256/snes_super_famicom_arcade_marquee_0325_256x256.png,snes_super_famicom/arcade_marquee/arabic_only/fantasy_ornate_arabic/monochrome_dmg/256x256/snes_super_famicom_arcade_marquee_0325_256x256.json
snes_super_famicom_arcade_marquee_0326_128x128,snes_super_famicom,arcade_marquee,bilingual_arabic_primary,retro_8bit_arabic,retro_8bit_nes,128x128,action_adventure,bottom_title_scene_top,snes_super_famicom/arcade_marquee/bilingual_arabic_primary/retro_8bit_arabic/retro_8bit_nes/128x128/snes_super_famicom_arcade_marquee_0326_128x128.png,snes_super_famicom/arcade_marquee/bilingual_arabic_primary/retro_8bit_arabic/retro_8bit_nes/128x128/snes_super_famicom_arcade_marquee_0326_128x128.json
snes_super_famicom_arcade_marquee_0326_256x256,snes_super_famicom,arcade_marquee,bilingual_arabic_primary,retro_8bit_arabic,retro_8bit_nes,256x256,action_adventure,bottom_title_scene_top,snes_super_famicom/arcade_marquee/bilingual_arabic_primary/retro_8bit_arabic/retro_8bit_nes/256x256/snes_super_famicom_arcade_marquee_0326_256x256.png,snes_super_famicom/arcade_marquee/bilingual_arabic_primary/retro_8bit_arabic/retro_8bit_nes/256x256/snes_super_famicom_arcade_marquee_0326_256x256.json
snes_super_famicom_arcade_marquee_0327_128x128,snes_super_famicom,arcade_marquee,bilingual_english_primary,metallic_chrome_arabic,retro_16bit_snes_genesis,128x128,fighting_game,grid_framed_boxart,snes_super_famicom/arcade_marquee/bilingual_english_primary/metallic_chrome_arabic/retro_16bit_snes_genesis/128x128/snes_super_famicom_arcade_marquee_0327_128x128.png,snes_super_famicom/arcade_marquee/bilingual_english_primary/metallic_chrome_arabic/retro_16bit_snes_genesis/128x128/snes_super_famicom_arcade_marquee_0327_128x128.json
snes_super_famicom_arcade_marquee_0327_256x256,snes_super_famicom,arcade_marquee,bilingual_english_primary,metallic_chrome_arabic,retro_16bit_snes_genesis,256x256,fighting_game,grid_framed_boxart,snes_super_famicom/arcade_marquee/bilingual_english_primary/metallic_chrome_arabic/retro_16bit_snes_genesis/256x256/snes_super_famicom_arcade_marquee_0327_256x256.png,snes_super_famicom/arcade_marquee/bilingual_english_primary/metallic_chrome_arabic/retro_16bit_snes_genesis/256x256/snes_super_famicom_arcade_marquee_0327_256x256.json
snes_super_famicom_arcade_marquee_0328_128x128,snes_super_famicom,arcade_marquee,parallel_pair_arabic,pixel_thuluth_display,arcade_vibrant,128x128,rpg_fantasy,black_border_nes,snes_super_famicom/arcade_marquee/parallel_pair_arabic/pixel_thuluth_display/arcade_vibrant/128x128/snes_super_famicom_arcade_marquee_0328_128x128.png,snes_super_famicom/arcade_marquee/parallel_pair_arabic/pixel_thuluth_display/arcade_vibrant/128x128/snes_super_famicom_arcade_marquee_0328_128x128.json
snes_super_famicom_arcade_marquee_0328_256x256,snes_super_famicom,arcade_marquee,parallel_pair_arabic,pixel_thuluth_display,arcade_vibrant,256x256,rpg_fantasy,black_border_nes,snes_super_famicom/arcade_marquee/parallel_pair_arabic/pixel_thuluth_display/arcade_vibrant/256x256/snes_super_famicom_arcade_marquee_0328_256x256.png,snes_super_famicom/arcade_marquee/parallel_pair_arabic/pixel_thuluth_display/arcade_vibrant/256x256/snes_super_famicom_arcade_marquee_0328_256x256.json
snes_super_famicom_arcade_marquee_0329_128x128,snes_super_famicom,arcade_marquee,arabic_transliteration,pixel_calligraffiti,retro_synthwave_80s,128x128,shoot_em_up,diagonal_arcade_badge,snes_super_famicom/arcade_marquee/arabic_transliteration/pixel_calligraffiti/retro_synthwave_80s/128x128/snes_super_famicom_arcade_marquee_0329_128x128.png,snes_super_famicom/arcade_marquee/arabic_transliteration/pixel_calligraffiti/retro_synthwave_80s/128x128/snes_super_famicom_arcade_marquee_0329_128x128.json
snes_super_famicom_arcade_marquee_0329_256x256,snes_super_famicom,arcade_marquee,arabic_transliteration,pixel_calligraffiti,retro_synthwave_80s,256x256,shoot_em_up,diagonal_arcade_badge,snes_super_famicom/arcade_marquee/arabic_transliteration/pixel_calligraffiti/retro_synthwave_80s/256x256/snes_super_famicom_arcade_marquee_0329_256x256.png,snes_super_famicom/arcade_marquee/arabic_transliteration/pixel_calligraffiti/retro_synthwave_80s/256x256/snes_super_famicom_arcade_marquee_0329_256x256.json
snes_super_famicom_arcade_marquee_0330_128x128,snes_super_famicom,arcade_marquee,arabic_subtitle,pixel_kufic_geometric,constructivist_arcade,128x128,racing_sports,centered_emblem,snes_super_famicom/arcade_marquee/arabic_subtitle/pixel_kufic_geometric/constructivist_arcade/128x128/snes_super_famicom_arcade_marquee_0330_128x128.png,snes_super_famicom/arcade_marquee/arabic_subtitle/pixel_kufic_geometric/constructivist_arcade/128x128/snes_super_famicom_arcade_marquee_0330_128x128.json
snes_super_famicom_arcade_marquee_0330_256x256,snes_super_famicom,arcade_marquee,arabic_subtitle,pixel_kufic_geometric,constructivist_arcade,256x256,racing_sports,centered_emblem,snes_super_famicom/arcade_marquee/arabic_subtitle/pixel_kufic_geometric/constructivist_arcade/256x256/snes_super_famicom_arcade_marquee_0330_256x256.png,snes_super_famicom/arcade_marquee/arabic_subtitle/pixel_kufic_geometric/constructivist_arcade/256x256/snes_super_famicom_arcade_marquee_0330_256x256.json
snes_super_famicom_cartridge_label_0331_128x128,snes_super_famicom,cartridge_label,arabic_only,pixel_ruqah_fast,dark_fantasy_gothic,128x128,horror_survival,split_bilingual_layout,snes_super_famicom/cartridge_label/arabic_only/pixel_ruqah_fast/dark_fantasy_gothic/128x128/snes_super_famicom_cartridge_label_0331_128x128.png,snes_super_famicom/cartridge_label/arabic_only/pixel_ruqah_fast/dark_fantasy_gothic/128x128/snes_super_famicom_cartridge_label_0331_128x128.json
snes_super_famicom_cartridge_label_0331_256x256,snes_super_famicom,cartridge_label,arabic_only,pixel_ruqah_fast,dark_fantasy_gothic,256x256,horror_survival,split_bilingual_layout,snes_super_famicom/cartridge_label/arabic_only/pixel_ruqah_fast/dark_fantasy_gothic/256x256/snes_super_famicom_cartridge_label_0331_256x256.png,snes_super_famicom/cartridge_label/arabic_only/pixel_ruqah_fast/dark_fantasy_gothic/256x256/snes_super_famicom_cartridge_label_0331_256x256.json
snes_super_famicom_cartridge_label_0332_128x128,snes_super_famicom,cartridge_label,bilingual_arabic_primary,pixel_naskh_clean,pop_art_comic,128x128,beat_em_up,border_framed,snes_super_famicom/cartridge_label/bilingual_arabic_primary/pixel_naskh_clean/pop_art_comic/128x128/snes_super_famicom_cartridge_label_0332_128x128.png,snes_super_famicom/cartridge_label/bilingual_arabic_primary/pixel_naskh_clean/pop_art_comic/128x128/snes_super_famicom_cartridge_label_0332_128x128.json
snes_super_famicom_cartridge_label_0332_256x256,snes_super_famicom,cartridge_label,bilingual_arabic_primary,pixel_naskh_clean,pop_art_comic,256x256,beat_em_up,border_framed,snes_super_famicom/cartridge_label/bilingual_arabic_primary/pixel_naskh_clean/pop_art_comic/256x256/snes_super_famicom_cartridge_label_0332_256x256.png,snes_super_famicom/cartridge_label/bilingual_arabic_primary/pixel_naskh_clean/pop_art_comic/256x256/snes_super_famicom_cartridge_label_0332_256x256.json
snes_super_famicom_cartridge_label_0333_128x128,snes_super_famicom,cartridge_label,bilingual_english_primary,bold_arcade_arabic,cyberpunk_neon_dystopian,128x128,puzzle_strategy,center_title_large,snes_super_famicom/cartridge_label/bilingual_english_primary/bold_arcade_arabic/cyberpunk_neon_dystopian/128x128/snes_super_famicom_cartridge_label_0333_128x128.png,snes_super_famicom/cartridge_label/bilingual_english_primary/bold_arcade_arabic/cyberpunk_neon_dystopian/128x128/snes_super_famicom_cartridge_label_0333_128x128.json
snes_super_famicom_cartridge_label_0333_256x256,snes_super_famicom,cartridge_label,bilingual_english_primary,bold_arcade_arabic,cyberpunk_neon_dystopian,256x256,puzzle_strategy,center_title_large,snes_super_famicom/cartridge_label/bilingual_english_primary/bold_arcade_arabic/cyberpunk_neon_dystopian/256x256/snes_super_famicom_cartridge_label_0333_256x256.png,snes_super_famicom/cartridge_label/bilingual_english_primary/bold_arcade_arabic/cyberpunk_neon_dystopian/256x256/snes_super_famicom_cartridge_label_0333_256x256.json
snes_super_famicom_cartridge_label_0334_128x128,snes_super_famicom,cartridge_label,parallel_pair_arabic,3d_bevel_arabic,minimalist_pixel_poster,128x128,sci_fi_cyberpunk,top_title_hero_bottom,snes_super_famicom/cartridge_label/parallel_pair_arabic/3d_bevel_arabic/minimalist_pixel_poster/128x128/snes_super_famicom_cartridge_label_0334_128x128.png,snes_super_famicom/cartridge_label/parallel_pair_arabic/3d_bevel_arabic/minimalist_pixel_poster/128x128/snes_super_famicom_cartridge_label_0334_128x128.json
snes_super_famicom_cartridge_label_0334_256x256,snes_super_famicom,cartridge_label,parallel_pair_arabic,3d_bevel_arabic,minimalist_pixel_poster,256x256,sci_fi_cyberpunk,top_title_hero_bottom,snes_super_famicom/cartridge_label/parallel_pair_arabic/3d_bevel_arabic/minimalist_pixel_poster/256x256/snes_super_famicom_cartridge_label_0334_256x256.png,snes_super_famicom/cartridge_label/parallel_pair_arabic/3d_bevel_arabic/minimalist_pixel_poster/256x256/snes_super_famicom_cartridge_label_0334_256x256.json
snes_super_famicom_cartridge_label_0335_128x128,snes_super_famicom,cartridge_label,arabic_transliteration,neon_glitch_arabic,egyptian_folklore_pixel,128x128,historical_medieval,bottom_title_scene_top,snes_super_famicom/cartridge_label/arabic_transliteration/neon_glitch_arabic/egyptian_folklore_pixel/128x128/snes_super_famicom_cartridge_label_0335_128x128.png,snes_super_famicom/cartridge_label/arabic_transliteration/neon_glitch_arabic/egyptian_folklore_pixel/128x128/snes_super_famicom_cartridge_label_0335_128x128.json
snes_super_famicom_cartridge_label_0335_256x256,snes_super_famicom,cartridge_label,arabic_transliteration,neon_glitch_arabic,egyptian_folklore_pixel,256x256,historical_medieval,bottom_title_scene_top,snes_super_famicom/cartridge_label/arabic_transliteration/neon_glitch_arabic/egyptian_folklore_pixel/256x256/snes_super_famicom_cartridge_label_0335_256x256.png,snes_super_famicom/cartridge_label/arabic_transliteration/neon_glitch_arabic/egyptian_folklore_pixel/256x256/snes_super_famicom_cartridge_label_0335_256x256.json
snes_super_famicom_cartridge_label_0336_128x128,snes_super_famicom,cartridge_label,arabic_subtitle,fantasy_ornate_arabic,japanese_boxart_style,128x128,egyptian_folklore,grid_framed_boxart,snes_super_famicom/cartridge_label/arabic_subtitle/fantasy_ornate_arabic/japanese_boxart_style/128x128/snes_super_famicom_cartridge_label_0336_128x128.png,snes_super_famicom/cartridge_label/arabic_subtitle/fantasy_ornate_arabic/japanese_boxart_style/128x128/snes_super_famicom_cartridge_label_0336_128x128.json
snes_super_famicom_cartridge_label_0336_256x256,snes_super_famicom,cartridge_label,arabic_subtitle,fantasy_ornate_arabic,japanese_boxart_style,256x256,egyptian_folklore,grid_framed_boxart,snes_super_famicom/cartridge_label/arabic_subtitle/fantasy_ornate_arabic/japanese_boxart_style/256x256/snes_super_famicom_cartridge_label_0336_256x256.png,snes_super_famicom/cartridge_label/arabic_subtitle/fantasy_ornate_arabic/japanese_boxart_style/256x256/snes_super_famicom_cartridge_label_0336_256x256.json
snes_super_famicom_full_game_poster_0337_128x128,snes_super_famicom,full_game_poster,arabic_only,retro_8bit_arabic,western_boxart_style,128x128,post_apocalyptic,black_border_nes,snes_super_famicom/full_game_poster/arabic_only/retro_8bit_arabic/western_boxart_style/128x128/snes_super_famicom_full_game_poster_0337_128x128.png,snes_super_famicom/full_game_poster/arabic_only/retro_8bit_arabic/western_boxart_style/128x128/snes_super_famicom_full_game_poster_0337_128x128.json
snes_super_famicom_full_game_poster_0337_256x256,snes_super_famicom,full_game_poster,arabic_only,retro_8bit_arabic,western_boxart_style,256x256,post_apocalyptic,black_border_nes,snes_super_famicom/full_game_poster/arabic_only/retro_8bit_arabic/western_boxart_style/256x256/snes_super_famicom_full_game_poster_0337_256x256.png,snes_super_famicom/full_game_poster/arabic_only/retro_8bit_arabic/western_boxart_style/256x256/snes_super_famicom_full_game_poster_0337_256x256.json
snes_super_famicom_full_game_poster_0338_128x128,snes_super_famicom,full_game_poster,bilingual_arabic_primary,metallic_chrome_arabic,monochrome_dmg,128x128,platformer,diagonal_arcade_badge,snes_super_famicom/full_game_poster/bilingual_arabic_primary/metallic_chrome_arabic/monochrome_dmg/128x128/snes_super_famicom_full_game_poster_0338_128x128.png,snes_super_famicom/full_game_poster/bilingual_arabic_primary/metallic_chrome_arabic/monochrome_dmg/128x128/snes_super_famicom_full_game_poster_0338_128x128.json
snes_super_famicom_full_game_poster_0338_256x256,snes_super_famicom,full_game_poster,bilingual_arabic_primary,metallic_chrome_arabic,monochrome_dmg,256x256,platformer,diagonal_arcade_badge,snes_super_famicom/full_game_poster/bilingual_arabic_primary/metallic_chrome_arabic/monochrome_dmg/256x256/snes_super_famicom_full_game_poster_0338_256x256.png,snes_super_famicom/full_game_poster/bilingual_arabic_primary/metallic_chrome_arabic/monochrome_dmg/256x256/snes_super_famicom_full_game_poster_0338_256x256.json
snes_super_famicom_full_game_poster_0339_128x128,snes_super_famicom,full_game_poster,bilingual_english_primary,pixel_thuluth_display,retro_8bit_nes,128x128,action_adventure,centered_emblem,snes_super_famicom/full_game_poster/bilingual_english_primary/pixel_thuluth_display/retro_8bit_nes/128x128/snes_super_famicom_full_game_poster_0339_128x128.png,snes_super_famicom/full_game_poster/bilingual_english_primary/pixel_thuluth_display/retro_8bit_nes/128x128/snes_super_famicom_full_game_poster_0339_128x128.json
snes_super_famicom_full_game_poster_0339_256x256,snes_super_famicom,full_game_poster,bilingual_english_primary,pixel_thuluth_display,retro_8bit_nes,256x256,action_adventure,centered_emblem,snes_super_famicom/full_game_poster/bilingual_english_primary/pixel_thuluth_display/retro_8bit_nes/256x256/snes_super_famicom_full_game_poster_0339_256x256.png,snes_super_famicom/full_game_poster/bilingual_english_primary/pixel_thuluth_display/retro_8bit_nes/256x256/snes_super_famicom_full_game_poster_0339_256x256.json
snes_super_famicom_full_game_poster_0340_128x128,snes_super_famicom,full_game_poster,parallel_pair_arabic,pixel_calligraffiti,retro_16bit_snes_genesis,128x128,fighting_game,split_bilingual_layout,snes_super_famicom/full_game_poster/parallel_pair_arabic/pixel_calligraffiti/retro_16bit_snes_genesis/128x128/snes_super_famicom_full_game_poster_0340_128x128.png,snes_super_famicom/full_game_poster/parallel_pair_arabic/pixel_calligraffiti/retro_16bit_snes_genesis/128x128/snes_super_famicom_full_game_poster_0340_128x128.json
snes_super_famicom_full_game_poster_0340_256x256,snes_super_famicom,full_game_poster,parallel_pair_arabic,pixel_calligraffiti,retro_16bit_snes_genesis,256x256,fighting_game,split_bilingual_layout,snes_super_famicom/full_game_poster/parallel_pair_arabic/pixel_calligraffiti/retro_16bit_snes_genesis/256x256/snes_super_famicom_full_game_poster_0340_256x256.png,snes_super_famicom/full_game_poster/parallel_pair_arabic/pixel_calligraffiti/retro_16bit_snes_genesis/256x256/snes_super_famicom_full_game_poster_0340_256x256.json
snes_super_famicom_full_game_poster_0341_128x128,snes_super_famicom,full_game_poster,arabic_transliteration,pixel_kufic_geometric,arcade_vibrant,128x128,rpg_fantasy,border_framed,snes_super_famicom/full_game_poster/arabic_transliteration/pixel_kufic_geometric/arcade_vibrant/128x128/snes_super_famicom_full_game_poster_0341_128x128.png,snes_super_famicom/full_game_poster/arabic_transliteration/pixel_kufic_geometric/arcade_vibrant/128x128/snes_super_famicom_full_game_poster_0341_128x128.json
snes_super_famicom_full_game_poster_0341_256x256,snes_super_famicom,full_game_poster,arabic_transliteration,pixel_kufic_geometric,arcade_vibrant,256x256,rpg_fantasy,border_framed,snes_super_famicom/full_game_poster/arabic_transliteration/pixel_kufic_geometric/arcade_vibrant/256x256/snes_super_famicom_full_game_poster_0341_256x256.png,snes_super_famicom/full_game_poster/arabic_transliteration/pixel_kufic_geometric/arcade_vibrant/256x256/snes_super_famicom_full_game_poster_0341_256x256.json
snes_super_famicom_full_game_poster_0342_128x128,snes_super_famicom,full_game_poster,arabic_subtitle,pixel_ruqah_fast,retro_synthwave_80s,128x128,shoot_em_up,center_title_large,snes_super_famicom/full_game_poster/arabic_subtitle/pixel_ruqah_fast/retro_synthwave_80s/128x128/snes_super_famicom_full_game_poster_0342_128x128.png,snes_super_famicom/full_game_poster/arabic_subtitle/pixel_ruqah_fast/retro_synthwave_80s/128x128/snes_super_famicom_full_game_poster_0342_128x128.json
snes_super_famicom_full_game_poster_0342_256x256,snes_super_famicom,full_game_poster,arabic_subtitle,pixel_ruqah_fast,retro_synthwave_80s,256x256,shoot_em_up,center_title_large,snes_super_famicom/full_game_poster/arabic_subtitle/pixel_ruqah_fast/retro_synthwave_80s/256x256/snes_super_famicom_full_game_poster_0342_256x256.png,snes_super_famicom/full_game_poster/arabic_subtitle/pixel_ruqah_fast/retro_synthwave_80s/256x256/snes_super_famicom_full_game_poster_0342_256x256.json
snes_super_famicom_promo_flyer_0343_128x128,snes_super_famicom,promo_flyer,arabic_only,pixel_naskh_clean,constructivist_arcade,128x128,racing_sports,top_title_hero_bottom,snes_super_famicom/promo_flyer/arabic_only/pixel_naskh_clean/constructivist_arcade/128x128/snes_super_famicom_promo_flyer_0343_128x128.png,snes_super_famicom/promo_flyer/arabic_only/pixel_naskh_clean/constructivist_arcade/128x128/snes_super_famicom_promo_flyer_0343_128x128.json
snes_super_famicom_promo_flyer_0343_256x256,snes_super_famicom,promo_flyer,arabic_only,pixel_naskh_clean,constructivist_arcade,256x256,racing_sports,top_title_hero_bottom,snes_super_famicom/promo_flyer/arabic_only/pixel_naskh_clean/constructivist_arcade/256x256/snes_super_famicom_promo_flyer_0343_256x256.png,snes_super_famicom/promo_flyer/arabic_only/pixel_naskh_clean/constructivist_arcade/256x256/snes_super_famicom_promo_flyer_0343_256x256.json
snes_super_famicom_promo_flyer_0344_128x128,snes_super_famicom,promo_flyer,bilingual_arabic_primary,bold_arcade_arabic,dark_fantasy_gothic,128x128,horror_survival,bottom_title_scene_top,snes_super_famicom/promo_flyer/bilingual_arabic_primary/bold_arcade_arabic/dark_fantasy_gothic/128x128/snes_super_famicom_promo_flyer_0344_128x128.png,snes_super_famicom/promo_flyer/bilingual_arabic_primary/bold_arcade_arabic/dark_fantasy_gothic/128x128/snes_super_famicom_promo_flyer_0344_128x128.json
snes_super_famicom_promo_flyer_0344_256x256,snes_super_famicom,promo_flyer,bilingual_arabic_primary,bold_arcade_arabic,dark_fantasy_gothic,256x256,horror_survival,bottom_title_scene_top,snes_super_famicom/promo_flyer/bilingual_arabic_primary/bold_arcade_arabic/dark_fantasy_gothic/256x256/snes_super_famicom_promo_flyer_0344_256x256.png,snes_super_famicom/promo_flyer/bilingual_arabic_primary/bold_arcade_arabic/dark_fantasy_gothic/256x256/snes_super_famicom_promo_flyer_0344_256x256.json
snes_super_famicom_promo_flyer_0345_128x128,snes_super_famicom,promo_flyer,bilingual_english_primary,3d_bevel_arabic,pop_art_comic,128x128,beat_em_up,grid_framed_boxart,snes_super_famicom/promo_flyer/bilingual_english_primary/3d_bevel_arabic/pop_art_comic/128x128/snes_super_famicom_promo_flyer_0345_128x128.png,snes_super_famicom/promo_flyer/bilingual_english_primary/3d_bevel_arabic/pop_art_comic/128x128/snes_super_famicom_promo_flyer_0345_128x128.json
snes_super_famicom_promo_flyer_0345_256x256,snes_super_famicom,promo_flyer,bilingual_english_primary,3d_bevel_arabic,pop_art_comic,256x256,beat_em_up,grid_framed_boxart,snes_super_famicom/promo_flyer/bilingual_english_primary/3d_bevel_arabic/pop_art_comic/256x256/snes_super_famicom_promo_flyer_0345_256x256.png,snes_super_famicom/promo_flyer/bilingual_english_primary/3d_bevel_arabic/pop_art_comic/256x256/snes_super_famicom_promo_flyer_0345_256x256.json
snes_super_famicom_promo_flyer_0346_128x128,snes_super_famicom,promo_flyer,parallel_pair_arabic,neon_glitch_arabic,cyberpunk_neon_dystopian,128x128,puzzle_strategy,black_border_nes,snes_super_famicom/promo_flyer/parallel_pair_arabic/neon_glitch_arabic/cyberpunk_neon_dystopian/128x128/snes_super_famicom_promo_flyer_0346_128x128.png,snes_super_famicom/promo_flyer/parallel_pair_arabic/neon_glitch_arabic/cyberpunk_neon_dystopian/128x128/snes_super_famicom_promo_flyer_0346_128x128.json
snes_super_famicom_promo_flyer_0346_256x256,snes_super_famicom,promo_flyer,parallel_pair_arabic,neon_glitch_arabic,cyberpunk_neon_dystopian,256x256,puzzle_strategy,black_border_nes,snes_super_famicom/promo_flyer/parallel_pair_arabic/neon_glitch_arabic/cyberpunk_neon_dystopian/256x256/snes_super_famicom_promo_flyer_0346_256x256.png,snes_super_famicom/promo_flyer/parallel_pair_arabic/neon_glitch_arabic/cyberpunk_neon_dystopian/256x256/snes_super_famicom_promo_flyer_0346_256x256.json
snes_super_famicom_promo_flyer_0347_128x128,snes_super_famicom,promo_flyer,arabic_transliteration,fantasy_ornate_arabic,minimalist_pixel_poster,128x128,sci_fi_cyberpunk,diagonal_arcade_badge,snes_super_famicom/promo_flyer/arabic_transliteration/fantasy_ornate_arabic/minimalist_pixel_poster/128x128/snes_super_famicom_promo_flyer_0347_128x128.png,snes_super_famicom/promo_flyer/arabic_transliteration/fantasy_ornate_arabic/minimalist_pixel_poster/128x128/snes_super_famicom_promo_flyer_0347_128x128.json
snes_super_famicom_promo_flyer_0347_256x256,snes_super_famicom,promo_flyer,arabic_transliteration,fantasy_ornate_arabic,minimalist_pixel_poster,256x256,sci_fi_cyberpunk,diagonal_arcade_badge,snes_super_famicom/promo_flyer/arabic_transliteration/fantasy_ornate_arabic/minimalist_pixel_poster/256x256/snes_super_famicom_promo_flyer_0347_256x256.png,snes_super_famicom/promo_flyer/arabic_transliteration/fantasy_ornate_arabic/minimalist_pixel_poster/256x256/snes_super_famicom_promo_flyer_0347_256x256.json
snes_super_famicom_promo_flyer_0348_128x128,snes_super_famicom,promo_flyer,arabic_subtitle,retro_8bit_arabic,egyptian_folklore_pixel,128x128,historical_medieval,centered_emblem,snes_super_famicom/promo_flyer/arabic_subtitle/retro_8bit_arabic/egyptian_folklore_pixel/128x128/snes_super_famicom_promo_flyer_0348_128x128.png,snes_super_famicom/promo_flyer/arabic_subtitle/retro_8bit_arabic/egyptian_folklore_pixel/128x128/snes_super_famicom_promo_flyer_0348_128x128.json
snes_super_famicom_promo_flyer_0348_256x256,snes_super_famicom,promo_flyer,arabic_subtitle,retro_8bit_arabic,egyptian_folklore_pixel,256x256,historical_medieval,centered_emblem,snes_super_famicom/promo_flyer/arabic_subtitle/retro_8bit_arabic/egyptian_folklore_pixel/256x256/snes_super_famicom_promo_flyer_0348_256x256.png,snes_super_famicom/promo_flyer/arabic_subtitle/retro_8bit_arabic/egyptian_folklore_pixel/256x256/snes_super_famicom_promo_flyer_0348_256x256.json
snes_super_famicom_arabic_title_logo_0349_128x128,snes_super_famicom,arabic_title_logo,arabic_only,metallic_chrome_arabic,japanese_boxart_style,128x128,egyptian_folklore,split_bilingual_layout,snes_super_famicom/arabic_title_logo/arabic_only/metallic_chrome_arabic/japanese_boxart_style/128x128/snes_super_famicom_arabic_title_logo_0349_128x128.png,snes_super_famicom/arabic_title_logo/arabic_only/metallic_chrome_arabic/japanese_boxart_style/128x128/snes_super_famicom_arabic_title_logo_0349_128x128.json
snes_super_famicom_arabic_title_logo_0349_256x256,snes_super_famicom,arabic_title_logo,arabic_only,metallic_chrome_arabic,japanese_boxart_style,256x256,egyptian_folklore,split_bilingual_layout,snes_super_famicom/arabic_title_logo/arabic_only/metallic_chrome_arabic/japanese_boxart_style/256x256/snes_super_famicom_arabic_title_logo_0349_256x256.png,snes_super_famicom/arabic_title_logo/arabic_only/metallic_chrome_arabic/japanese_boxart_style/256x256/snes_super_famicom_arabic_title_logo_0349_256x256.json
snes_super_famicom_arabic_title_logo_0350_128x128,snes_super_famicom,arabic_title_logo,bilingual_arabic_primary,pixel_thuluth_display,western_boxart_style,128x128,post_apocalyptic,border_framed,snes_super_famicom/arabic_title_logo/bilingual_arabic_primary/pixel_thuluth_display/western_boxart_style/128x128/snes_super_famicom_arabic_title_logo_0350_128x128.png,snes_super_famicom/arabic_title_logo/bilingual_arabic_primary/pixel_thuluth_display/western_boxart_style/128x128/snes_super_famicom_arabic_title_logo_0350_128x128.json
snes_super_famicom_arabic_title_logo_0350_256x256,snes_super_famicom,arabic_title_logo,bilingual_arabic_primary,pixel_thuluth_display,western_boxart_style,256x256,post_apocalyptic,border_framed,snes_super_famicom/arabic_title_logo/bilingual_arabic_primary/pixel_thuluth_display/western_boxart_style/256x256/snes_super_famicom_arabic_title_logo_0350_256x256.png,snes_super_famicom/arabic_title_logo/bilingual_arabic_primary/pixel_thuluth_display/western_boxart_style/256x256/snes_super_famicom_arabic_title_logo_0350_256x256.json
snes_super_famicom_arabic_title_logo_0351_128x128,snes_super_famicom,arabic_title_logo,bilingual_english_primary,pixel_calligraffiti,monochrome_dmg,128x128,platformer,center_title_large,snes_super_famicom/arabic_title_logo/bilingual_english_primary/pixel_calligraffiti/monochrome_dmg/128x128/snes_super_famicom_arabic_title_logo_0351_128x128.png,snes_super_famicom/arabic_title_logo/bilingual_english_primary/pixel_calligraffiti/monochrome_dmg/128x128/snes_super_famicom_arabic_title_logo_0351_128x128.json
snes_super_famicom_arabic_title_logo_0351_256x256,snes_super_famicom,arabic_title_logo,bilingual_english_primary,pixel_calligraffiti,monochrome_dmg,256x256,platformer,center_title_large,snes_super_famicom/arabic_title_logo/bilingual_english_primary/pixel_calligraffiti/monochrome_dmg/256x256/snes_super_famicom_arabic_title_logo_0351_256x256.png,snes_super_famicom/arabic_title_logo/bilingual_english_primary/pixel_calligraffiti/monochrome_dmg/256x256/snes_super_famicom_arabic_title_logo_0351_256x256.json
snes_super_famicom_arabic_title_logo_0352_128x128,snes_super_famicom,arabic_title_logo,parallel_pair_arabic,pixel_kufic_geometric,retro_8bit_nes,128x128,action_adventure,top_title_hero_bottom,snes_super_famicom/arabic_title_logo/parallel_pair_arabic/pixel_kufic_geometric/retro_8bit_nes/128x128/snes_super_famicom_arabic_title_logo_0352_128x128.png,snes_super_famicom/arabic_title_logo/parallel_pair_arabic/pixel_kufic_geometric/retro_8bit_nes/128x128/snes_super_famicom_arabic_title_logo_0352_128x128.json
snes_super_famicom_arabic_title_logo_0352_256x256,snes_super_famicom,arabic_title_logo,parallel_pair_arabic,pixel_kufic_geometric,retro_8bit_nes,256x256,action_adventure,top_title_hero_bottom,snes_super_famicom/arabic_title_logo/parallel_pair_arabic/pixel_kufic_geometric/retro_8bit_nes/256x256/snes_super_famicom_arabic_title_logo_0352_256x256.png,snes_super_famicom/arabic_title_logo/parallel_pair_arabic/pixel_kufic_geometric/retro_8bit_nes/256x256/snes_super_famicom_arabic_title_logo_0352_256x256.json
snes_super_famicom_arabic_title_logo_0353_128x128,snes_super_famicom,arabic_title_logo,arabic_transliteration,pixel_ruqah_fast,retro_16bit_snes_genesis,128x128,fighting_game,bottom_title_scene_top,snes_super_famicom/arabic_title_logo/arabic_transliteration/pixel_ruqah_fast/retro_16bit_snes_genesis/128x128/snes_super_famicom_arabic_title_logo_0353_128x128.png,snes_super_famicom/arabic_title_logo/arabic_transliteration/pixel_ruqah_fast/retro_16bit_snes_genesis/128x128/snes_super_famicom_arabic_title_logo_0353_128x128.json
snes_super_famicom_arabic_title_logo_0353_256x256,snes_super_famicom,arabic_title_logo,arabic_transliteration,pixel_ruqah_fast,retro_16bit_snes_genesis,256x256,fighting_game,bottom_title_scene_top,snes_super_famicom/arabic_title_logo/arabic_transliteration/pixel_ruqah_fast/retro_16bit_snes_genesis/256x256/snes_super_famicom_arabic_title_logo_0353_256x256.png,snes_super_famicom/arabic_title_logo/arabic_transliteration/pixel_ruqah_fast/retro_16bit_snes_genesis/256x256/snes_super_famicom_arabic_title_logo_0353_256x256.json
snes_super_famicom_arabic_title_logo_0354_128x128,snes_super_famicom,arabic_title_logo,arabic_subtitle,pixel_naskh_clean,arcade_vibrant,128x128,rpg_fantasy,grid_framed_boxart,snes_super_famicom/arabic_title_logo/arabic_subtitle/pixel_naskh_clean/arcade_vibrant/128x128/snes_super_famicom_arabic_title_logo_0354_128x128.png,snes_super_famicom/arabic_title_logo/arabic_subtitle/pixel_naskh_clean/arcade_vibrant/128x128/snes_super_famicom_arabic_title_logo_0354_128x128.json
snes_super_famicom_arabic_title_logo_0354_256x256,snes_super_famicom,arabic_title_logo,arabic_subtitle,pixel_naskh_clean,arcade_vibrant,256x256,rpg_fantasy,grid_framed_boxart,snes_super_famicom/arabic_title_logo/arabic_subtitle/pixel_naskh_clean/arcade_vibrant/256x256/snes_super_famicom_arabic_title_logo_0354_256x256.png,snes_super_famicom/arabic_title_logo/arabic_subtitle/pixel_naskh_clean/arcade_vibrant/256x256/snes_super_famicom_arabic_title_logo_0354_256x256.json
snes_super_famicom_english_title_logo_0355_128x128,snes_super_famicom,english_title_logo,arabic_only,bold_arcade_arabic,retro_synthwave_80s,128x128,shoot_em_up,black_border_nes,snes_super_famicom/english_title_logo/arabic_only/bold_arcade_arabic/retro_synthwave_80s/128x128/snes_super_famicom_english_title_logo_0355_128x128.png,snes_super_famicom/english_title_logo/arabic_only/bold_arcade_arabic/retro_synthwave_80s/128x128/snes_super_famicom_english_title_logo_0355_128x128.json
snes_super_famicom_english_title_logo_0355_256x256,snes_super_famicom,english_title_logo,arabic_only,bold_arcade_arabic,retro_synthwave_80s,256x256,shoot_em_up,black_border_nes,snes_super_famicom/english_title_logo/arabic_only/bold_arcade_arabic/retro_synthwave_80s/256x256/snes_super_famicom_english_title_logo_0355_256x256.png,snes_super_famicom/english_title_logo/arabic_only/bold_arcade_arabic/retro_synthwave_80s/256x256/snes_super_famicom_english_title_logo_0355_256x256.json
snes_super_famicom_english_title_logo_0356_128x128,snes_super_famicom,english_title_logo,bilingual_arabic_primary,3d_bevel_arabic,constructivist_arcade,128x128,racing_sports,diagonal_arcade_badge,snes_super_famicom/english_title_logo/bilingual_arabic_primary/3d_bevel_arabic/constructivist_arcade/128x128/snes_super_famicom_english_title_logo_0356_128x128.png,snes_super_famicom/english_title_logo/bilingual_arabic_primary/3d_bevel_arabic/constructivist_arcade/128x128/snes_super_famicom_english_title_logo_0356_128x128.json
snes_super_famicom_english_title_logo_0356_256x256,snes_super_famicom,english_title_logo,bilingual_arabic_primary,3d_bevel_arabic,constructivist_arcade,256x256,racing_sports,diagonal_arcade_badge,snes_super_famicom/english_title_logo/bilingual_arabic_primary/3d_bevel_arabic/constructivist_arcade/256x256/snes_super_famicom_english_title_logo_0356_256x256.png,snes_super_famicom/english_title_logo/bilingual_arabic_primary/3d_bevel_arabic/constructivist_arcade/256x256/snes_super_famicom_english_title_logo_0356_256x256.json
snes_super_famicom_english_title_logo_0357_128x128,snes_super_famicom,english_title_logo,bilingual_english_primary,neon_glitch_arabic,dark_fantasy_gothic,128x128,horror_survival,centered_emblem,snes_super_famicom/english_title_logo/bilingual_english_primary/neon_glitch_arabic/dark_fantasy_gothic/128x128/snes_super_famicom_english_title_logo_0357_128x128.png,snes_super_famicom/english_title_logo/bilingual_english_primary/neon_glitch_arabic/dark_fantasy_gothic/128x128/snes_super_famicom_english_title_logo_0357_128x128.json
snes_super_famicom_english_title_logo_0357_256x256,snes_super_famicom,english_title_logo,bilingual_english_primary,neon_glitch_arabic,dark_fantasy_gothic,256x256,horror_survival,centered_emblem,snes_super_famicom/english_title_logo/bilingual_english_primary/neon_glitch_arabic/dark_fantasy_gothic/256x256/snes_super_famicom_english_title_logo_0357_256x256.png,snes_super_famicom/english_title_logo/bilingual_english_primary/neon_glitch_arabic/dark_fantasy_gothic/256x256/snes_super_famicom_english_title_logo_0357_256x256.json
snes_super_famicom_english_title_logo_0358_128x128,snes_super_famicom,english_title_logo,parallel_pair_arabic,fantasy_ornate_arabic,pop_art_comic,128x128,beat_em_up,split_bilingual_layout,snes_super_famicom/english_title_logo/parallel_pair_arabic/fantasy_ornate_arabic/pop_art_comic/128x128/snes_super_famicom_english_title_logo_0358_128x128.png,snes_super_famicom/english_title_logo/parallel_pair_arabic/fantasy_ornate_arabic/pop_art_comic/128x128/snes_super_famicom_english_title_logo_0358_128x128.json
snes_super_famicom_english_title_logo_0358_256x256,snes_super_famicom,english_title_logo,parallel_pair_arabic,fantasy_ornate_arabic,pop_art_comic,256x256,beat_em_up,split_bilingual_layout,snes_super_famicom/english_title_logo/parallel_pair_arabic/fantasy_ornate_arabic/pop_art_comic/256x256/snes_super_famicom_english_title_logo_0358_256x256.png,snes_super_famicom/english_title_logo/parallel_pair_arabic/fantasy_ornate_arabic/pop_art_comic/256x256/snes_super_famicom_english_title_logo_0358_256x256.json
snes_super_famicom_english_title_logo_0359_128x128,snes_super_famicom,english_title_logo,arabic_transliteration,retro_8bit_arabic,cyberpunk_neon_dystopian,128x128,puzzle_strategy,border_framed,snes_super_famicom/english_title_logo/arabic_transliteration/retro_8bit_arabic/cyberpunk_neon_dystopian/128x128/snes_super_famicom_english_title_logo_0359_128x128.png,snes_super_famicom/english_title_logo/arabic_transliteration/retro_8bit_arabic/cyberpunk_neon_dystopian/128x128/snes_super_famicom_english_title_logo_0359_128x128.json
snes_super_famicom_english_title_logo_0359_256x256,snes_super_famicom,english_title_logo,arabic_transliteration,retro_8bit_arabic,cyberpunk_neon_dystopian,256x256,puzzle_strategy,border_framed,snes_super_famicom/english_title_logo/arabic_transliteration/retro_8bit_arabic/cyberpunk_neon_dystopian/256x256/snes_super_famicom_english_title_logo_0359_256x256.png,snes_super_famicom/english_title_logo/arabic_transliteration/retro_8bit_arabic/cyberpunk_neon_dystopian/256x256/snes_super_famicom_english_title_logo_0359_256x256.json
snes_super_famicom_english_title_logo_0360_128x128,snes_super_famicom,english_title_logo,arabic_subtitle,metallic_chrome_arabic,minimalist_pixel_poster,128x128,sci_fi_cyberpunk,center_title_large,snes_super_famicom/english_title_logo/arabic_subtitle/metallic_chrome_arabic/minimalist_pixel_poster/128x128/snes_super_famicom_english_title_logo_0360_128x128.png,snes_super_famicom/english_title_logo/arabic_subtitle/metallic_chrome_arabic/minimalist_pixel_poster/128x128/snes_super_famicom_english_title_logo_0360_128x128.json
snes_super_famicom_english_title_logo_0360_256x256,snes_super_famicom,english_title_logo,arabic_subtitle,metallic_chrome_arabic,minimalist_pixel_poster,256x256,sci_fi_cyberpunk,center_title_large,snes_super_famicom/english_title_logo/arabic_subtitle/metallic_chrome_arabic/minimalist_pixel_poster/256x256/snes_super_famicom_english_title_logo_0360_256x256.png,snes_super_famicom/english_title_logo/arabic_subtitle/metallic_chrome_arabic/minimalist_pixel_poster/256x256/snes_super_famicom_english_title_logo_0360_256x256.json
snes_super_famicom_bilingual_title_logo_0361_128x128,snes_super_famicom,bilingual_title_logo,arabic_only,pixel_thuluth_display,egyptian_folklore_pixel,128x128,historical_medieval,top_title_hero_bottom,snes_super_famicom/bilingual_title_logo/arabic_only/pixel_thuluth_display/egyptian_folklore_pixel/128x128/snes_super_famicom_bilingual_title_logo_0361_128x128.png,snes_super_famicom/bilingual_title_logo/arabic_only/pixel_thuluth_display/egyptian_folklore_pixel/128x128/snes_super_famicom_bilingual_title_logo_0361_128x128.json
snes_super_famicom_bilingual_title_logo_0361_256x256,snes_super_famicom,bilingual_title_logo,arabic_only,pixel_thuluth_display,egyptian_folklore_pixel,256x256,historical_medieval,top_title_hero_bottom,snes_super_famicom/bilingual_title_logo/arabic_only/pixel_thuluth_display/egyptian_folklore_pixel/256x256/snes_super_famicom_bilingual_title_logo_0361_256x256.png,snes_super_famicom/bilingual_title_logo/arabic_only/pixel_thuluth_display/egyptian_folklore_pixel/256x256/snes_super_famicom_bilingual_title_logo_0361_256x256.json
snes_super_famicom_bilingual_title_logo_0362_128x128,snes_super_famicom,bilingual_title_logo,bilingual_arabic_primary,pixel_calligraffiti,japanese_boxart_style,128x128,egyptian_folklore,bottom_title_scene_top,snes_super_famicom/bilingual_title_logo/bilingual_arabic_primary/pixel_calligraffiti/japanese_boxart_style/128x128/snes_super_famicom_bilingual_title_logo_0362_128x128.png,snes_super_famicom/bilingual_title_logo/bilingual_arabic_primary/pixel_calligraffiti/japanese_boxart_style/128x128/snes_super_famicom_bilingual_title_logo_0362_128x128.json
snes_super_famicom_bilingual_title_logo_0362_256x256,snes_super_famicom,bilingual_title_logo,bilingual_arabic_primary,pixel_calligraffiti,japanese_boxart_style,256x256,egyptian_folklore,bottom_title_scene_top,snes_super_famicom/bilingual_title_logo/bilingual_arabic_primary/pixel_calligraffiti/japanese_boxart_style/256x256/snes_super_famicom_bilingual_title_logo_0362_256x256.png,snes_super_famicom/bilingual_title_logo/bilingual_arabic_primary/pixel_calligraffiti/japanese_boxart_style/256x256/snes_super_famicom_bilingual_title_logo_0362_256x256.json
snes_super_famicom_bilingual_title_logo_0363_128x128,snes_super_famicom,bilingual_title_logo,bilingual_english_primary,pixel_kufic_geometric,western_boxart_style,128x128,post_apocalyptic,grid_framed_boxart,snes_super_famicom/bilingual_title_logo/bilingual_english_primary/pixel_kufic_geometric/western_boxart_style/128x128/snes_super_famicom_bilingual_title_logo_0363_128x128.png,snes_super_famicom/bilingual_title_logo/bilingual_english_primary/pixel_kufic_geometric/western_boxart_style/128x128/snes_super_famicom_bilingual_title_logo_0363_128x128.json
snes_super_famicom_bilingual_title_logo_0363_256x256,snes_super_famicom,bilingual_title_logo,bilingual_english_primary,pixel_kufic_geometric,western_boxart_style,256x256,post_apocalyptic,grid_framed_boxart,snes_super_famicom/bilingual_title_logo/bilingual_english_primary/pixel_kufic_geometric/western_boxart_style/256x256/snes_super_famicom_bilingual_title_logo_0363_256x256.png,snes_super_famicom/bilingual_title_logo/bilingual_english_primary/pixel_kufic_geometric/western_boxart_style/256x256/snes_super_famicom_bilingual_title_logo_0363_256x256.json
snes_super_famicom_bilingual_title_logo_0364_128x128,snes_super_famicom,bilingual_title_logo,parallel_pair_arabic,pixel_ruqah_fast,monochrome_dmg,128x128,platformer,black_border_nes,snes_super_famicom/bilingual_title_logo/parallel_pair_arabic/pixel_ruqah_fast/monochrome_dmg/128x128/snes_super_famicom_bilingual_title_logo_0364_128x128.png,snes_super_famicom/bilingual_title_logo/parallel_pair_arabic/pixel_ruqah_fast/monochrome_dmg/128x128/snes_super_famicom_bilingual_title_logo_0364_128x128.json
snes_super_famicom_bilingual_title_logo_0364_256x256,snes_super_famicom,bilingual_title_logo,parallel_pair_arabic,pixel_ruqah_fast,monochrome_dmg,256x256,platformer,black_border_nes,snes_super_famicom/bilingual_title_logo/parallel_pair_arabic/pixel_ruqah_fast/monochrome_dmg/256x256/snes_super_famicom_bilingual_title_logo_0364_256x256.png,snes_super_famicom/bilingual_title_logo/parallel_pair_arabic/pixel_ruqah_fast/monochrome_dmg/256x256/snes_super_famicom_bilingual_title_logo_0364_256x256.json
snes_super_famicom_bilingual_title_logo_0365_128x128,snes_super_famicom,bilingual_title_logo,arabic_transliteration,pixel_naskh_clean,retro_8bit_nes,128x128,action_adventure,diagonal_arcade_badge,snes_super_famicom/bilingual_title_logo/arabic_transliteration/pixel_naskh_clean/retro_8bit_nes/128x128/snes_super_famicom_bilingual_title_logo_0365_128x128.png,snes_super_famicom/bilingual_title_logo/arabic_transliteration/pixel_naskh_clean/retro_8bit_nes/128x128/snes_super_famicom_bilingual_title_logo_0365_128x128.json
snes_super_famicom_bilingual_title_logo_0365_256x256,snes_super_famicom,bilingual_title_logo,arabic_transliteration,pixel_naskh_clean,retro_8bit_nes,256x256,action_adventure,diagonal_arcade_badge,snes_super_famicom/bilingual_title_logo/arabic_transliteration/pixel_naskh_clean/retro_8bit_nes/256x256/snes_super_famicom_bilingual_title_logo_0365_256x256.png,snes_super_famicom/bilingual_title_logo/arabic_transliteration/pixel_naskh_clean/retro_8bit_nes/256x256/snes_super_famicom_bilingual_title_logo_0365_256x256.json
snes_super_famicom_bilingual_title_logo_0366_128x128,snes_super_famicom,bilingual_title_logo,arabic_subtitle,bold_arcade_arabic,retro_16bit_snes_genesis,128x128,fighting_game,centered_emblem,snes_super_famicom/bilingual_title_logo/arabic_subtitle/bold_arcade_arabic/retro_16bit_snes_genesis/128x128/snes_super_famicom_bilingual_title_logo_0366_128x128.png,snes_super_famicom/bilingual_title_logo/arabic_subtitle/bold_arcade_arabic/retro_16bit_snes_genesis/128x128/snes_super_famicom_bilingual_title_logo_0366_128x128.json
snes_super_famicom_bilingual_title_logo_0366_256x256,snes_super_famicom,bilingual_title_logo,arabic_subtitle,bold_arcade_arabic,retro_16bit_snes_genesis,256x256,fighting_game,centered_emblem,snes_super_famicom/bilingual_title_logo/arabic_subtitle/bold_arcade_arabic/retro_16bit_snes_genesis/256x256/snes_super_famicom_bilingual_title_logo_0366_256x256.png,snes_super_famicom/bilingual_title_logo/arabic_subtitle/bold_arcade_arabic/retro_16bit_snes_genesis/256x256/snes_super_famicom_bilingual_title_logo_0366_256x256.json
snes_super_famicom_pixel_lettering_0367_128x128,snes_super_famicom,pixel_lettering,arabic_only,3d_bevel_arabic,arcade_vibrant,128x128,rpg_fantasy,split_bilingual_layout,snes_super_famicom/pixel_lettering/arabic_only/3d_bevel_arabic/arcade_vibrant/128x128/snes_super_famicom_pixel_lettering_0367_128x128.png,snes_super_famicom/pixel_lettering/arabic_only/3d_bevel_arabic/arcade_vibrant/128x128/snes_super_famicom_pixel_lettering_0367_128x128.json
snes_super_famicom_pixel_lettering_0367_256x256,snes_super_famicom,pixel_lettering,arabic_only,3d_bevel_arabic,arcade_vibrant,256x256,rpg_fantasy,split_bilingual_layout,snes_super_famicom/pixel_lettering/arabic_only/3d_bevel_arabic/arcade_vibrant/256x256/snes_super_famicom_pixel_lettering_0367_256x256.png,snes_super_famicom/pixel_lettering/arabic_only/3d_bevel_arabic/arcade_vibrant/256x256/snes_super_famicom_pixel_lettering_0367_256x256.json
snes_super_famicom_pixel_lettering_0368_128x128,snes_super_famicom,pixel_lettering,bilingual_arabic_primary,neon_glitch_arabic,retro_synthwave_80s,128x128,shoot_em_up,border_framed,snes_super_famicom/pixel_lettering/bilingual_arabic_primary/neon_glitch_arabic/retro_synthwave_80s/128x128/snes_super_famicom_pixel_lettering_0368_128x128.png,snes_super_famicom/pixel_lettering/bilingual_arabic_primary/neon_glitch_arabic/retro_synthwave_80s/128x128/snes_super_famicom_pixel_lettering_0368_128x128.json
snes_super_famicom_pixel_lettering_0368_256x256,snes_super_famicom,pixel_lettering,bilingual_arabic_primary,neon_glitch_arabic,retro_synthwave_80s,256x256,shoot_em_up,border_framed,snes_super_famicom/pixel_lettering/bilingual_arabic_primary/neon_glitch_arabic/retro_synthwave_80s/256x256/snes_super_famicom_pixel_lettering_0368_256x256.png,snes_super_famicom/pixel_lettering/bilingual_arabic_primary/neon_glitch_arabic/retro_synthwave_80s/256x256/snes_super_famicom_pixel_lettering_0368_256x256.json
snes_super_famicom_pixel_lettering_0369_128x128,snes_super_famicom,pixel_lettering,bilingual_english_primary,fantasy_ornate_arabic,constructivist_arcade,128x128,racing_sports,center_title_large,snes_super_famicom/pixel_lettering/bilingual_english_primary/fantasy_ornate_arabic/constructivist_arcade/128x128/snes_super_famicom_pixel_lettering_0369_128x128.png,snes_super_famicom/pixel_lettering/bilingual_english_primary/fantasy_ornate_arabic/constructivist_arcade/128x128/snes_super_famicom_pixel_lettering_0369_128x128.json
snes_super_famicom_pixel_lettering_0369_256x256,snes_super_famicom,pixel_lettering,bilingual_english_primary,fantasy_ornate_arabic,constructivist_arcade,256x256,racing_sports,center_title_large,snes_super_famicom/pixel_lettering/bilingual_english_primary/fantasy_ornate_arabic/constructivist_arcade/256x256/snes_super_famicom_pixel_lettering_0369_256x256.png,snes_super_famicom/pixel_lettering/bilingual_english_primary/fantasy_ornate_arabic/constructivist_arcade/256x256/snes_super_famicom_pixel_lettering_0369_256x256.json
snes_super_famicom_pixel_lettering_0370_128x128,snes_super_famicom,pixel_lettering,parallel_pair_arabic,retro_8bit_arabic,dark_fantasy_gothic,128x128,horror_survival,top_title_hero_bottom,snes_super_famicom/pixel_lettering/parallel_pair_arabic/retro_8bit_arabic/dark_fantasy_gothic/128x128/snes_super_famicom_pixel_lettering_0370_128x128.png,snes_super_famicom/pixel_lettering/parallel_pair_arabic/retro_8bit_arabic/dark_fantasy_gothic/128x128/snes_super_famicom_pixel_lettering_0370_128x128.json
snes_super_famicom_pixel_lettering_0370_256x256,snes_super_famicom,pixel_lettering,parallel_pair_arabic,retro_8bit_arabic,dark_fantasy_gothic,256x256,horror_survival,top_title_hero_bottom,snes_super_famicom/pixel_lettering/parallel_pair_arabic/retro_8bit_arabic/dark_fantasy_gothic/256x256/snes_super_famicom_pixel_lettering_0370_256x256.png,snes_super_famicom/pixel_lettering/parallel_pair_arabic/retro_8bit_arabic/dark_fantasy_gothic/256x256/snes_super_famicom_pixel_lettering_0370_256x256.json
snes_super_famicom_pixel_lettering_0371_128x128,snes_super_famicom,pixel_lettering,arabic_transliteration,metallic_chrome_arabic,pop_art_comic,128x128,beat_em_up,bottom_title_scene_top,snes_super_famicom/pixel_lettering/arabic_transliteration/metallic_chrome_arabic/pop_art_comic/128x128/snes_super_famicom_pixel_lettering_0371_128x128.png,snes_super_famicom/pixel_lettering/arabic_transliteration/metallic_chrome_arabic/pop_art_comic/128x128/snes_super_famicom_pixel_lettering_0371_128x128.json
snes_super_famicom_pixel_lettering_0371_256x256,snes_super_famicom,pixel_lettering,arabic_transliteration,metallic_chrome_arabic,pop_art_comic,256x256,beat_em_up,bottom_title_scene_top,snes_super_famicom/pixel_lettering/arabic_transliteration/metallic_chrome_arabic/pop_art_comic/256x256/snes_super_famicom_pixel_lettering_0371_256x256.png,snes_super_famicom/pixel_lettering/arabic_transliteration/metallic_chrome_arabic/pop_art_comic/256x256/snes_super_famicom_pixel_lettering_0371_256x256.json
snes_super_famicom_pixel_lettering_0372_128x128,snes_super_famicom,pixel_lettering,arabic_subtitle,pixel_thuluth_display,cyberpunk_neon_dystopian,128x128,puzzle_strategy,grid_framed_boxart,snes_super_famicom/pixel_lettering/arabic_subtitle/pixel_thuluth_display/cyberpunk_neon_dystopian/128x128/snes_super_famicom_pixel_lettering_0372_128x128.png,snes_super_famicom/pixel_lettering/arabic_subtitle/pixel_thuluth_display/cyberpunk_neon_dystopian/128x128/snes_super_famicom_pixel_lettering_0372_128x128.json
snes_super_famicom_pixel_lettering_0372_256x256,snes_super_famicom,pixel_lettering,arabic_subtitle,pixel_thuluth_display,cyberpunk_neon_dystopian,256x256,puzzle_strategy,grid_framed_boxart,snes_super_famicom/pixel_lettering/arabic_subtitle/pixel_thuluth_display/cyberpunk_neon_dystopian/256x256/snes_super_famicom_pixel_lettering_0372_256x256.png,snes_super_famicom/pixel_lettering/arabic_subtitle/pixel_thuluth_display/cyberpunk_neon_dystopian/256x256/snes_super_famicom_pixel_lettering_0372_256x256.json
snes_super_famicom_game_over_screen_0373_128x128,snes_super_famicom,game_over_screen,arabic_only,pixel_calligraffiti,minimalist_pixel_poster,128x128,sci_fi_cyberpunk,black_border_nes,snes_super_famicom/game_over_screen/arabic_only/pixel_calligraffiti/minimalist_pixel_poster/128x128/snes_super_famicom_game_over_screen_0373_128x128.png,snes_super_famicom/game_over_screen/arabic_only/pixel_calligraffiti/minimalist_pixel_poster/128x128/snes_super_famicom_game_over_screen_0373_128x128.json
snes_super_famicom_game_over_screen_0373_256x256,snes_super_famicom,game_over_screen,arabic_only,pixel_calligraffiti,minimalist_pixel_poster,256x256,sci_fi_cyberpunk,black_border_nes,snes_super_famicom/game_over_screen/arabic_only/pixel_calligraffiti/minimalist_pixel_poster/256x256/snes_super_famicom_game_over_screen_0373_256x256.png,snes_super_famicom/game_over_screen/arabic_only/pixel_calligraffiti/minimalist_pixel_poster/256x256/snes_super_famicom_game_over_screen_0373_256x256.json
snes_super_famicom_game_over_screen_0374_128x128,snes_super_famicom,game_over_screen,bilingual_arabic_primary,pixel_kufic_geometric,egyptian_folklore_pixel,128x128,historical_medieval,diagonal_arcade_badge,snes_super_famicom/game_over_screen/bilingual_arabic_primary/pixel_kufic_geometric/egyptian_folklore_pixel/128x128/snes_super_famicom_game_over_screen_0374_128x128.png,snes_super_famicom/game_over_screen/bilingual_arabic_primary/pixel_kufic_geometric/egyptian_folklore_pixel/128x128/snes_super_famicom_game_over_screen_0374_128x128.json
snes_super_famicom_game_over_screen_0374_256x256,snes_super_famicom,game_over_screen,bilingual_arabic_primary,pixel_kufic_geometric,egyptian_folklore_pixel,256x256,historical_medieval,diagonal_arcade_badge,snes_super_famicom/game_over_screen/bilingual_arabic_primary/pixel_kufic_geometric/egyptian_folklore_pixel/256x256/snes_super_famicom_game_over_screen_0374_256x256.png,snes_super_famicom/game_over_screen/bilingual_arabic_primary/pixel_kufic_geometric/egyptian_folklore_pixel/256x256/snes_super_famicom_game_over_screen_0374_256x256.json
snes_super_famicom_game_over_screen_0375_128x128,snes_super_famicom,game_over_screen,bilingual_english_primary,pixel_ruqah_fast,japanese_boxart_style,128x128,egyptian_folklore,centered_emblem,snes_super_famicom/game_over_screen/bilingual_english_primary/pixel_ruqah_fast/japanese_boxart_style/128x128/snes_super_famicom_game_over_screen_0375_128x128.png,snes_super_famicom/game_over_screen/bilingual_english_primary/pixel_ruqah_fast/japanese_boxart_style/128x128/snes_super_famicom_game_over_screen_0375_128x128.json
snes_super_famicom_game_over_screen_0375_256x256,snes_super_famicom,game_over_screen,bilingual_english_primary,pixel_ruqah_fast,japanese_boxart_style,256x256,egyptian_folklore,centered_emblem,snes_super_famicom/game_over_screen/bilingual_english_primary/pixel_ruqah_fast/japanese_boxart_style/256x256/snes_super_famicom_game_over_screen_0375_256x256.png,snes_super_famicom/game_over_screen/bilingual_english_primary/pixel_ruqah_fast/japanese_boxart_style/256x256/snes_super_famicom_game_over_screen_0375_256x256.json
snes_super_famicom_game_over_screen_0376_128x128,snes_super_famicom,game_over_screen,parallel_pair_arabic,pixel_naskh_clean,western_boxart_style,128x128,post_apocalyptic,split_bilingual_layout,snes_super_famicom/game_over_screen/parallel_pair_arabic/pixel_naskh_clean/western_boxart_style/128x128/snes_super_famicom_game_over_screen_0376_128x128.png,snes_super_famicom/game_over_screen/parallel_pair_arabic/pixel_naskh_clean/western_boxart_style/128x128/snes_super_famicom_game_over_screen_0376_128x128.json
snes_super_famicom_game_over_screen_0376_256x256,snes_super_famicom,game_over_screen,parallel_pair_arabic,pixel_naskh_clean,western_boxart_style,256x256,post_apocalyptic,split_bilingual_layout,snes_super_famicom/game_over_screen/parallel_pair_arabic/pixel_naskh_clean/western_boxart_style/256x256/snes_super_famicom_game_over_screen_0376_256x256.png,snes_super_famicom/game_over_screen/parallel_pair_arabic/pixel_naskh_clean/western_boxart_style/256x256/snes_super_famicom_game_over_screen_0376_256x256.json
snes_super_famicom_game_over_screen_0377_128x128,snes_super_famicom,game_over_screen,arabic_transliteration,bold_arcade_arabic,monochrome_dmg,128x128,platformer,border_framed,snes_super_famicom/game_over_screen/arabic_transliteration/bold_arcade_arabic/monochrome_dmg/128x128/snes_super_famicom_game_over_screen_0377_128x128.png,snes_super_famicom/game_over_screen/arabic_transliteration/bold_arcade_arabic/monochrome_dmg/128x128/snes_super_famicom_game_over_screen_0377_128x128.json
snes_super_famicom_game_over_screen_0377_256x256,snes_super_famicom,game_over_screen,arabic_transliteration,bold_arcade_arabic,monochrome_dmg,256x256,platformer,border_framed,snes_super_famicom/game_over_screen/arabic_transliteration/bold_arcade_arabic/monochrome_dmg/256x256/snes_super_famicom_game_over_screen_0377_256x256.png,snes_super_famicom/game_over_screen/arabic_transliteration/bold_arcade_arabic/monochrome_dmg/256x256/snes_super_famicom_game_over_screen_0377_256x256.json
snes_super_famicom_game_over_screen_0378_128x128,snes_super_famicom,game_over_screen,arabic_subtitle,3d_bevel_arabic,retro_8bit_nes,128x128,action_adventure,center_title_large,snes_super_famicom/game_over_screen/arabic_subtitle/3d_bevel_arabic/retro_8bit_nes/128x128/snes_super_famicom_game_over_screen_0378_128x128.png,snes_super_famicom/game_over_screen/arabic_subtitle/3d_bevel_arabic/retro_8bit_nes/128x128/snes_super_famicom_game_over_screen_0378_128x128.json
snes_super_famicom_game_over_screen_0378_256x256,snes_super_famicom,game_over_screen,arabic_subtitle,3d_bevel_arabic,retro_8bit_nes,256x256,action_adventure,center_title_large,snes_super_famicom/game_over_screen/arabic_subtitle/3d_bevel_arabic/retro_8bit_nes/256x256/snes_super_famicom_game_over_screen_0378_256x256.png,snes_super_famicom/game_over_screen/arabic_subtitle/3d_bevel_arabic/retro_8bit_nes/256x256/snes_super_famicom_game_over_screen_0378_256x256.json
snes_super_famicom_stage_clear_banner_0379_128x128,snes_super_famicom,stage_clear_banner,arabic_only,neon_glitch_arabic,retro_16bit_snes_genesis,128x128,fighting_game,top_title_hero_bottom,snes_super_famicom/stage_clear_banner/arabic_only/neon_glitch_arabic/retro_16bit_snes_genesis/128x128/snes_super_famicom_stage_clear_banner_0379_128x128.png,snes_super_famicom/stage_clear_banner/arabic_only/neon_glitch_arabic/retro_16bit_snes_genesis/128x128/snes_super_famicom_stage_clear_banner_0379_128x128.json
snes_super_famicom_stage_clear_banner_0379_256x256,snes_super_famicom,stage_clear_banner,arabic_only,neon_glitch_arabic,retro_16bit_snes_genesis,256x256,fighting_game,top_title_hero_bottom,snes_super_famicom/stage_clear_banner/arabic_only/neon_glitch_arabic/retro_16bit_snes_genesis/256x256/snes_super_famicom_stage_clear_banner_0379_256x256.png,snes_super_famicom/stage_clear_banner/arabic_only/neon_glitch_arabic/retro_16bit_snes_genesis/256x256/snes_super_famicom_stage_clear_banner_0379_256x256.json
snes_super_famicom_stage_clear_banner_0380_128x128,snes_super_famicom,stage_clear_banner,bilingual_arabic_primary,fantasy_ornate_arabic,arcade_vibrant,128x128,rpg_fantasy,bottom_title_scene_top,snes_super_famicom/stage_clear_banner/bilingual_arabic_primary/fantasy_ornate_arabic/arcade_vibrant/128x128/snes_super_famicom_stage_clear_banner_0380_128x128.png,snes_super_famicom/stage_clear_banner/bilingual_arabic_primary/fantasy_ornate_arabic/arcade_vibrant/128x128/snes_super_famicom_stage_clear_banner_0380_128x128.json
snes_super_famicom_stage_clear_banner_0380_256x256,snes_super_famicom,stage_clear_banner,bilingual_arabic_primary,fantasy_ornate_arabic,arcade_vibrant,256x256,rpg_fantasy,bottom_title_scene_top,snes_super_famicom/stage_clear_banner/bilingual_arabic_primary/fantasy_ornate_arabic/arcade_vibrant/256x256/snes_super_famicom_stage_clear_banner_0380_256x256.png,snes_super_famicom/stage_clear_banner/bilingual_arabic_primary/fantasy_ornate_arabic/arcade_vibrant/256x256/snes_super_famicom_stage_clear_banner_0380_256x256.json
snes_super_famicom_stage_clear_banner_0381_128x128,snes_super_famicom,stage_clear_banner,bilingual_english_primary,retro_8bit_arabic,retro_synthwave_80s,128x128,shoot_em_up,grid_framed_boxart,snes_super_famicom/stage_clear_banner/bilingual_english_primary/retro_8bit_arabic/retro_synthwave_80s/128x128/snes_super_famicom_stage_clear_banner_0381_128x128.png,snes_super_famicom/stage_clear_banner/bilingual_english_primary/retro_8bit_arabic/retro_synthwave_80s/128x128/snes_super_famicom_stage_clear_banner_0381_128x128.json
snes_super_famicom_stage_clear_banner_0381_256x256,snes_super_famicom,stage_clear_banner,bilingual_english_primary,retro_8bit_arabic,retro_synthwave_80s,256x256,shoot_em_up,grid_framed_boxart,snes_super_famicom/stage_clear_banner/bilingual_english_primary/retro_8bit_arabic/retro_synthwave_80s/256x256/snes_super_famicom_stage_clear_banner_0381_256x256.png,snes_super_famicom/stage_clear_banner/bilingual_english_primary/retro_8bit_arabic/retro_synthwave_80s/256x256/snes_super_famicom_stage_clear_banner_0381_256x256.json
snes_super_famicom_stage_clear_banner_0382_128x128,snes_super_famicom,stage_clear_banner,parallel_pair_arabic,metallic_chrome_arabic,constructivist_arcade,128x128,racing_sports,black_border_nes,snes_super_famicom/stage_clear_banner/parallel_pair_arabic/metallic_chrome_arabic/constructivist_arcade/128x128/snes_super_famicom_stage_clear_banner_0382_128x128.png,snes_super_famicom/stage_clear_banner/parallel_pair_arabic/metallic_chrome_arabic/constructivist_arcade/128x128/snes_super_famicom_stage_clear_banner_0382_128x128.json
snes_super_famicom_stage_clear_banner_0382_256x256,snes_super_famicom,stage_clear_banner,parallel_pair_arabic,metallic_chrome_arabic,constructivist_arcade,256x256,racing_sports,black_border_nes,snes_super_famicom/stage_clear_banner/parallel_pair_arabic/metallic_chrome_arabic/constructivist_arcade/256x256/snes_super_famicom_stage_clear_banner_0382_256x256.png,snes_super_famicom/stage_clear_banner/parallel_pair_arabic/metallic_chrome_arabic/constructivist_arcade/256x256/snes_super_famicom_stage_clear_banner_0382_256x256.json
snes_super_famicom_stage_clear_banner_0383_128x128,snes_super_famicom,stage_clear_banner,arabic_transliteration,pixel_thuluth_display,dark_fantasy_gothic,128x128,horror_survival,diagonal_arcade_badge,snes_super_famicom/stage_clear_banner/arabic_transliteration/pixel_thuluth_display/dark_fantasy_gothic/128x128/snes_super_famicom_stage_clear_banner_0383_128x128.png,snes_super_famicom/stage_clear_banner/arabic_transliteration/pixel_thuluth_display/dark_fantasy_gothic/128x128/snes_super_famicom_stage_clear_banner_0383_128x128.json
snes_super_famicom_stage_clear_banner_0383_256x256,snes_super_famicom,stage_clear_banner,arabic_transliteration,pixel_thuluth_display,dark_fantasy_gothic,256x256,horror_survival,diagonal_arcade_badge,snes_super_famicom/stage_clear_banner/arabic_transliteration/pixel_thuluth_display/dark_fantasy_gothic/256x256/snes_super_famicom_stage_clear_banner_0383_256x256.png,snes_super_famicom/stage_clear_banner/arabic_transliteration/pixel_thuluth_display/dark_fantasy_gothic/256x256/snes_super_famicom_stage_clear_banner_0383_256x256.json
snes_super_famicom_stage_clear_banner_0384_128x128,snes_super_famicom,stage_clear_banner,arabic_subtitle,pixel_calligraffiti,pop_art_comic,128x128,beat_em_up,centered_emblem,snes_super_famicom/stage_clear_banner/arabic_subtitle/pixel_calligraffiti/pop_art_comic/128x128/snes_super_famicom_stage_clear_banner_0384_128x128.png,snes_super_famicom/stage_clear_banner/arabic_subtitle/pixel_calligraffiti/pop_art_comic/128x128/snes_super_famicom_stage_clear_banner_0384_128x128.json
snes_super_famicom_stage_clear_banner_0384_256x256,snes_super_famicom,stage_clear_banner,arabic_subtitle,pixel_calligraffiti,pop_art_comic,256x256,beat_em_up,centered_emblem,snes_super_famicom/stage_clear_banner/arabic_subtitle/pixel_calligraffiti/pop_art_comic/256x256/snes_super_famicom_stage_clear_banner_0384_256x256.png,snes_super_famicom/stage_clear_banner/arabic_subtitle/pixel_calligraffiti/pop_art_comic/256x256/snes_super_famicom_stage_clear_banner_0384_256x256.json
snes_super_famicom_ui_title_badge_0385_128x128,snes_super_famicom,ui_title_badge,arabic_only,pixel_kufic_geometric,cyberpunk_neon_dystopian,128x128,puzzle_strategy,split_bilingual_layout,snes_super_famicom/ui_title_badge/arabic_only/pixel_kufic_geometric/cyberpunk_neon_dystopian/128x128/snes_super_famicom_ui_title_badge_0385_128x128.png,snes_super_famicom/ui_title_badge/arabic_only/pixel_kufic_geometric/cyberpunk_neon_dystopian/128x128/snes_super_famicom_ui_title_badge_0385_128x128.json
snes_super_famicom_ui_title_badge_0385_256x256,snes_super_famicom,ui_title_badge,arabic_only,pixel_kufic_geometric,cyberpunk_neon_dystopian,256x256,puzzle_strategy,split_bilingual_layout,snes_super_famicom/ui_title_badge/arabic_only/pixel_kufic_geometric/cyberpunk_neon_dystopian/256x256/snes_super_famicom_ui_title_badge_0385_256x256.png,snes_super_famicom/ui_title_badge/arabic_only/pixel_kufic_geometric/cyberpunk_neon_dystopian/256x256/snes_super_famicom_ui_title_badge_0385_256x256.json
snes_super_famicom_ui_title_badge_0386_128x128,snes_super_famicom,ui_title_badge,bilingual_arabic_primary,pixel_ruqah_fast,minimalist_pixel_poster,128x128,sci_fi_cyberpunk,border_framed,snes_super_famicom/ui_title_badge/bilingual_arabic_primary/pixel_ruqah_fast/minimalist_pixel_poster/128x128/snes_super_famicom_ui_title_badge_0386_128x128.png,snes_super_famicom/ui_title_badge/bilingual_arabic_primary/pixel_ruqah_fast/minimalist_pixel_poster/128x128/snes_super_famicom_ui_title_badge_0386_128x128.json
snes_super_famicom_ui_title_badge_0386_256x256,snes_super_famicom,ui_title_badge,bilingual_arabic_primary,pixel_ruqah_fast,minimalist_pixel_poster,256x256,sci_fi_cyberpunk,border_framed,snes_super_famicom/ui_title_badge/bilingual_arabic_primary/pixel_ruqah_fast/minimalist_pixel_poster/256x256/snes_super_famicom_ui_title_badge_0386_256x256.png,snes_super_famicom/ui_title_badge/bilingual_arabic_primary/pixel_ruqah_fast/minimalist_pixel_poster/256x256/snes_super_famicom_ui_title_badge_0386_256x256.json
snes_super_famicom_ui_title_badge_0387_128x128,snes_super_famicom,ui_title_badge,bilingual_english_primary,pixel_naskh_clean,egyptian_folklore_pixel,128x128,historical_medieval,center_title_large,snes_super_famicom/ui_title_badge/bilingual_english_primary/pixel_naskh_clean/egyptian_folklore_pixel/128x128/snes_super_famicom_ui_title_badge_0387_128x128.png,snes_super_famicom/ui_title_badge/bilingual_english_primary/pixel_naskh_clean/egyptian_folklore_pixel/128x128/snes_super_famicom_ui_title_badge_0387_128x128.json
snes_super_famicom_ui_title_badge_0387_256x256,snes_super_famicom,ui_title_badge,bilingual_english_primary,pixel_naskh_clean,egyptian_folklore_pixel,256x256,historical_medieval,center_title_large,snes_super_famicom/ui_title_badge/bilingual_english_primary/pixel_naskh_clean/egyptian_folklore_pixel/256x256/snes_super_famicom_ui_title_badge_0387_256x256.png,snes_super_famicom/ui_title_badge/bilingual_english_primary/pixel_naskh_clean/egyptian_folklore_pixel/256x256/snes_super_famicom_ui_title_badge_0387_256x256.json
snes_super_famicom_ui_title_badge_0388_128x128,snes_super_famicom,ui_title_badge,parallel_pair_arabic,bold_arcade_arabic,japanese_boxart_style,128x128,egyptian_folklore,top_title_hero_bottom,snes_super_famicom/ui_title_badge/parallel_pair_arabic/bold_arcade_arabic/japanese_boxart_style/128x128/snes_super_famicom_ui_title_badge_0388_128x128.png,snes_super_famicom/ui_title_badge/parallel_pair_arabic/bold_arcade_arabic/japanese_boxart_style/128x128/snes_super_famicom_ui_title_badge_0388_128x128.json
snes_super_famicom_ui_title_badge_0388_256x256,snes_super_famicom,ui_title_badge,parallel_pair_arabic,bold_arcade_arabic,japanese_boxart_style,256x256,egyptian_folklore,top_title_hero_bottom,snes_super_famicom/ui_title_badge/parallel_pair_arabic/bold_arcade_arabic/japanese_boxart_style/256x256/snes_super_famicom_ui_title_badge_0388_256x256.png,snes_super_famicom/ui_title_badge/parallel_pair_arabic/bold_arcade_arabic/japanese_boxart_style/256x256/snes_super_famicom_ui_title_badge_0388_256x256.json
snes_super_famicom_ui_title_badge_0389_128x128,snes_super_famicom,ui_title_badge,arabic_transliteration,3d_bevel_arabic,western_boxart_style,128x128,post_apocalyptic,bottom_title_scene_top,snes_super_famicom/ui_title_badge/arabic_transliteration/3d_bevel_arabic/western_boxart_style/128x128/snes_super_famicom_ui_title_badge_0389_128x128.png,snes_super_famicom/ui_title_badge/arabic_transliteration/3d_bevel_arabic/western_boxart_style/128x128/snes_super_famicom_ui_title_badge_0389_128x128.json
snes_super_famicom_ui_title_badge_0389_256x256,snes_super_famicom,ui_title_badge,arabic_transliteration,3d_bevel_arabic,western_boxart_style,256x256,post_apocalyptic,bottom_title_scene_top,snes_super_famicom/ui_title_badge/arabic_transliteration/3d_bevel_arabic/western_boxart_style/256x256/snes_super_famicom_ui_title_badge_0389_256x256.png,snes_super_famicom/ui_title_badge/arabic_transliteration/3d_bevel_arabic/western_boxart_style/256x256/snes_super_famicom_ui_title_badge_0389_256x256.json
snes_super_famicom_ui_title_badge_0390_128x128,snes_super_famicom,ui_title_badge,arabic_subtitle,neon_glitch_arabic,monochrome_dmg,128x128,platformer,grid_framed_boxart,snes_super_famicom/ui_title_badge/arabic_subtitle/neon_glitch_arabic/monochrome_dmg/128x128/snes_super_famicom_ui_title_badge_0390_128x128.png,snes_super_famicom/ui_title_badge/arabic_subtitle/neon_glitch_arabic/monochrome_dmg/128x128/snes_super_famicom_ui_title_badge_0390_128x128.json
snes_super_famicom_ui_title_badge_0390_256x256,snes_super_famicom,ui_title_badge,arabic_subtitle,neon_glitch_arabic,monochrome_dmg,256x256,platformer,grid_framed_boxart,snes_super_famicom/ui_title_badge/arabic_subtitle/neon_glitch_arabic/monochrome_dmg/256x256/snes_super_famicom_ui_title_badge_0390_256x256.png,snes_super_famicom/ui_title_badge/arabic_subtitle/neon_glitch_arabic/monochrome_dmg/256x256/snes_super_famicom_ui_title_badge_0390_256x256.json
sega_genesis_megadrive_box_art_front_0391_128x128,sega_genesis_megadrive,box_art_front,arabic_only,fantasy_ornate_arabic,retro_8bit_nes,128x128,action_adventure,black_border_nes,sega_genesis_megadrive/box_art_front/arabic_only/fantasy_ornate_arabic/retro_8bit_nes/128x128/sega_genesis_megadrive_box_art_front_0391_128x128.png,sega_genesis_megadrive/box_art_front/arabic_only/fantasy_ornate_arabic/retro_8bit_nes/128x128/sega_genesis_megadrive_box_art_front_0391_128x128.json
sega_genesis_megadrive_box_art_front_0391_256x256,sega_genesis_megadrive,box_art_front,arabic_only,fantasy_ornate_arabic,retro_8bit_nes,256x256,action_adventure,black_border_nes,sega_genesis_megadrive/box_art_front/arabic_only/fantasy_ornate_arabic/retro_8bit_nes/256x256/sega_genesis_megadrive_box_art_front_0391_256x256.png,sega_genesis_megadrive/box_art_front/arabic_only/fantasy_ornate_arabic/retro_8bit_nes/256x256/sega_genesis_megadrive_box_art_front_0391_256x256.json
sega_genesis_megadrive_box_art_front_0392_128x128,sega_genesis_megadrive,box_art_front,bilingual_arabic_primary,retro_8bit_arabic,retro_16bit_snes_genesis,128x128,fighting_game,diagonal_arcade_badge,sega_genesis_megadrive/box_art_front/bilingual_arabic_primary/retro_8bit_arabic/retro_16bit_snes_genesis/128x128/sega_genesis_megadrive_box_art_front_0392_128x128.png,sega_genesis_megadrive/box_art_front/bilingual_arabic_primary/retro_8bit_arabic/retro_16bit_snes_genesis/128x128/sega_genesis_megadrive_box_art_front_0392_128x128.json
sega_genesis_megadrive_box_art_front_0392_256x256,sega_genesis_megadrive,box_art_front,bilingual_arabic_primary,retro_8bit_arabic,retro_16bit_snes_genesis,256x256,fighting_game,diagonal_arcade_badge,sega_genesis_megadrive/box_art_front/bilingual_arabic_primary/retro_8bit_arabic/retro_16bit_snes_genesis/256x256/sega_genesis_megadrive_box_art_front_0392_256x256.png,sega_genesis_megadrive/box_art_front/bilingual_arabic_primary/retro_8bit_arabic/retro_16bit_snes_genesis/256x256/sega_genesis_megadrive_box_art_front_0392_256x256.json
sega_genesis_megadrive_box_art_front_0393_128x128,sega_genesis_megadrive,box_art_front,bilingual_english_primary,metallic_chrome_arabic,arcade_vibrant,128x128,rpg_fantasy,centered_emblem,sega_genesis_megadrive/box_art_front/bilingual_english_primary/metallic_chrome_arabic/arcade_vibrant/128x128/sega_genesis_megadrive_box_art_front_0393_128x128.png,sega_genesis_megadrive/box_art_front/bilingual_english_primary/metallic_chrome_arabic/arcade_vibrant/128x128/sega_genesis_megadrive_box_art_front_0393_128x128.json
sega_genesis_megadrive_box_art_front_0393_256x256,sega_genesis_megadrive,box_art_front,bilingual_english_primary,metallic_chrome_arabic,arcade_vibrant,256x256,rpg_fantasy,centered_emblem,sega_genesis_megadrive/box_art_front/bilingual_english_primary/metallic_chrome_arabic/arcade_vibrant/256x256/sega_genesis_megadrive_box_art_front_0393_256x256.png,sega_genesis_megadrive/box_art_front/bilingual_english_primary/metallic_chrome_arabic/arcade_vibrant/256x256/sega_genesis_megadrive_box_art_front_0393_256x256.json
sega_genesis_megadrive_box_art_front_0394_128x128,sega_genesis_megadrive,box_art_front,parallel_pair_arabic,pixel_thuluth_display,retro_synthwave_80s,128x128,shoot_em_up,split_bilingual_layout,sega_genesis_megadrive/box_art_front/parallel_pair_arabic/pixel_thuluth_display/retro_synthwave_80s/128x128/sega_genesis_megadrive_box_art_front_0394_128x128.png,sega_genesis_megadrive/box_art_front/parallel_pair_arabic/pixel_thuluth_display/retro_synthwave_80s/128x128/sega_genesis_megadrive_box_art_front_0394_128x128.json
sega_genesis_megadrive_box_art_front_0394_256x256,sega_genesis_megadrive,box_art_front,parallel_pair_arabic,pixel_thuluth_display,retro_synthwave_80s,256x256,shoot_em_up,split_bilingual_layout,sega_genesis_megadrive/box_art_front/parallel_pair_arabic/pixel_thuluth_display/retro_synthwave_80s/256x256/sega_genesis_megadrive_box_art_front_0394_256x256.png,sega_genesis_megadrive/box_art_front/parallel_pair_arabic/pixel_thuluth_display/retro_synthwave_80s/256x256/sega_genesis_megadrive_box_art_front_0394_256x256.json
sega_genesis_megadrive_box_art_front_0395_128x128,sega_genesis_megadrive,box_art_front,arabic_transliteration,pixel_calligraffiti,constructivist_arcade,128x128,racing_sports,border_framed,sega_genesis_megadrive/box_art_front/arabic_transliteration/pixel_calligraffiti/constructivist_arcade/128x128/sega_genesis_megadrive_box_art_front_0395_128x128.png,sega_genesis_megadrive/box_art_front/arabic_transliteration/pixel_calligraffiti/constructivist_arcade/128x128/sega_genesis_megadrive_box_art_front_0395_128x128.json
sega_genesis_megadrive_box_art_front_0395_256x256,sega_genesis_megadrive,box_art_front,arabic_transliteration,pixel_calligraffiti,constructivist_arcade,256x256,racing_sports,border_framed,sega_genesis_megadrive/box_art_front/arabic_transliteration/pixel_calligraffiti/constructivist_arcade/256x256/sega_genesis_megadrive_box_art_front_0395_256x256.png,sega_genesis_megadrive/box_art_front/arabic_transliteration/pixel_calligraffiti/constructivist_arcade/256x256/sega_genesis_megadrive_box_art_front_0395_256x256.json
sega_genesis_megadrive_box_art_front_0396_128x128,sega_genesis_megadrive,box_art_front,arabic_subtitle,pixel_kufic_geometric,dark_fantasy_gothic,128x128,horror_survival,center_title_large,sega_genesis_megadrive/box_art_front/arabic_subtitle/pixel_kufic_geometric/dark_fantasy_gothic/128x128/sega_genesis_megadrive_box_art_front_0396_128x128.png,sega_genesis_megadrive/box_art_front/arabic_subtitle/pixel_kufic_geometric/dark_fantasy_gothic/128x128/sega_genesis_megadrive_box_art_front_0396_128x128.json
sega_genesis_megadrive_box_art_front_0396_256x256,sega_genesis_megadrive,box_art_front,arabic_subtitle,pixel_kufic_geometric,dark_fantasy_gothic,256x256,horror_survival,center_title_large,sega_genesis_megadrive/box_art_front/arabic_subtitle/pixel_kufic_geometric/dark_fantasy_gothic/256x256/sega_genesis_megadrive_box_art_front_0396_256x256.png,sega_genesis_megadrive/box_art_front/arabic_subtitle/pixel_kufic_geometric/dark_fantasy_gothic/256x256/sega_genesis_megadrive_box_art_front_0396_256x256.json
sega_genesis_megadrive_title_screen_art_0397_128x128,sega_genesis_megadrive,title_screen_art,arabic_only,pixel_ruqah_fast,pop_art_comic,128x128,beat_em_up,top_title_hero_bottom,sega_genesis_megadrive/title_screen_art/arabic_only/pixel_ruqah_fast/pop_art_comic/128x128/sega_genesis_megadrive_title_screen_art_0397_128x128.png,sega_genesis_megadrive/title_screen_art/arabic_only/pixel_ruqah_fast/pop_art_comic/128x128/sega_genesis_megadrive_title_screen_art_0397_128x128.json
sega_genesis_megadrive_title_screen_art_0397_256x256,sega_genesis_megadrive,title_screen_art,arabic_only,pixel_ruqah_fast,pop_art_comic,256x256,beat_em_up,top_title_hero_bottom,sega_genesis_megadrive/title_screen_art/arabic_only/pixel_ruqah_fast/pop_art_comic/256x256/sega_genesis_megadrive_title_screen_art_0397_256x256.png,sega_genesis_megadrive/title_screen_art/arabic_only/pixel_ruqah_fast/pop_art_comic/256x256/sega_genesis_megadrive_title_screen_art_0397_256x256.json
sega_genesis_megadrive_title_screen_art_0398_128x128,sega_genesis_megadrive,title_screen_art,bilingual_arabic_primary,pixel_naskh_clean,cyberpunk_neon_dystopian,128x128,puzzle_strategy,bottom_title_scene_top,sega_genesis_megadrive/title_screen_art/bilingual_arabic_primary/pixel_naskh_clean/cyberpunk_neon_dystopian/128x128/sega_genesis_megadrive_title_screen_art_0398_128x128.png,sega_genesis_megadrive/title_screen_art/bilingual_arabic_primary/pixel_naskh_clean/cyberpunk_neon_dystopian/128x128/sega_genesis_megadrive_title_screen_art_0398_128x128.json
sega_genesis_megadrive_title_screen_art_0398_256x256,sega_genesis_megadrive,title_screen_art,bilingual_arabic_primary,pixel_naskh_clean,cyberpunk_neon_dystopian,256x256,puzzle_strategy,bottom_title_scene_top,sega_genesis_megadrive/title_screen_art/bilingual_arabic_primary/pixel_naskh_clean/cyberpunk_neon_dystopian/256x256/sega_genesis_megadrive_title_screen_art_0398_256x256.png,sega_genesis_megadrive/title_screen_art/bilingual_arabic_primary/pixel_naskh_clean/cyberpunk_neon_dystopian/256x256/sega_genesis_megadrive_title_screen_art_0398_256x256.json
sega_genesis_megadrive_title_screen_art_0399_128x128,sega_genesis_megadrive,title_screen_art,bilingual_english_primary,bold_arcade_arabic,minimalist_pixel_poster,128x128,sci_fi_cyberpunk,grid_framed_boxart,sega_genesis_megadrive/title_screen_art/bilingual_english_primary/bold_arcade_arabic/minimalist_pixel_poster/128x128/sega_genesis_megadrive_title_screen_art_0399_128x128.png,sega_genesis_megadrive/title_screen_art/bilingual_english_primary/bold_arcade_arabic/minimalist_pixel_poster/128x128/sega_genesis_megadrive_title_screen_art_0399_128x128.json
sega_genesis_megadrive_title_screen_art_0399_256x256,sega_genesis_megadrive,title_screen_art,bilingual_english_primary,bold_arcade_arabic,minimalist_pixel_poster,256x256,sci_fi_cyberpunk,grid_framed_boxart,sega_genesis_megadrive/title_screen_art/bilingual_english_primary/bold_arcade_arabic/minimalist_pixel_poster/256x256/sega_genesis_megadrive_title_screen_art_0399_256x256.png,sega_genesis_megadrive/title_screen_art/bilingual_english_primary/bold_arcade_arabic/minimalist_pixel_poster/256x256/sega_genesis_megadrive_title_screen_art_0399_256x256.json
sega_genesis_megadrive_title_screen_art_0400_128x128,sega_genesis_megadrive,title_screen_art,parallel_pair_arabic,3d_bevel_arabic,egyptian_folklore_pixel,128x128,historical_medieval,black_border_nes,sega_genesis_megadrive/title_screen_art/parallel_pair_arabic/3d_bevel_arabic/egyptian_folklore_pixel/128x128/sega_genesis_megadrive_title_screen_art_0400_128x128.png,sega_genesis_megadrive/title_screen_art/parallel_pair_arabic/3d_bevel_arabic/egyptian_folklore_pixel/128x128/sega_genesis_megadrive_title_screen_art_0400_128x128.json
sega_genesis_megadrive_title_screen_art_0400_256x256,sega_genesis_megadrive,title_screen_art,parallel_pair_arabic,3d_bevel_arabic,egyptian_folklore_pixel,256x256,historical_medieval,black_border_nes,sega_genesis_megadrive/title_screen_art/parallel_pair_arabic/3d_bevel_arabic/egyptian_folklore_pixel/256x256/sega_genesis_megadrive_title_screen_art_0400_256x256.png,sega_genesis_megadrive/title_screen_art/parallel_pair_arabic/3d_bevel_arabic/egyptian_folklore_pixel/256x256/sega_genesis_megadrive_title_screen_art_0400_256x256.json
sega_genesis_megadrive_title_screen_art_0401_128x128,sega_genesis_megadrive,title_screen_art,arabic_transliteration,neon_glitch_arabic,japanese_boxart_style,128x128,egyptian_folklore,diagonal_arcade_badge,sega_genesis_megadrive/title_screen_art/arabic_transliteration/neon_glitch_arabic/japanese_boxart_style/128x128/sega_genesis_megadrive_title_screen_art_0401_128x128.png,sega_genesis_megadrive/title_screen_art/arabic_transliteration/neon_glitch_arabic/japanese_boxart_style/128x128/sega_genesis_megadrive_title_screen_art_0401_128x128.json
sega_genesis_megadrive_title_screen_art_0401_256x256,sega_genesis_megadrive,title_screen_art,arabic_transliteration,neon_glitch_arabic,japanese_boxart_style,256x256,egyptian_folklore,diagonal_arcade_badge,sega_genesis_megadrive/title_screen_art/arabic_transliteration/neon_glitch_arabic/japanese_boxart_style/256x256/sega_genesis_megadrive_title_screen_art_0401_256x256.png,sega_genesis_megadrive/title_screen_art/arabic_transliteration/neon_glitch_arabic/japanese_boxart_style/256x256/sega_genesis_megadrive_title_screen_art_0401_256x256.json
sega_genesis_megadrive_title_screen_art_0402_128x128,sega_genesis_megadrive,title_screen_art,arabic_subtitle,fantasy_ornate_arabic,western_boxart_style,128x128,post_apocalyptic,centered_emblem,sega_genesis_megadrive/title_screen_art/arabic_subtitle/fantasy_ornate_arabic/western_boxart_style/128x128/sega_genesis_megadrive_title_screen_art_0402_128x128.png,sega_genesis_megadrive/title_screen_art/arabic_subtitle/fantasy_ornate_arabic/western_boxart_style/128x128/sega_genesis_megadrive_title_screen_art_0402_128x128.json
sega_genesis_megadrive_title_screen_art_0402_256x256,sega_genesis_megadrive,title_screen_art,arabic_subtitle,fantasy_ornate_arabic,western_boxart_style,256x256,post_apocalyptic,centered_emblem,sega_genesis_megadrive/title_screen_art/arabic_subtitle/fantasy_ornate_arabic/western_boxart_style/256x256/sega_genesis_megadrive_title_screen_art_0402_256x256.png,sega_genesis_megadrive/title_screen_art/arabic_subtitle/fantasy_ornate_arabic/western_boxart_style/256x256/sega_genesis_megadrive_title_screen_art_0402_256x256.json
sega_genesis_megadrive_arcade_marquee_0403_128x128,sega_genesis_megadrive,arcade_marquee,arabic_only,retro_8bit_arabic,monochrome_dmg,128x128,platformer,split_bilingual_layout,sega_genesis_megadrive/arcade_marquee/arabic_only/retro_8bit_arabic/monochrome_dmg/128x128/sega_genesis_megadrive_arcade_marquee_0403_128x128.png,sega_genesis_megadrive/arcade_marquee/arabic_only/retro_8bit_arabic/monochrome_dmg/128x128/sega_genesis_megadrive_arcade_marquee_0403_128x128.json
sega_genesis_megadrive_arcade_marquee_0403_256x256,sega_genesis_megadrive,arcade_marquee,arabic_only,retro_8bit_arabic,monochrome_dmg,256x256,platformer,split_bilingual_layout,sega_genesis_megadrive/arcade_marquee/arabic_only/retro_8bit_arabic/monochrome_dmg/256x256/sega_genesis_megadrive_arcade_marquee_0403_256x256.png,sega_genesis_megadrive/arcade_marquee/arabic_only/retro_8bit_arabic/monochrome_dmg/256x256/sega_genesis_megadrive_arcade_marquee_0403_256x256.json
sega_genesis_megadrive_arcade_marquee_0404_128x128,sega_genesis_megadrive,arcade_marquee,bilingual_arabic_primary,metallic_chrome_arabic,retro_8bit_nes,128x128,action_adventure,border_framed,sega_genesis_megadrive/arcade_marquee/bilingual_arabic_primary/metallic_chrome_arabic/retro_8bit_nes/128x128/sega_genesis_megadrive_arcade_marquee_0404_128x128.png,sega_genesis_megadrive/arcade_marquee/bilingual_arabic_primary/metallic_chrome_arabic/retro_8bit_nes/128x128/sega_genesis_megadrive_arcade_marquee_0404_128x128.json
sega_genesis_megadrive_arcade_marquee_0404_256x256,sega_genesis_megadrive,arcade_marquee,bilingual_arabic_primary,metallic_chrome_arabic,retro_8bit_nes,256x256,action_adventure,border_framed,sega_genesis_megadrive/arcade_marquee/bilingual_arabic_primary/metallic_chrome_arabic/retro_8bit_nes/256x256/sega_genesis_megadrive_arcade_marquee_0404_256x256.png,sega_genesis_megadrive/arcade_marquee/bilingual_arabic_primary/metallic_chrome_arabic/retro_8bit_nes/256x256/sega_genesis_megadrive_arcade_marquee_0404_256x256.json
sega_genesis_megadrive_arcade_marquee_0405_128x128,sega_genesis_megadrive,arcade_marquee,bilingual_english_primary,pixel_thuluth_display,retro_16bit_snes_genesis,128x128,fighting_game,center_title_large,sega_genesis_megadrive/arcade_marquee/bilingual_english_primary/pixel_thuluth_display/retro_16bit_snes_genesis/128x128/sega_genesis_megadrive_arcade_marquee_0405_128x128.png,sega_genesis_megadrive/arcade_marquee/bilingual_english_primary/pixel_thuluth_display/retro_16bit_snes_genesis/128x128/sega_genesis_megadrive_arcade_marquee_0405_128x128.json
sega_genesis_megadrive_arcade_marquee_0405_256x256,sega_genesis_megadrive,arcade_marquee,bilingual_english_primary,pixel_thuluth_display,retro_16bit_snes_genesis,256x256,fighting_game,center_title_large,sega_genesis_megadrive/arcade_marquee/bilingual_english_primary/pixel_thuluth_display/retro_16bit_snes_genesis/256x256/sega_genesis_megadrive_arcade_marquee_0405_256x256.png,sega_genesis_megadrive/arcade_marquee/bilingual_english_primary/pixel_thuluth_display/retro_16bit_snes_genesis/256x256/sega_genesis_megadrive_arcade_marquee_0405_256x256.json
sega_genesis_megadrive_arcade_marquee_0406_128x128,sega_genesis_megadrive,arcade_marquee,parallel_pair_arabic,pixel_calligraffiti,arcade_vibrant,128x128,rpg_fantasy,top_title_hero_bottom,sega_genesis_megadrive/arcade_marquee/parallel_pair_arabic/pixel_calligraffiti/arcade_vibrant/128x128/sega_genesis_megadrive_arcade_marquee_0406_128x128.png,sega_genesis_megadrive/arcade_marquee/parallel_pair_arabic/pixel_calligraffiti/arcade_vibrant/128x128/sega_genesis_megadrive_arcade_marquee_0406_128x128.json
sega_genesis_megadrive_arcade_marquee_0406_256x256,sega_genesis_megadrive,arcade_marquee,parallel_pair_arabic,pixel_calligraffiti,arcade_vibrant,256x256,rpg_fantasy,top_title_hero_bottom,sega_genesis_megadrive/arcade_marquee/parallel_pair_arabic/pixel_calligraffiti/arcade_vibrant/256x256/sega_genesis_megadrive_arcade_marquee_0406_256x256.png,sega_genesis_megadrive/arcade_marquee/parallel_pair_arabic/pixel_calligraffiti/arcade_vibrant/256x256/sega_genesis_megadrive_arcade_marquee_0406_256x256.json
sega_genesis_megadrive_arcade_marquee_0407_128x128,sega_genesis_megadrive,arcade_marquee,arabic_transliteration,pixel_kufic_geometric,retro_synthwave_80s,128x128,shoot_em_up,bottom_title_scene_top,sega_genesis_megadrive/arcade_marquee/arabic_transliteration/pixel_kufic_geometric/retro_synthwave_80s/128x128/sega_genesis_megadrive_arcade_marquee_0407_128x128.png,sega_genesis_megadrive/arcade_marquee/arabic_transliteration/pixel_kufic_geometric/retro_synthwave_80s/128x128/sega_genesis_megadrive_arcade_marquee_0407_128x128.json
sega_genesis_megadrive_arcade_marquee_0407_256x256,sega_genesis_megadrive,arcade_marquee,arabic_transliteration,pixel_kufic_geometric,retro_synthwave_80s,256x256,shoot_em_up,bottom_title_scene_top,sega_genesis_megadrive/arcade_marquee/arabic_transliteration/pixel_kufic_geometric/retro_synthwave_80s/256x256/sega_genesis_megadrive_arcade_marquee_0407_256x256.png,sega_genesis_megadrive/arcade_marquee/arabic_transliteration/pixel_kufic_geometric/retro_synthwave_80s/256x256/sega_genesis_megadrive_arcade_marquee_0407_256x256.json
sega_genesis_megadrive_arcade_marquee_0408_128x128,sega_genesis_megadrive,arcade_marquee,arabic_subtitle,pixel_ruqah_fast,constructivist_arcade,128x128,racing_sports,grid_framed_boxart,sega_genesis_megadrive/arcade_marquee/arabic_subtitle/pixel_ruqah_fast/constructivist_arcade/128x128/sega_genesis_megadrive_arcade_marquee_0408_128x128.png,sega_genesis_megadrive/arcade_marquee/arabic_subtitle/pixel_ruqah_fast/constructivist_arcade/128x128/sega_genesis_megadrive_arcade_marquee_0408_128x128.json
sega_genesis_megadrive_arcade_marquee_0408_256x256,sega_genesis_megadrive,arcade_marquee,arabic_subtitle,pixel_ruqah_fast,constructivist_arcade,256x256,racing_sports,grid_framed_boxart,sega_genesis_megadrive/arcade_marquee/arabic_subtitle/pixel_ruqah_fast/constructivist_arcade/256x256/sega_genesis_megadrive_arcade_marquee_0408_256x256.png,sega_genesis_megadrive/arcade_marquee/arabic_subtitle/pixel_ruqah_fast/constructivist_arcade/256x256/sega_genesis_megadrive_arcade_marquee_0408_256x256.json
sega_genesis_megadrive_cartridge_label_0409_128x128,sega_genesis_megadrive,cartridge_label,arabic_only,pixel_naskh_clean,dark_fantasy_gothic,128x128,horror_survival,black_border_nes,sega_genesis_megadrive/cartridge_label/arabic_only/pixel_naskh_clean/dark_fantasy_gothic/128x128/sega_genesis_megadrive_cartridge_label_0409_128x128.png,sega_genesis_megadrive/cartridge_label/arabic_only/pixel_naskh_clean/dark_fantasy_gothic/128x128/sega_genesis_megadrive_cartridge_label_0409_128x128.json
sega_genesis_megadrive_cartridge_label_0409_256x256,sega_genesis_megadrive,cartridge_label,arabic_only,pixel_naskh_clean,dark_fantasy_gothic,256x256,horror_survival,black_border_nes,sega_genesis_megadrive/cartridge_label/arabic_only/pixel_naskh_clean/dark_fantasy_gothic/256x256/sega_genesis_megadrive_cartridge_label_0409_256x256.png,sega_genesis_megadrive/cartridge_label/arabic_only/pixel_naskh_clean/dark_fantasy_gothic/256x256/sega_genesis_megadrive_cartridge_label_0409_256x256.json
sega_genesis_megadrive_cartridge_label_0410_128x128,sega_genesis_megadrive,cartridge_label,bilingual_arabic_primary,bold_arcade_arabic,pop_art_comic,128x128,beat_em_up,diagonal_arcade_badge,sega_genesis_megadrive/cartridge_label/bilingual_arabic_primary/bold_arcade_arabic/pop_art_comic/128x128/sega_genesis_megadrive_cartridge_label_0410_128x128.png,sega_genesis_megadrive/cartridge_label/bilingual_arabic_primary/bold_arcade_arabic/pop_art_comic/128x128/sega_genesis_megadrive_cartridge_label_0410_128x128.json
sega_genesis_megadrive_cartridge_label_0410_256x256,sega_genesis_megadrive,cartridge_label,bilingual_arabic_primary,bold_arcade_arabic,pop_art_comic,256x256,beat_em_up,diagonal_arcade_badge,sega_genesis_megadrive/cartridge_label/bilingual_arabic_primary/bold_arcade_arabic/pop_art_comic/256x256/sega_genesis_megadrive_cartridge_label_0410_256x256.png,sega_genesis_megadrive/cartridge_label/bilingual_arabic_primary/bold_arcade_arabic/pop_art_comic/256x256/sega_genesis_megadrive_cartridge_label_0410_256x256.json
sega_genesis_megadrive_cartridge_label_0411_128x128,sega_genesis_megadrive,cartridge_label,bilingual_english_primary,3d_bevel_arabic,cyberpunk_neon_dystopian,128x128,puzzle_strategy,centered_emblem,sega_genesis_megadrive/cartridge_label/bilingual_english_primary/3d_bevel_arabic/cyberpunk_neon_dystopian/128x128/sega_genesis_megadrive_cartridge_label_0411_128x128.png,sega_genesis_megadrive/cartridge_label/bilingual_english_primary/3d_bevel_arabic/cyberpunk_neon_dystopian/128x128/sega_genesis_megadrive_cartridge_label_0411_128x128.json
sega_genesis_megadrive_cartridge_label_0411_256x256,sega_genesis_megadrive,cartridge_label,bilingual_english_primary,3d_bevel_arabic,cyberpunk_neon_dystopian,256x256,puzzle_strategy,centered_emblem,sega_genesis_megadrive/cartridge_label/bilingual_english_primary/3d_bevel_arabic/cyberpunk_neon_dystopian/256x256/sega_genesis_megadrive_cartridge_label_0411_256x256.png,sega_genesis_megadrive/cartridge_label/bilingual_english_primary/3d_bevel_arabic/cyberpunk_neon_dystopian/256x256/sega_genesis_megadrive_cartridge_label_0411_256x256.json
sega_genesis_megadrive_cartridge_label_0412_128x128,sega_genesis_megadrive,cartridge_label,parallel_pair_arabic,neon_glitch_arabic,minimalist_pixel_poster,128x128,sci_fi_cyberpunk,split_bilingual_layout,sega_genesis_megadrive/cartridge_label/parallel_pair_arabic/neon_glitch_arabic/minimalist_pixel_poster/128x128/sega_genesis_megadrive_cartridge_label_0412_128x128.png,sega_genesis_megadrive/cartridge_label/parallel_pair_arabic/neon_glitch_arabic/minimalist_pixel_poster/128x128/sega_genesis_megadrive_cartridge_label_0412_128x128.json
sega_genesis_megadrive_cartridge_label_0412_256x256,sega_genesis_megadrive,cartridge_label,parallel_pair_arabic,neon_glitch_arabic,minimalist_pixel_poster,256x256,sci_fi_cyberpunk,split_bilingual_layout,sega_genesis_megadrive/cartridge_label/parallel_pair_arabic/neon_glitch_arabic/minimalist_pixel_poster/256x256/sega_genesis_megadrive_cartridge_label_0412_256x256.png,sega_genesis_megadrive/cartridge_label/parallel_pair_arabic/neon_glitch_arabic/minimalist_pixel_poster/256x256/sega_genesis_megadrive_cartridge_label_0412_256x256.json
sega_genesis_megadrive_cartridge_label_0413_128x128,sega_genesis_megadrive,cartridge_label,arabic_transliteration,fantasy_ornate_arabic,egyptian_folklore_pixel,128x128,historical_medieval,border_framed,sega_genesis_megadrive/cartridge_label/arabic_transliteration/fantasy_ornate_arabic/egyptian_folklore_pixel/128x128/sega_genesis_megadrive_cartridge_label_0413_128x128.png,sega_genesis_megadrive/cartridge_label/arabic_transliteration/fantasy_ornate_arabic/egyptian_folklore_pixel/128x128/sega_genesis_megadrive_cartridge_label_0413_128x128.json
sega_genesis_megadrive_cartridge_label_0413_256x256,sega_genesis_megadrive,cartridge_label,arabic_transliteration,fantasy_ornate_arabic,egyptian_folklore_pixel,256x256,historical_medieval,border_framed,sega_genesis_megadrive/cartridge_label/arabic_transliteration/fantasy_ornate_arabic/egyptian_folklore_pixel/256x256/sega_genesis_megadrive_cartridge_label_0413_256x256.png,sega_genesis_megadrive/cartridge_label/arabic_transliteration/fantasy_ornate_arabic/egyptian_folklore_pixel/256x256/sega_genesis_megadrive_cartridge_label_0413_256x256.json
sega_genesis_megadrive_cartridge_label_0414_128x128,sega_genesis_megadrive,cartridge_label,arabic_subtitle,retro_8bit_arabic,japanese_boxart_style,128x128,egyptian_folklore,center_title_large,sega_genesis_megadrive/cartridge_label/arabic_subtitle/retro_8bit_arabic/japanese_boxart_style/128x128/sega_genesis_megadrive_cartridge_label_0414_128x128.png,sega_genesis_megadrive/cartridge_label/arabic_subtitle/retro_8bit_arabic/japanese_boxart_style/128x128/sega_genesis_megadrive_cartridge_label_0414_128x128.json
sega_genesis_megadrive_cartridge_label_0414_256x256,sega_genesis_megadrive,cartridge_label,arabic_subtitle,retro_8bit_arabic,japanese_boxart_style,256x256,egyptian_folklore,center_title_large,sega_genesis_megadrive/cartridge_label/arabic_subtitle/retro_8bit_arabic/japanese_boxart_style/256x256/sega_genesis_megadrive_cartridge_label_0414_256x256.png,sega_genesis_megadrive/cartridge_label/arabic_subtitle/retro_8bit_arabic/japanese_boxart_style/256x256/sega_genesis_megadrive_cartridge_label_0414_256x256.json
sega_genesis_megadrive_full_game_poster_0415_128x128,sega_genesis_megadrive,full_game_poster,arabic_only,metallic_chrome_arabic,western_boxart_style,128x128,post_apocalyptic,top_title_hero_bottom,sega_genesis_megadrive/full_game_poster/arabic_only/metallic_chrome_arabic/western_boxart_style/128x128/sega_genesis_megadrive_full_game_poster_0415_128x128.png,sega_genesis_megadrive/full_game_poster/arabic_only/metallic_chrome_arabic/western_boxart_style/128x128/sega_genesis_megadrive_full_game_poster_0415_128x128.json
sega_genesis_megadrive_full_game_poster_0415_256x256,sega_genesis_megadrive,full_game_poster,arabic_only,metallic_chrome_arabic,western_boxart_style,256x256,post_apocalyptic,top_title_hero_bottom,sega_genesis_megadrive/full_game_poster/arabic_only/metallic_chrome_arabic/western_boxart_style/256x256/sega_genesis_megadrive_full_game_poster_0415_256x256.png,sega_genesis_megadrive/full_game_poster/arabic_only/metallic_chrome_arabic/western_boxart_style/256x256/sega_genesis_megadrive_full_game_poster_0415_256x256.json
sega_genesis_megadrive_full_game_poster_0416_128x128,sega_genesis_megadrive,full_game_poster,bilingual_arabic_primary,pixel_thuluth_display,monochrome_dmg,128x128,platformer,bottom_title_scene_top,sega_genesis_megadrive/full_game_poster/bilingual_arabic_primary/pixel_thuluth_display/monochrome_dmg/128x128/sega_genesis_megadrive_full_game_poster_0416_128x128.png,sega_genesis_megadrive/full_game_poster/bilingual_arabic_primary/pixel_thuluth_display/monochrome_dmg/128x128/sega_genesis_megadrive_full_game_poster_0416_128x128.json
sega_genesis_megadrive_full_game_poster_0416_256x256,sega_genesis_megadrive,full_game_poster,bilingual_arabic_primary,pixel_thuluth_display,monochrome_dmg,256x256,platformer,bottom_title_scene_top,sega_genesis_megadrive/full_game_poster/bilingual_arabic_primary/pixel_thuluth_display/monochrome_dmg/256x256/sega_genesis_megadrive_full_game_poster_0416_256x256.png,sega_genesis_megadrive/full_game_poster/bilingual_arabic_primary/pixel_thuluth_display/monochrome_dmg/256x256/sega_genesis_megadrive_full_game_poster_0416_256x256.json
sega_genesis_megadrive_full_game_poster_0417_128x128,sega_genesis_megadrive,full_game_poster,bilingual_english_primary,pixel_calligraffiti,retro_8bit_nes,128x128,action_adventure,grid_framed_boxart,sega_genesis_megadrive/full_game_poster/bilingual_english_primary/pixel_calligraffiti/retro_8bit_nes/128x128/sega_genesis_megadrive_full_game_poster_0417_128x128.png,sega_genesis_megadrive/full_game_poster/bilingual_english_primary/pixel_calligraffiti/retro_8bit_nes/128x128/sega_genesis_megadrive_full_game_poster_0417_128x128.json
sega_genesis_megadrive_full_game_poster_0417_256x256,sega_genesis_megadrive,full_game_poster,bilingual_english_primary,pixel_calligraffiti,retro_8bit_nes,256x256,action_adventure,grid_framed_boxart,sega_genesis_megadrive/full_game_poster/bilingual_english_primary/pixel_calligraffiti/retro_8bit_nes/256x256/sega_genesis_megadrive_full_game_poster_0417_256x256.png,sega_genesis_megadrive/full_game_poster/bilingual_english_primary/pixel_calligraffiti/retro_8bit_nes/256x256/sega_genesis_megadrive_full_game_poster_0417_256x256.json
sega_genesis_megadrive_full_game_poster_0418_128x128,sega_genesis_megadrive,full_game_poster,parallel_pair_arabic,pixel_kufic_geometric,retro_16bit_snes_genesis,128x128,fighting_game,black_border_nes,sega_genesis_megadrive/full_game_poster/parallel_pair_arabic/pixel_kufic_geometric/retro_16bit_snes_genesis/128x128/sega_genesis_megadrive_full_game_poster_0418_128x128.png,sega_genesis_megadrive/full_game_poster/parallel_pair_arabic/pixel_kufic_geometric/retro_16bit_snes_genesis/128x128/sega_genesis_megadrive_full_game_poster_0418_128x128.json
sega_genesis_megadrive_full_game_poster_0418_256x256,sega_genesis_megadrive,full_game_poster,parallel_pair_arabic,pixel_kufic_geometric,retro_16bit_snes_genesis,256x256,fighting_game,black_border_nes,sega_genesis_megadrive/full_game_poster/parallel_pair_arabic/pixel_kufic_geometric/retro_16bit_snes_genesis/256x256/sega_genesis_megadrive_full_game_poster_0418_256x256.png,sega_genesis_megadrive/full_game_poster/parallel_pair_arabic/pixel_kufic_geometric/retro_16bit_snes_genesis/256x256/sega_genesis_megadrive_full_game_poster_0418_256x256.json
sega_genesis_megadrive_full_game_poster_0419_128x128,sega_genesis_megadrive,full_game_poster,arabic_transliteration,pixel_ruqah_fast,arcade_vibrant,128x128,rpg_fantasy,diagonal_arcade_badge,sega_genesis_megadrive/full_game_poster/arabic_transliteration/pixel_ruqah_fast/arcade_vibrant/128x128/sega_genesis_megadrive_full_game_poster_0419_128x128.png,sega_genesis_megadrive/full_game_poster/arabic_transliteration/pixel_ruqah_fast/arcade_vibrant/128x128/sega_genesis_megadrive_full_game_poster_0419_128x128.json
sega_genesis_megadrive_full_game_poster_0419_256x256,sega_genesis_megadrive,full_game_poster,arabic_transliteration,pixel_ruqah_fast,arcade_vibrant,256x256,rpg_fantasy,diagonal_arcade_badge,sega_genesis_megadrive/full_game_poster/arabic_transliteration/pixel_ruqah_fast/arcade_vibrant/256x256/sega_genesis_megadrive_full_game_poster_0419_256x256.png,sega_genesis_megadrive/full_game_poster/arabic_transliteration/pixel_ruqah_fast/arcade_vibrant/256x256/sega_genesis_megadrive_full_game_poster_0419_256x256.json
sega_genesis_megadrive_full_game_poster_0420_128x128,sega_genesis_megadrive,full_game_poster,arabic_subtitle,pixel_naskh_clean,retro_synthwave_80s,128x128,shoot_em_up,centered_emblem,sega_genesis_megadrive/full_game_poster/arabic_subtitle/pixel_naskh_clean/retro_synthwave_80s/128x128/sega_genesis_megadrive_full_game_poster_0420_128x128.png,sega_genesis_megadrive/full_game_poster/arabic_subtitle/pixel_naskh_clean/retro_synthwave_80s/128x128/sega_genesis_megadrive_full_game_poster_0420_128x128.json
sega_genesis_megadrive_full_game_poster_0420_256x256,sega_genesis_megadrive,full_game_poster,arabic_subtitle,pixel_naskh_clean,retro_synthwave_80s,256x256,shoot_em_up,centered_emblem,sega_genesis_megadrive/full_game_poster/arabic_subtitle/pixel_naskh_clean/retro_synthwave_80s/256x256/sega_genesis_megadrive_full_game_poster_0420_256x256.png,sega_genesis_megadrive/full_game_poster/arabic_subtitle/pixel_naskh_clean/retro_synthwave_80s/256x256/sega_genesis_megadrive_full_game_poster_0420_256x256.json
sega_genesis_megadrive_promo_flyer_0421_128x128,sega_genesis_megadrive,promo_flyer,arabic_only,bold_arcade_arabic,constructivist_arcade,128x128,racing_sports,split_bilingual_layout,sega_genesis_megadrive/promo_flyer/arabic_only/bold_arcade_arabic/constructivist_arcade/128x128/sega_genesis_megadrive_promo_flyer_0421_128x128.png,sega_genesis_megadrive/promo_flyer/arabic_only/bold_arcade_arabic/constructivist_arcade/128x128/sega_genesis_megadrive_promo_flyer_0421_128x128.json
sega_genesis_megadrive_promo_flyer_0421_256x256,sega_genesis_megadrive,promo_flyer,arabic_only,bold_arcade_arabic,constructivist_arcade,256x256,racing_sports,split_bilingual_layout,sega_genesis_megadrive/promo_flyer/arabic_only/bold_arcade_arabic/constructivist_arcade/256x256/sega_genesis_megadrive_promo_flyer_0421_256x256.png,sega_genesis_megadrive/promo_flyer/arabic_only/bold_arcade_arabic/constructivist_arcade/256x256/sega_genesis_megadrive_promo_flyer_0421_256x256.json
sega_genesis_megadrive_promo_flyer_0422_128x128,sega_genesis_megadrive,promo_flyer,bilingual_arabic_primary,3d_bevel_arabic,dark_fantasy_gothic,128x128,horror_survival,border_framed,sega_genesis_megadrive/promo_flyer/bilingual_arabic_primary/3d_bevel_arabic/dark_fantasy_gothic/128x128/sega_genesis_megadrive_promo_flyer_0422_128x128.png,sega_genesis_megadrive/promo_flyer/bilingual_arabic_primary/3d_bevel_arabic/dark_fantasy_gothic/128x128/sega_genesis_megadrive_promo_flyer_0422_128x128.json
sega_genesis_megadrive_promo_flyer_0422_256x256,sega_genesis_megadrive,promo_flyer,bilingual_arabic_primary,3d_bevel_arabic,dark_fantasy_gothic,256x256,horror_survival,border_framed,sega_genesis_megadrive/promo_flyer/bilingual_arabic_primary/3d_bevel_arabic/dark_fantasy_gothic/256x256/sega_genesis_megadrive_promo_flyer_0422_256x256.png,sega_genesis_megadrive/promo_flyer/bilingual_arabic_primary/3d_bevel_arabic/dark_fantasy_gothic/256x256/sega_genesis_megadrive_promo_flyer_0422_256x256.json
sega_genesis_megadrive_promo_flyer_0423_128x128,sega_genesis_megadrive,promo_flyer,bilingual_english_primary,neon_glitch_arabic,pop_art_comic,128x128,beat_em_up,center_title_large,sega_genesis_megadrive/promo_flyer/bilingual_english_primary/neon_glitch_arabic/pop_art_comic/128x128/sega_genesis_megadrive_promo_flyer_0423_128x128.png,sega_genesis_megadrive/promo_flyer/bilingual_english_primary/neon_glitch_arabic/pop_art_comic/128x128/sega_genesis_megadrive_promo_flyer_0423_128x128.json
sega_genesis_megadrive_promo_flyer_0423_256x256,sega_genesis_megadrive,promo_flyer,bilingual_english_primary,neon_glitch_arabic,pop_art_comic,256x256,beat_em_up,center_title_large,sega_genesis_megadrive/promo_flyer/bilingual_english_primary/neon_glitch_arabic/pop_art_comic/256x256/sega_genesis_megadrive_promo_flyer_0423_256x256.png,sega_genesis_megadrive/promo_flyer/bilingual_english_primary/neon_glitch_arabic/pop_art_comic/256x256/sega_genesis_megadrive_promo_flyer_0423_256x256.json
sega_genesis_megadrive_promo_flyer_0424_128x128,sega_genesis_megadrive,promo_flyer,parallel_pair_arabic,fantasy_ornate_arabic,cyberpunk_neon_dystopian,128x128,puzzle_strategy,top_title_hero_bottom,sega_genesis_megadrive/promo_flyer/parallel_pair_arabic/fantasy_ornate_arabic/cyberpunk_neon_dystopian/128x128/sega_genesis_megadrive_promo_flyer_0424_128x128.png,sega_genesis_megadrive/promo_flyer/parallel_pair_arabic/fantasy_ornate_arabic/cyberpunk_neon_dystopian/128x128/sega_genesis_megadrive_promo_flyer_0424_128x128.json
sega_genesis_megadrive_promo_flyer_0424_256x256,sega_genesis_megadrive,promo_flyer,parallel_pair_arabic,fantasy_ornate_arabic,cyberpunk_neon_dystopian,256x256,puzzle_strategy,top_title_hero_bottom,sega_genesis_megadrive/promo_flyer/parallel_pair_arabic/fantasy_ornate_arabic/cyberpunk_neon_dystopian/256x256/sega_genesis_megadrive_promo_flyer_0424_256x256.png,sega_genesis_megadrive/promo_flyer/parallel_pair_arabic/fantasy_ornate_arabic/cyberpunk_neon_dystopian/256x256/sega_genesis_megadrive_promo_flyer_0424_256x256.json
sega_genesis_megadrive_promo_flyer_0425_128x128,sega_genesis_megadrive,promo_flyer,arabic_transliteration,retro_8bit_arabic,minimalist_pixel_poster,128x128,sci_fi_cyberpunk,bottom_title_scene_top,sega_genesis_megadrive/promo_flyer/arabic_transliteration/retro_8bit_arabic/minimalist_pixel_poster/128x128/sega_genesis_megadrive_promo_flyer_0425_128x128.png,sega_genesis_megadrive/promo_flyer/arabic_transliteration/retro_8bit_arabic/minimalist_pixel_poster/128x128/sega_genesis_megadrive_promo_flyer_0425_128x128.json
sega_genesis_megadrive_promo_flyer_0425_256x256,sega_genesis_megadrive,promo_flyer,arabic_transliteration,retro_8bit_arabic,minimalist_pixel_poster,256x256,sci_fi_cyberpunk,bottom_title_scene_top,sega_genesis_megadrive/promo_flyer/arabic_transliteration/retro_8bit_arabic/minimalist_pixel_poster/256x256/sega_genesis_megadrive_promo_flyer_0425_256x256.png,sega_genesis_megadrive/promo_flyer/arabic_transliteration/retro_8bit_arabic/minimalist_pixel_poster/256x256/sega_genesis_megadrive_promo_flyer_0425_256x256.json
sega_genesis_megadrive_promo_flyer_0426_128x128,sega_genesis_megadrive,promo_flyer,arabic_subtitle,metallic_chrome_arabic,egyptian_folklore_pixel,128x128,historical_medieval,grid_framed_boxart,sega_genesis_megadrive/promo_flyer/arabic_subtitle/metallic_chrome_arabic/egyptian_folklore_pixel/128x128/sega_genesis_megadrive_promo_flyer_0426_128x128.png,sega_genesis_megadrive/promo_flyer/arabic_subtitle/metallic_chrome_arabic/egyptian_folklore_pixel/128x128/sega_genesis_megadrive_promo_flyer_0426_128x128.json
sega_genesis_megadrive_promo_flyer_0426_256x256,sega_genesis_megadrive,promo_flyer,arabic_subtitle,metallic_chrome_arabic,egyptian_folklore_pixel,256x256,historical_medieval,grid_framed_boxart,sega_genesis_megadrive/promo_flyer/arabic_subtitle/metallic_chrome_arabic/egyptian_folklore_pixel/256x256/sega_genesis_megadrive_promo_flyer_0426_256x256.png,sega_genesis_megadrive/promo_flyer/arabic_subtitle/metallic_chrome_arabic/egyptian_folklore_pixel/256x256/sega_genesis_megadrive_promo_flyer_0426_256x256.json
sega_genesis_megadrive_arabic_title_logo_0427_128x128,sega_genesis_megadrive,arabic_title_logo,arabic_only,pixel_thuluth_display,japanese_boxart_style,128x128,egyptian_folklore,black_border_nes,sega_genesis_megadrive/arabic_title_logo/arabic_only/pixel_thuluth_display/japanese_boxart_style/128x128/sega_genesis_megadrive_arabic_title_logo_0427_128x128.png,sega_genesis_megadrive/arabic_title_logo/arabic_only/pixel_thuluth_display/japanese_boxart_style/128x128/sega_genesis_megadrive_arabic_title_logo_0427_128x128.json
sega_genesis_megadrive_arabic_title_logo_0427_256x256,sega_genesis_megadrive,arabic_title_logo,arabic_only,pixel_thuluth_display,japanese_boxart_style,256x256,egyptian_folklore,black_border_nes,sega_genesis_megadrive/arabic_title_logo/arabic_only/pixel_thuluth_display/japanese_boxart_style/256x256/sega_genesis_megadrive_arabic_title_logo_0427_256x256.png,sega_genesis_megadrive/arabic_title_logo/arabic_only/pixel_thuluth_display/japanese_boxart_style/256x256/sega_genesis_megadrive_arabic_title_logo_0427_256x256.json
sega_genesis_megadrive_arabic_title_logo_0428_128x128,sega_genesis_megadrive,arabic_title_logo,bilingual_arabic_primary,pixel_calligraffiti,western_boxart_style,128x128,post_apocalyptic,diagonal_arcade_badge,sega_genesis_megadrive/arabic_title_logo/bilingual_arabic_primary/pixel_calligraffiti/western_boxart_style/128x128/sega_genesis_megadrive_arabic_title_logo_0428_128x128.png,sega_genesis_megadrive/arabic_title_logo/bilingual_arabic_primary/pixel_calligraffiti/western_boxart_style/128x128/sega_genesis_megadrive_arabic_title_logo_0428_128x128.json
sega_genesis_megadrive_arabic_title_logo_0428_256x256,sega_genesis_megadrive,arabic_title_logo,bilingual_arabic_primary,pixel_calligraffiti,western_boxart_style,256x256,post_apocalyptic,diagonal_arcade_badge,sega_genesis_megadrive/arabic_title_logo/bilingual_arabic_primary/pixel_calligraffiti/western_boxart_style/256x256/sega_genesis_megadrive_arabic_title_logo_0428_256x256.png,sega_genesis_megadrive/arabic_title_logo/bilingual_arabic_primary/pixel_calligraffiti/western_boxart_style/256x256/sega_genesis_megadrive_arabic_title_logo_0428_256x256.json
sega_genesis_megadrive_arabic_title_logo_0429_128x128,sega_genesis_megadrive,arabic_title_logo,bilingual_english_primary,pixel_kufic_geometric,monochrome_dmg,128x128,platformer,centered_emblem,sega_genesis_megadrive/arabic_title_logo/bilingual_english_primary/pixel_kufic_geometric/monochrome_dmg/128x128/sega_genesis_megadrive_arabic_title_logo_0429_128x128.png,sega_genesis_megadrive/arabic_title_logo/bilingual_english_primary/pixel_kufic_geometric/monochrome_dmg/128x128/sega_genesis_megadrive_arabic_title_logo_0429_128x128.json
sega_genesis_megadrive_arabic_title_logo_0429_256x256,sega_genesis_megadrive,arabic_title_logo,bilingual_english_primary,pixel_kufic_geometric,monochrome_dmg,256x256,platformer,centered_emblem,sega_genesis_megadrive/arabic_title_logo/bilingual_english_primary/pixel_kufic_geometric/monochrome_dmg/256x256/sega_genesis_megadrive_arabic_title_logo_0429_256x256.png,sega_genesis_megadrive/arabic_title_logo/bilingual_english_primary/pixel_kufic_geometric/monochrome_dmg/256x256/sega_genesis_megadrive_arabic_title_logo_0429_256x256.json
sega_genesis_megadrive_arabic_title_logo_0430_128x128,sega_genesis_megadrive,arabic_title_logo,parallel_pair_arabic,pixel_ruqah_fast,retro_8bit_nes,128x128,action_adventure,split_bilingual_layout,sega_genesis_megadrive/arabic_title_logo/parallel_pair_arabic/pixel_ruqah_fast/retro_8bit_nes/128x128/sega_genesis_megadrive_arabic_title_logo_0430_128x128.png,sega_genesis_megadrive/arabic_title_logo/parallel_pair_arabic/pixel_ruqah_fast/retro_8bit_nes/128x128/sega_genesis_megadrive_arabic_title_logo_0430_128x128.json
sega_genesis_megadrive_arabic_title_logo_0430_256x256,sega_genesis_megadrive,arabic_title_logo,parallel_pair_arabic,pixel_ruqah_fast,retro_8bit_nes,256x256,action_adventure,split_bilingual_layout,sega_genesis_megadrive/arabic_title_logo/parallel_pair_arabic/pixel_ruqah_fast/retro_8bit_nes/256x256/sega_genesis_megadrive_arabic_title_logo_0430_256x256.png,sega_genesis_megadrive/arabic_title_logo/parallel_pair_arabic/pixel_ruqah_fast/retro_8bit_nes/256x256/sega_genesis_megadrive_arabic_title_logo_0430_256x256.json
sega_genesis_megadrive_arabic_title_logo_0431_128x128,sega_genesis_megadrive,arabic_title_logo,arabic_transliteration,pixel_naskh_clean,retro_16bit_snes_genesis,128x128,fighting_game,border_framed,sega_genesis_megadrive/arabic_title_logo/arabic_transliteration/pixel_naskh_clean/retro_16bit_snes_genesis/128x128/sega_genesis_megadrive_arabic_title_logo_0431_128x128.png,sega_genesis_megadrive/arabic_title_logo/arabic_transliteration/pixel_naskh_clean/retro_16bit_snes_genesis/128x128/sega_genesis_megadrive_arabic_title_logo_0431_128x128.json
sega_genesis_megadrive_arabic_title_logo_0431_256x256,sega_genesis_megadrive,arabic_title_logo,arabic_transliteration,pixel_naskh_clean,retro_16bit_snes_genesis,256x256,fighting_game,border_framed,sega_genesis_megadrive/arabic_title_logo/arabic_transliteration/pixel_naskh_clean/retro_16bit_snes_genesis/256x256/sega_genesis_megadrive_arabic_title_logo_0431_256x256.png,sega_genesis_megadrive/arabic_title_logo/arabic_transliteration/pixel_naskh_clean/retro_16bit_snes_genesis/256x256/sega_genesis_megadrive_arabic_title_logo_0431_256x256.json
sega_genesis_megadrive_arabic_title_logo_0432_128x128,sega_genesis_megadrive,arabic_title_logo,arabic_subtitle,bold_arcade_arabic,arcade_vibrant,128x128,rpg_fantasy,center_title_large,sega_genesis_megadrive/arabic_title_logo/arabic_subtitle/bold_arcade_arabic/arcade_vibrant/128x128/sega_genesis_megadrive_arabic_title_logo_0432_128x128.png,sega_genesis_megadrive/arabic_title_logo/arabic_subtitle/bold_arcade_arabic/arcade_vibrant/128x128/sega_genesis_megadrive_arabic_title_logo_0432_128x128.json
sega_genesis_megadrive_arabic_title_logo_0432_256x256,sega_genesis_megadrive,arabic_title_logo,arabic_subtitle,bold_arcade_arabic,arcade_vibrant,256x256,rpg_fantasy,center_title_large,sega_genesis_megadrive/arabic_title_logo/arabic_subtitle/bold_arcade_arabic/arcade_vibrant/256x256/sega_genesis_megadrive_arabic_title_logo_0432_256x256.png,sega_genesis_megadrive/arabic_title_logo/arabic_subtitle/bold_arcade_arabic/arcade_vibrant/256x256/sega_genesis_megadrive_arabic_title_logo_0432_256x256.json
sega_genesis_megadrive_english_title_logo_0433_128x128,sega_genesis_megadrive,english_title_logo,arabic_only,3d_bevel_arabic,retro_synthwave_80s,128x128,shoot_em_up,top_title_hero_bottom,sega_genesis_megadrive/english_title_logo/arabic_only/3d_bevel_arabic/retro_synthwave_80s/128x128/sega_genesis_megadrive_english_title_logo_0433_128x128.png,sega_genesis_megadrive/english_title_logo/arabic_only/3d_bevel_arabic/retro_synthwave_80s/128x128/sega_genesis_megadrive_english_title_logo_0433_128x128.json
sega_genesis_megadrive_english_title_logo_0433_256x256,sega_genesis_megadrive,english_title_logo,arabic_only,3d_bevel_arabic,retro_synthwave_80s,256x256,shoot_em_up,top_title_hero_bottom,sega_genesis_megadrive/english_title_logo/arabic_only/3d_bevel_arabic/retro_synthwave_80s/256x256/sega_genesis_megadrive_english_title_logo_0433_256x256.png,sega_genesis_megadrive/english_title_logo/arabic_only/3d_bevel_arabic/retro_synthwave_80s/256x256/sega_genesis_megadrive_english_title_logo_0433_256x256.json
sega_genesis_megadrive_english_title_logo_0434_128x128,sega_genesis_megadrive,english_title_logo,bilingual_arabic_primary,neon_glitch_arabic,constructivist_arcade,128x128,racing_sports,bottom_title_scene_top,sega_genesis_megadrive/english_title_logo/bilingual_arabic_primary/neon_glitch_arabic/constructivist_arcade/128x128/sega_genesis_megadrive_english_title_logo_0434_128x128.png,sega_genesis_megadrive/english_title_logo/bilingual_arabic_primary/neon_glitch_arabic/constructivist_arcade/128x128/sega_genesis_megadrive_english_title_logo_0434_128x128.json
sega_genesis_megadrive_english_title_logo_0434_256x256,sega_genesis_megadrive,english_title_logo,bilingual_arabic_primary,neon_glitch_arabic,constructivist_arcade,256x256,racing_sports,bottom_title_scene_top,sega_genesis_megadrive/english_title_logo/bilingual_arabic_primary/neon_glitch_arabic/constructivist_arcade/256x256/sega_genesis_megadrive_english_title_logo_0434_256x256.png,sega_genesis_megadrive/english_title_logo/bilingual_arabic_primary/neon_glitch_arabic/constructivist_arcade/256x256/sega_genesis_megadrive_english_title_logo_0434_256x256.json
sega_genesis_megadrive_english_title_logo_0435_128x128,sega_genesis_megadrive,english_title_logo,bilingual_english_primary,fantasy_ornate_arabic,dark_fantasy_gothic,128x128,horror_survival,grid_framed_boxart,sega_genesis_megadrive/english_title_logo/bilingual_english_primary/fantasy_ornate_arabic/dark_fantasy_gothic/128x128/sega_genesis_megadrive_english_title_logo_0435_128x128.png,sega_genesis_megadrive/english_title_logo/bilingual_english_primary/fantasy_ornate_arabic/dark_fantasy_gothic/128x128/sega_genesis_megadrive_english_title_logo_0435_128x128.json
sega_genesis_megadrive_english_title_logo_0435_256x256,sega_genesis_megadrive,english_title_logo,bilingual_english_primary,fantasy_ornate_arabic,dark_fantasy_gothic,256x256,horror_survival,grid_framed_boxart,sega_genesis_megadrive/english_title_logo/bilingual_english_primary/fantasy_ornate_arabic/dark_fantasy_gothic/256x256/sega_genesis_megadrive_english_title_logo_0435_256x256.png,sega_genesis_megadrive/english_title_logo/bilingual_english_primary/fantasy_ornate_arabic/dark_fantasy_gothic/256x256/sega_genesis_megadrive_english_title_logo_0435_256x256.json
sega_genesis_megadrive_english_title_logo_0436_128x128,sega_genesis_megadrive,english_title_logo,parallel_pair_arabic,retro_8bit_arabic,pop_art_comic,128x128,beat_em_up,black_border_nes,sega_genesis_megadrive/english_title_logo/parallel_pair_arabic/retro_8bit_arabic/pop_art_comic/128x128/sega_genesis_megadrive_english_title_logo_0436_128x128.png,sega_genesis_megadrive/english_title_logo/parallel_pair_arabic/retro_8bit_arabic/pop_art_comic/128x128/sega_genesis_megadrive_english_title_logo_0436_128x128.json
sega_genesis_megadrive_english_title_logo_0436_256x256,sega_genesis_megadrive,english_title_logo,parallel_pair_arabic,retro_8bit_arabic,pop_art_comic,256x256,beat_em_up,black_border_nes,sega_genesis_megadrive/english_title_logo/parallel_pair_arabic/retro_8bit_arabic/pop_art_comic/256x256/sega_genesis_megadrive_english_title_logo_0436_256x256.png,sega_genesis_megadrive/english_title_logo/parallel_pair_arabic/retro_8bit_arabic/pop_art_comic/256x256/sega_genesis_megadrive_english_title_logo_0436_256x256.json
sega_genesis_megadrive_english_title_logo_0437_128x128,sega_genesis_megadrive,english_title_logo,arabic_transliteration,metallic_chrome_arabic,cyberpunk_neon_dystopian,128x128,puzzle_strategy,diagonal_arcade_badge,sega_genesis_megadrive/english_title_logo/arabic_transliteration/metallic_chrome_arabic/cyberpunk_neon_dystopian/128x128/sega_genesis_megadrive_english_title_logo_0437_128x128.png,sega_genesis_megadrive/english_title_logo/arabic_transliteration/metallic_chrome_arabic/cyberpunk_neon_dystopian/128x128/sega_genesis_megadrive_english_title_logo_0437_128x128.json
sega_genesis_megadrive_english_title_logo_0437_256x256,sega_genesis_megadrive,english_title_logo,arabic_transliteration,metallic_chrome_arabic,cyberpunk_neon_dystopian,256x256,puzzle_strategy,diagonal_arcade_badge,sega_genesis_megadrive/english_title_logo/arabic_transliteration/metallic_chrome_arabic/cyberpunk_neon_dystopian/256x256/sega_genesis_megadrive_english_title_logo_0437_256x256.png,sega_genesis_megadrive/english_title_logo/arabic_transliteration/metallic_chrome_arabic/cyberpunk_neon_dystopian/256x256/sega_genesis_megadrive_english_title_logo_0437_256x256.json
sega_genesis_megadrive_english_title_logo_0438_128x128,sega_genesis_megadrive,english_title_logo,arabic_subtitle,pixel_thuluth_display,minimalist_pixel_poster,128x128,sci_fi_cyberpunk,centered_emblem,sega_genesis_megadrive/english_title_logo/arabic_subtitle/pixel_thuluth_display/minimalist_pixel_poster/128x128/sega_genesis_megadrive_english_title_logo_0438_128x128.png,sega_genesis_megadrive/english_title_logo/arabic_subtitle/pixel_thuluth_display/minimalist_pixel_poster/128x128/sega_genesis_megadrive_english_title_logo_0438_128x128.json
sega_genesis_megadrive_english_title_logo_0438_256x256,sega_genesis_megadrive,english_title_logo,arabic_subtitle,pixel_thuluth_display,minimalist_pixel_poster,256x256,sci_fi_cyberpunk,centered_emblem,sega_genesis_megadrive/english_title_logo/arabic_subtitle/pixel_thuluth_display/minimalist_pixel_poster/256x256/sega_genesis_megadrive_english_title_logo_0438_256x256.png,sega_genesis_megadrive/english_title_logo/arabic_subtitle/pixel_thuluth_display/minimalist_pixel_poster/256x256/sega_genesis_megadrive_english_title_logo_0438_256x256.json
sega_genesis_megadrive_bilingual_title_logo_0439_128x128,sega_genesis_megadrive,bilingual_title_logo,arabic_only,pixel_calligraffiti,egyptian_folklore_pixel,128x128,historical_medieval,split_bilingual_layout,sega_genesis_megadrive/bilingual_title_logo/arabic_only/pixel_calligraffiti/egyptian_folklore_pixel/128x128/sega_genesis_megadrive_bilingual_title_logo_0439_128x128.png,sega_genesis_megadrive/bilingual_title_logo/arabic_only/pixel_calligraffiti/egyptian_folklore_pixel/128x128/sega_genesis_megadrive_bilingual_title_logo_0439_128x128.json
sega_genesis_megadrive_bilingual_title_logo_0439_256x256,sega_genesis_megadrive,bilingual_title_logo,arabic_only,pixel_calligraffiti,egyptian_folklore_pixel,256x256,historical_medieval,split_bilingual_layout,sega_genesis_megadrive/bilingual_title_logo/arabic_only/pixel_calligraffiti/egyptian_folklore_pixel/256x256/sega_genesis_megadrive_bilingual_title_logo_0439_256x256.png,sega_genesis_megadrive/bilingual_title_logo/arabic_only/pixel_calligraffiti/egyptian_folklore_pixel/256x256/sega_genesis_megadrive_bilingual_title_logo_0439_256x256.json
sega_genesis_megadrive_bilingual_title_logo_0440_128x128,sega_genesis_megadrive,bilingual_title_logo,bilingual_arabic_primary,pixel_kufic_geometric,japanese_boxart_style,128x128,egyptian_folklore,border_framed,sega_genesis_megadrive/bilingual_title_logo/bilingual_arabic_primary/pixel_kufic_geometric/japanese_boxart_style/128x128/sega_genesis_megadrive_bilingual_title_logo_0440_128x128.png,sega_genesis_megadrive/bilingual_title_logo/bilingual_arabic_primary/pixel_kufic_geometric/japanese_boxart_style/128x128/sega_genesis_megadrive_bilingual_title_logo_0440_128x128.json
sega_genesis_megadrive_bilingual_title_logo_0440_256x256,sega_genesis_megadrive,bilingual_title_logo,bilingual_arabic_primary,pixel_kufic_geometric,japanese_boxart_style,256x256,egyptian_folklore,border_framed,sega_genesis_megadrive/bilingual_title_logo/bilingual_arabic_primary/pixel_kufic_geometric/japanese_boxart_style/256x256/sega_genesis_megadrive_bilingual_title_logo_0440_256x256.png,sega_genesis_megadrive/bilingual_title_logo/bilingual_arabic_primary/pixel_kufic_geometric/japanese_boxart_style/256x256/sega_genesis_megadrive_bilingual_title_logo_0440_256x256.json
sega_genesis_megadrive_bilingual_title_logo_0441_128x128,sega_genesis_megadrive,bilingual_title_logo,bilingual_english_primary,pixel_ruqah_fast,western_boxart_style,128x128,post_apocalyptic,center_title_large,sega_genesis_megadrive/bilingual_title_logo/bilingual_english_primary/pixel_ruqah_fast/western_boxart_style/128x128/sega_genesis_megadrive_bilingual_title_logo_0441_128x128.png,sega_genesis_megadrive/bilingual_title_logo/bilingual_english_primary/pixel_ruqah_fast/western_boxart_style/128x128/sega_genesis_megadrive_bilingual_title_logo_0441_128x128.json
sega_genesis_megadrive_bilingual_title_logo_0441_256x256,sega_genesis_megadrive,bilingual_title_logo,bilingual_english_primary,pixel_ruqah_fast,western_boxart_style,256x256,post_apocalyptic,center_title_large,sega_genesis_megadrive/bilingual_title_logo/bilingual_english_primary/pixel_ruqah_fast/western_boxart_style/256x256/sega_genesis_megadrive_bilingual_title_logo_0441_256x256.png,sega_genesis_megadrive/bilingual_title_logo/bilingual_english_primary/pixel_ruqah_fast/western_boxart_style/256x256/sega_genesis_megadrive_bilingual_title_logo_0441_256x256.json
sega_genesis_megadrive_bilingual_title_logo_0442_128x128,sega_genesis_megadrive,bilingual_title_logo,parallel_pair_arabic,pixel_naskh_clean,monochrome_dmg,128x128,platformer,top_title_hero_bottom,sega_genesis_megadrive/bilingual_title_logo/parallel_pair_arabic/pixel_naskh_clean/monochrome_dmg/128x128/sega_genesis_megadrive_bilingual_title_logo_0442_128x128.png,sega_genesis_megadrive/bilingual_title_logo/parallel_pair_arabic/pixel_naskh_clean/monochrome_dmg/128x128/sega_genesis_megadrive_bilingual_title_logo_0442_128x128.json
sega_genesis_megadrive_bilingual_title_logo_0442_256x256,sega_genesis_megadrive,bilingual_title_logo,parallel_pair_arabic,pixel_naskh_clean,monochrome_dmg,256x256,platformer,top_title_hero_bottom,sega_genesis_megadrive/bilingual_title_logo/parallel_pair_arabic/pixel_naskh_clean/monochrome_dmg/256x256/sega_genesis_megadrive_bilingual_title_logo_0442_256x256.png,sega_genesis_megadrive/bilingual_title_logo/parallel_pair_arabic/pixel_naskh_clean/monochrome_dmg/256x256/sega_genesis_megadrive_bilingual_title_logo_0442_256x256.json
sega_genesis_megadrive_bilingual_title_logo_0443_128x128,sega_genesis_megadrive,bilingual_title_logo,arabic_transliteration,bold_arcade_arabic,retro_8bit_nes,128x128,action_adventure,bottom_title_scene_top,sega_genesis_megadrive/bilingual_title_logo/arabic_transliteration/bold_arcade_arabic/retro_8bit_nes/128x128/sega_genesis_megadrive_bilingual_title_logo_0443_128x128.png,sega_genesis_megadrive/bilingual_title_logo/arabic_transliteration/bold_arcade_arabic/retro_8bit_nes/128x128/sega_genesis_megadrive_bilingual_title_logo_0443_128x128.json
sega_genesis_megadrive_bilingual_title_logo_0443_256x256,sega_genesis_megadrive,bilingual_title_logo,arabic_transliteration,bold_arcade_arabic,retro_8bit_nes,256x256,action_adventure,bottom_title_scene_top,sega_genesis_megadrive/bilingual_title_logo/arabic_transliteration/bold_arcade_arabic/retro_8bit_nes/256x256/sega_genesis_megadrive_bilingual_title_logo_0443_256x256.png,sega_genesis_megadrive/bilingual_title_logo/arabic_transliteration/bold_arcade_arabic/retro_8bit_nes/256x256/sega_genesis_megadrive_bilingual_title_logo_0443_256x256.json
sega_genesis_megadrive_bilingual_title_logo_0444_128x128,sega_genesis_megadrive,bilingual_title_logo,arabic_subtitle,3d_bevel_arabic,retro_16bit_snes_genesis,128x128,fighting_game,grid_framed_boxart,sega_genesis_megadrive/bilingual_title_logo/arabic_subtitle/3d_bevel_arabic/retro_16bit_snes_genesis/128x128/sega_genesis_megadrive_bilingual_title_logo_0444_128x128.png,sega_genesis_megadrive/bilingual_title_logo/arabic_subtitle/3d_bevel_arabic/retro_16bit_snes_genesis/128x128/sega_genesis_megadrive_bilingual_title_logo_0444_128x128.json
sega_genesis_megadrive_bilingual_title_logo_0444_256x256,sega_genesis_megadrive,bilingual_title_logo,arabic_subtitle,3d_bevel_arabic,retro_16bit_snes_genesis,256x256,fighting_game,grid_framed_boxart,sega_genesis_megadrive/bilingual_title_logo/arabic_subtitle/3d_bevel_arabic/retro_16bit_snes_genesis/256x256/sega_genesis_megadrive_bilingual_title_logo_0444_256x256.png,sega_genesis_megadrive/bilingual_title_logo/arabic_subtitle/3d_bevel_arabic/retro_16bit_snes_genesis/256x256/sega_genesis_megadrive_bilingual_title_logo_0444_256x256.json
sega_genesis_megadrive_pixel_lettering_0445_128x128,sega_genesis_megadrive,pixel_lettering,arabic_only,neon_glitch_arabic,arcade_vibrant,128x128,rpg_fantasy,black_border_nes,sega_genesis_megadrive/pixel_lettering/arabic_only/neon_glitch_arabic/arcade_vibrant/128x128/sega_genesis_megadrive_pixel_lettering_0445_128x128.png,sega_genesis_megadrive/pixel_lettering/arabic_only/neon_glitch_arabic/arcade_vibrant/128x128/sega_genesis_megadrive_pixel_lettering_0445_128x128.json
sega_genesis_megadrive_pixel_lettering_0445_256x256,sega_genesis_megadrive,pixel_lettering,arabic_only,neon_glitch_arabic,arcade_vibrant,256x256,rpg_fantasy,black_border_nes,sega_genesis_megadrive/pixel_lettering/arabic_only/neon_glitch_arabic/arcade_vibrant/256x256/sega_genesis_megadrive_pixel_lettering_0445_256x256.png,sega_genesis_megadrive/pixel_lettering/arabic_only/neon_glitch_arabic/arcade_vibrant/256x256/sega_genesis_megadrive_pixel_lettering_0445_256x256.json
sega_genesis_megadrive_pixel_lettering_0446_128x128,sega_genesis_megadrive,pixel_lettering,bilingual_arabic_primary,fantasy_ornate_arabic,retro_synthwave_80s,128x128,shoot_em_up,diagonal_arcade_badge,sega_genesis_megadrive/pixel_lettering/bilingual_arabic_primary/fantasy_ornate_arabic/retro_synthwave_80s/128x128/sega_genesis_megadrive_pixel_lettering_0446_128x128.png,sega_genesis_megadrive/pixel_lettering/bilingual_arabic_primary/fantasy_ornate_arabic/retro_synthwave_80s/128x128/sega_genesis_megadrive_pixel_lettering_0446_128x128.json
sega_genesis_megadrive_pixel_lettering_0446_256x256,sega_genesis_megadrive,pixel_lettering,bilingual_arabic_primary,fantasy_ornate_arabic,retro_synthwave_80s,256x256,shoot_em_up,diagonal_arcade_badge,sega_genesis_megadrive/pixel_lettering/bilingual_arabic_primary/fantasy_ornate_arabic/retro_synthwave_80s/256x256/sega_genesis_megadrive_pixel_lettering_0446_256x256.png,sega_genesis_megadrive/pixel_lettering/bilingual_arabic_primary/fantasy_ornate_arabic/retro_synthwave_80s/256x256/sega_genesis_megadrive_pixel_lettering_0446_256x256.json
sega_genesis_megadrive_pixel_lettering_0447_128x128,sega_genesis_megadrive,pixel_lettering,bilingual_english_primary,retro_8bit_arabic,constructivist_arcade,128x128,racing_sports,centered_emblem,sega_genesis_megadrive/pixel_lettering/bilingual_english_primary/retro_8bit_arabic/constructivist_arcade/128x128/sega_genesis_megadrive_pixel_lettering_0447_128x128.png,sega_genesis_megadrive/pixel_lettering/bilingual_english_primary/retro_8bit_arabic/constructivist_arcade/128x128/sega_genesis_megadrive_pixel_lettering_0447_128x128.json
sega_genesis_megadrive_pixel_lettering_0447_256x256,sega_genesis_megadrive,pixel_lettering,bilingual_english_primary,retro_8bit_arabic,constructivist_arcade,256x256,racing_sports,centered_emblem,sega_genesis_megadrive/pixel_lettering/bilingual_english_primary/retro_8bit_arabic/constructivist_arcade/256x256/sega_genesis_megadrive_pixel_lettering_0447_256x256.png,sega_genesis_megadrive/pixel_lettering/bilingual_english_primary/retro_8bit_arabic/constructivist_arcade/256x256/sega_genesis_megadrive_pixel_lettering_0447_256x256.json
sega_genesis_megadrive_pixel_lettering_0448_128x128,sega_genesis_megadrive,pixel_lettering,parallel_pair_arabic,metallic_chrome_arabic,dark_fantasy_gothic,128x128,horror_survival,split_bilingual_layout,sega_genesis_megadrive/pixel_lettering/parallel_pair_arabic/metallic_chrome_arabic/dark_fantasy_gothic/128x128/sega_genesis_megadrive_pixel_lettering_0448_128x128.png,sega_genesis_megadrive/pixel_lettering/parallel_pair_arabic/metallic_chrome_arabic/dark_fantasy_gothic/128x128/sega_genesis_megadrive_pixel_lettering_0448_128x128.json
sega_genesis_megadrive_pixel_lettering_0448_256x256,sega_genesis_megadrive,pixel_lettering,parallel_pair_arabic,metallic_chrome_arabic,dark_fantasy_gothic,256x256,horror_survival,split_bilingual_layout,sega_genesis_megadrive/pixel_lettering/parallel_pair_arabic/metallic_chrome_arabic/dark_fantasy_gothic/256x256/sega_genesis_megadrive_pixel_lettering_0448_256x256.png,sega_genesis_megadrive/pixel_lettering/parallel_pair_arabic/metallic_chrome_arabic/dark_fantasy_gothic/256x256/sega_genesis_megadrive_pixel_lettering_0448_256x256.json
sega_genesis_megadrive_pixel_lettering_0449_128x128,sega_genesis_megadrive,pixel_lettering,arabic_transliteration,pixel_thuluth_display,pop_art_comic,128x128,beat_em_up,border_framed,sega_genesis_megadrive/pixel_lettering/arabic_transliteration/pixel_thuluth_display/pop_art_comic/128x128/sega_genesis_megadrive_pixel_lettering_0449_128x128.png,sega_genesis_megadrive/pixel_lettering/arabic_transliteration/pixel_thuluth_display/pop_art_comic/128x128/sega_genesis_megadrive_pixel_lettering_0449_128x128.json
sega_genesis_megadrive_pixel_lettering_0449_256x256,sega_genesis_megadrive,pixel_lettering,arabic_transliteration,pixel_thuluth_display,pop_art_comic,256x256,beat_em_up,border_framed,sega_genesis_megadrive/pixel_lettering/arabic_transliteration/pixel_thuluth_display/pop_art_comic/256x256/sega_genesis_megadrive_pixel_lettering_0449_256x256.png,sega_genesis_megadrive/pixel_lettering/arabic_transliteration/pixel_thuluth_display/pop_art_comic/256x256/sega_genesis_megadrive_pixel_lettering_0449_256x256.json
sega_genesis_megadrive_pixel_lettering_0450_128x128,sega_genesis_megadrive,pixel_lettering,arabic_subtitle,pixel_calligraffiti,cyberpunk_neon_dystopian,128x128,puzzle_strategy,center_title_large,sega_genesis_megadrive/pixel_lettering/arabic_subtitle/pixel_calligraffiti/cyberpunk_neon_dystopian/128x128/sega_genesis_megadrive_pixel_lettering_0450_128x128.png,sega_genesis_megadrive/pixel_lettering/arabic_subtitle/pixel_calligraffiti/cyberpunk_neon_dystopian/128x128/sega_genesis_megadrive_pixel_lettering_0450_128x128.json
sega_genesis_megadrive_pixel_lettering_0450_256x256,sega_genesis_megadrive,pixel_lettering,arabic_subtitle,pixel_calligraffiti,cyberpunk_neon_dystopian,256x256,puzzle_strategy,center_title_large,sega_genesis_megadrive/pixel_lettering/arabic_subtitle/pixel_calligraffiti/cyberpunk_neon_dystopian/256x256/sega_genesis_megadrive_pixel_lettering_0450_256x256.png,sega_genesis_megadrive/pixel_lettering/arabic_subtitle/pixel_calligraffiti/cyberpunk_neon_dystopian/256x256/sega_genesis_megadrive_pixel_lettering_0450_256x256.json
sega_genesis_megadrive_game_over_screen_0451_128x128,sega_genesis_megadrive,game_over_screen,arabic_only,pixel_kufic_geometric,minimalist_pixel_poster,128x128,sci_fi_cyberpunk,top_title_hero_bottom,sega_genesis_megadrive/game_over_screen/arabic_only/pixel_kufic_geometric/minimalist_pixel_poster/128x128/sega_genesis_megadrive_game_over_screen_0451_128x128.png,sega_genesis_megadrive/game_over_screen/arabic_only/pixel_kufic_geometric/minimalist_pixel_poster/128x128/sega_genesis_megadrive_game_over_screen_0451_128x128.json
sega_genesis_megadrive_game_over_screen_0451_256x256,sega_genesis_megadrive,game_over_screen,arabic_only,pixel_kufic_geometric,minimalist_pixel_poster,256x256,sci_fi_cyberpunk,top_title_hero_bottom,sega_genesis_megadrive/game_over_screen/arabic_only/pixel_kufic_geometric/minimalist_pixel_poster/256x256/sega_genesis_megadrive_game_over_screen_0451_256x256.png,sega_genesis_megadrive/game_over_screen/arabic_only/pixel_kufic_geometric/minimalist_pixel_poster/256x256/sega_genesis_megadrive_game_over_screen_0451_256x256.json
sega_genesis_megadrive_game_over_screen_0452_128x128,sega_genesis_megadrive,game_over_screen,bilingual_arabic_primary,pixel_ruqah_fast,egyptian_folklore_pixel,128x128,historical_medieval,bottom_title_scene_top,sega_genesis_megadrive/game_over_screen/bilingual_arabic_primary/pixel_ruqah_fast/egyptian_folklore_pixel/128x128/sega_genesis_megadrive_game_over_screen_0452_128x128.png,sega_genesis_megadrive/game_over_screen/bilingual_arabic_primary/pixel_ruqah_fast/egyptian_folklore_pixel/128x128/sega_genesis_megadrive_game_over_screen_0452_128x128.json
sega_genesis_megadrive_game_over_screen_0452_256x256,sega_genesis_megadrive,game_over_screen,bilingual_arabic_primary,pixel_ruqah_fast,egyptian_folklore_pixel,256x256,historical_medieval,bottom_title_scene_top,sega_genesis_megadrive/game_over_screen/bilingual_arabic_primary/pixel_ruqah_fast/egyptian_folklore_pixel/256x256/sega_genesis_megadrive_game_over_screen_0452_256x256.png,sega_genesis_megadrive/game_over_screen/bilingual_arabic_primary/pixel_ruqah_fast/egyptian_folklore_pixel/256x256/sega_genesis_megadrive_game_over_screen_0452_256x256.json
sega_genesis_megadrive_game_over_screen_0453_128x128,sega_genesis_megadrive,game_over_screen,bilingual_english_primary,pixel_naskh_clean,japanese_boxart_style,128x128,egyptian_folklore,grid_framed_boxart,sega_genesis_megadrive/game_over_screen/bilingual_english_primary/pixel_naskh_clean/japanese_boxart_style/128x128/sega_genesis_megadrive_game_over_screen_0453_128x128.png,sega_genesis_megadrive/game_over_screen/bilingual_english_primary/pixel_naskh_clean/japanese_boxart_style/128x128/sega_genesis_megadrive_game_over_screen_0453_128x128.json
sega_genesis_megadrive_game_over_screen_0453_256x256,sega_genesis_megadrive,game_over_screen,bilingual_english_primary,pixel_naskh_clean,japanese_boxart_style,256x256,egyptian_folklore,grid_framed_boxart,sega_genesis_megadrive/game_over_screen/bilingual_english_primary/pixel_naskh_clean/japanese_boxart_style/256x256/sega_genesis_megadrive_game_over_screen_0453_256x256.png,sega_genesis_megadrive/game_over_screen/bilingual_english_primary/pixel_naskh_clean/japanese_boxart_style/256x256/sega_genesis_megadrive_game_over_screen_0453_256x256.json
sega_genesis_megadrive_game_over_screen_0454_128x128,sega_genesis_megadrive,game_over_screen,parallel_pair_arabic,bold_arcade_arabic,western_boxart_style,128x128,post_apocalyptic,black_border_nes,sega_genesis_megadrive/game_over_screen/parallel_pair_arabic/bold_arcade_arabic/western_boxart_style/128x128/sega_genesis_megadrive_game_over_screen_0454_128x128.png,sega_genesis_megadrive/game_over_screen/parallel_pair_arabic/bold_arcade_arabic/western_boxart_style/128x128/sega_genesis_megadrive_game_over_screen_0454_128x128.json
sega_genesis_megadrive_game_over_screen_0454_256x256,sega_genesis_megadrive,game_over_screen,parallel_pair_arabic,bold_arcade_arabic,western_boxart_style,256x256,post_apocalyptic,black_border_nes,sega_genesis_megadrive/game_over_screen/parallel_pair_arabic/bold_arcade_arabic/western_boxart_style/256x256/sega_genesis_megadrive_game_over_screen_0454_256x256.png,sega_genesis_megadrive/game_over_screen/parallel_pair_arabic/bold_arcade_arabic/western_boxart_style/256x256/sega_genesis_megadrive_game_over_screen_0454_256x256.json
sega_genesis_megadrive_game_over_screen_0455_128x128,sega_genesis_megadrive,game_over_screen,arabic_transliteration,3d_bevel_arabic,monochrome_dmg,128x128,platformer,diagonal_arcade_badge,sega_genesis_megadrive/game_over_screen/arabic_transliteration/3d_bevel_arabic/monochrome_dmg/128x128/sega_genesis_megadrive_game_over_screen_0455_128x128.png,sega_genesis_megadrive/game_over_screen/arabic_transliteration/3d_bevel_arabic/monochrome_dmg/128x128/sega_genesis_megadrive_game_over_screen_0455_128x128.json
sega_genesis_megadrive_game_over_screen_0455_256x256,sega_genesis_megadrive,game_over_screen,arabic_transliteration,3d_bevel_arabic,monochrome_dmg,256x256,platformer,diagonal_arcade_badge,sega_genesis_megadrive/game_over_screen/arabic_transliteration/3d_bevel_arabic/monochrome_dmg/256x256/sega_genesis_megadrive_game_over_screen_0455_256x256.png,sega_genesis_megadrive/game_over_screen/arabic_transliteration/3d_bevel_arabic/monochrome_dmg/256x256/sega_genesis_megadrive_game_over_screen_0455_256x256.json
sega_genesis_megadrive_game_over_screen_0456_128x128,sega_genesis_megadrive,game_over_screen,arabic_subtitle,neon_glitch_arabic,retro_8bit_nes,128x128,action_adventure,centered_emblem,sega_genesis_megadrive/game_over_screen/arabic_subtitle/neon_glitch_arabic/retro_8bit_nes/128x128/sega_genesis_megadrive_game_over_screen_0456_128x128.png,sega_genesis_megadrive/game_over_screen/arabic_subtitle/neon_glitch_arabic/retro_8bit_nes/128x128/sega_genesis_megadrive_game_over_screen_0456_128x128.json
sega_genesis_megadrive_game_over_screen_0456_256x256,sega_genesis_megadrive,game_over_screen,arabic_subtitle,neon_glitch_arabic,retro_8bit_nes,256x256,action_adventure,centered_emblem,sega_genesis_megadrive/game_over_screen/arabic_subtitle/neon_glitch_arabic/retro_8bit_nes/256x256/sega_genesis_megadrive_game_over_screen_0456_256x256.png,sega_genesis_megadrive/game_over_screen/arabic_subtitle/neon_glitch_arabic/retro_8bit_nes/256x256/sega_genesis_megadrive_game_over_screen_0456_256x256.json
sega_genesis_megadrive_stage_clear_banner_0457_128x128,sega_genesis_megadrive,stage_clear_banner,arabic_only,fantasy_ornate_arabic,retro_16bit_snes_genesis,128x128,fighting_game,split_bilingual_layout,sega_genesis_megadrive/stage_clear_banner/arabic_only/fantasy_ornate_arabic/retro_16bit_snes_genesis/128x128/sega_genesis_megadrive_stage_clear_banner_0457_128x128.png,sega_genesis_megadrive/stage_clear_banner/arabic_only/fantasy_ornate_arabic/retro_16bit_snes_genesis/128x128/sega_genesis_megadrive_stage_clear_banner_0457_128x128.json
sega_genesis_megadrive_stage_clear_banner_0457_256x256,sega_genesis_megadrive,stage_clear_banner,arabic_only,fantasy_ornate_arabic,retro_16bit_snes_genesis,256x256,fighting_game,split_bilingual_layout,sega_genesis_megadrive/stage_clear_banner/arabic_only/fantasy_ornate_arabic/retro_16bit_snes_genesis/256x256/sega_genesis_megadrive_stage_clear_banner_0457_256x256.png,sega_genesis_megadrive/stage_clear_banner/arabic_only/fantasy_ornate_arabic/retro_16bit_snes_genesis/256x256/sega_genesis_megadrive_stage_clear_banner_0457_256x256.json
sega_genesis_megadrive_stage_clear_banner_0458_128x128,sega_genesis_megadrive,stage_clear_banner,bilingual_arabic_primary,retro_8bit_arabic,arcade_vibrant,128x128,rpg_fantasy,border_framed,sega_genesis_megadrive/stage_clear_banner/bilingual_arabic_primary/retro_8bit_arabic/arcade_vibrant/128x128/sega_genesis_megadrive_stage_clear_banner_0458_128x128.png,sega_genesis_megadrive/stage_clear_banner/bilingual_arabic_primary/retro_8bit_arabic/arcade_vibrant/128x128/sega_genesis_megadrive_stage_clear_banner_0458_128x128.json
sega_genesis_megadrive_stage_clear_banner_0458_256x256,sega_genesis_megadrive,stage_clear_banner,bilingual_arabic_primary,retro_8bit_arabic,arcade_vibrant,256x256,rpg_fantasy,border_framed,sega_genesis_megadrive/stage_clear_banner/bilingual_arabic_primary/retro_8bit_arabic/arcade_vibrant/256x256/sega_genesis_megadrive_stage_clear_banner_0458_256x256.png,sega_genesis_megadrive/stage_clear_banner/bilingual_arabic_primary/retro_8bit_arabic/arcade_vibrant/256x256/sega_genesis_megadrive_stage_clear_banner_0458_256x256.json
sega_genesis_megadrive_stage_clear_banner_0459_128x128,sega_genesis_megadrive,stage_clear_banner,bilingual_english_primary,metallic_chrome_arabic,retro_synthwave_80s,128x128,shoot_em_up,center_title_large,sega_genesis_megadrive/stage_clear_banner/bilingual_english_primary/metallic_chrome_arabic/retro_synthwave_80s/128x128/sega_genesis_megadrive_stage_clear_banner_0459_128x128.png,sega_genesis_megadrive/stage_clear_banner/bilingual_english_primary/metallic_chrome_arabic/retro_synthwave_80s/128x128/sega_genesis_megadrive_stage_clear_banner_0459_128x128.json
sega_genesis_megadrive_stage_clear_banner_0459_256x256,sega_genesis_megadrive,stage_clear_banner,bilingual_english_primary,metallic_chrome_arabic,retro_synthwave_80s,256x256,shoot_em_up,center_title_large,sega_genesis_megadrive/stage_clear_banner/bilingual_english_primary/metallic_chrome_arabic/retro_synthwave_80s/256x256/sega_genesis_megadrive_stage_clear_banner_0459_256x256.png,sega_genesis_megadrive/stage_clear_banner/bilingual_english_primary/metallic_chrome_arabic/retro_synthwave_80s/256x256/sega_genesis_megadrive_stage_clear_banner_0459_256x256.json
sega_genesis_megadrive_stage_clear_banner_0460_128x128,sega_genesis_megadrive,stage_clear_banner,parallel_pair_arabic,pixel_thuluth_display,constructivist_arcade,128x128,racing_sports,top_title_hero_bottom,sega_genesis_megadrive/stage_clear_banner/parallel_pair_arabic/pixel_thuluth_display/constructivist_arcade/128x128/sega_genesis_megadrive_stage_clear_banner_0460_128x128.png,sega_genesis_megadrive/stage_clear_banner/parallel_pair_arabic/pixel_thuluth_display/constructivist_arcade/128x128/sega_genesis_megadrive_stage_clear_banner_0460_128x128.json
sega_genesis_megadrive_stage_clear_banner_0460_256x256,sega_genesis_megadrive,stage_clear_banner,parallel_pair_arabic,pixel_thuluth_display,constructivist_arcade,256x256,racing_sports,top_title_hero_bottom,sega_genesis_megadrive/stage_clear_banner/parallel_pair_arabic/pixel_thuluth_display/constructivist_arcade/256x256/sega_genesis_megadrive_stage_clear_banner_0460_256x256.png,sega_genesis_megadrive/stage_clear_banner/parallel_pair_arabic/pixel_thuluth_display/constructivist_arcade/256x256/sega_genesis_megadrive_stage_clear_banner_0460_256x256.json
sega_genesis_megadrive_stage_clear_banner_0461_128x128,sega_genesis_megadrive,stage_clear_banner,arabic_transliteration,pixel_calligraffiti,dark_fantasy_gothic,128x128,horror_survival,bottom_title_scene_top,sega_genesis_megadrive/stage_clear_banner/arabic_transliteration/pixel_calligraffiti/dark_fantasy_gothic/128x128/sega_genesis_megadrive_stage_clear_banner_0461_128x128.png,sega_genesis_megadrive/stage_clear_banner/arabic_transliteration/pixel_calligraffiti/dark_fantasy_gothic/128x128/sega_genesis_megadrive_stage_clear_banner_0461_128x128.json
sega_genesis_megadrive_stage_clear_banner_0461_256x256,sega_genesis_megadrive,stage_clear_banner,arabic_transliteration,pixel_calligraffiti,dark_fantasy_gothic,256x256,horror_survival,bottom_title_scene_top,sega_genesis_megadrive/stage_clear_banner/arabic_transliteration/pixel_calligraffiti/dark_fantasy_gothic/256x256/sega_genesis_megadrive_stage_clear_banner_0461_256x256.png,sega_genesis_megadrive/stage_clear_banner/arabic_transliteration/pixel_calligraffiti/dark_fantasy_gothic/256x256/sega_genesis_megadrive_stage_clear_banner_0461_256x256.json
sega_genesis_megadrive_stage_clear_banner_0462_128x128,sega_genesis_megadrive,stage_clear_banner,arabic_subtitle,pixel_kufic_geometric,pop_art_comic,128x128,beat_em_up,grid_framed_boxart,sega_genesis_megadrive/stage_clear_banner/arabic_subtitle/pixel_kufic_geometric/pop_art_comic/128x128/sega_genesis_megadrive_stage_clear_banner_0462_128x128.png,sega_genesis_megadrive/stage_clear_banner/arabic_subtitle/pixel_kufic_geometric/pop_art_comic/128x128/sega_genesis_megadrive_stage_clear_banner_0462_128x128.json
sega_genesis_megadrive_stage_clear_banner_0462_256x256,sega_genesis_megadrive,stage_clear_banner,arabic_subtitle,pixel_kufic_geometric,pop_art_comic,256x256,beat_em_up,grid_framed_boxart,sega_genesis_megadrive/stage_clear_banner/arabic_subtitle/pixel_kufic_geometric/pop_art_comic/256x256/sega_genesis_megadrive_stage_clear_banner_0462_256x256.png,sega_genesis_megadrive/stage_clear_banner/arabic_subtitle/pixel_kufic_geometric/pop_art_comic/256x256/sega_genesis_megadrive_stage_clear_banner_0462_256x256.json
sega_genesis_megadrive_ui_title_badge_0463_128x128,sega_genesis_megadrive,ui_title_badge,arabic_only,pixel_ruqah_fast,cyberpunk_neon_dystopian,128x128,puzzle_strategy,black_border_nes,sega_genesis_megadrive/ui_title_badge/arabic_only/pixel_ruqah_fast/cyberpunk_neon_dystopian/128x128/sega_genesis_megadrive_ui_title_badge_0463_128x128.png,sega_genesis_megadrive/ui_title_badge/arabic_only/pixel_ruqah_fast/cyberpunk_neon_dystopian/128x128/sega_genesis_megadrive_ui_title_badge_0463_128x128.json
sega_genesis_megadrive_ui_title_badge_0463_256x256,sega_genesis_megadrive,ui_title_badge,arabic_only,pixel_ruqah_fast,cyberpunk_neon_dystopian,256x256,puzzle_strategy,black_border_nes,sega_genesis_megadrive/ui_title_badge/arabic_only/pixel_ruqah_fast/cyberpunk_neon_dystopian/256x256/sega_genesis_megadrive_ui_title_badge_0463_256x256.png,sega_genesis_megadrive/ui_title_badge/arabic_only/pixel_ruqah_fast/cyberpunk_neon_dystopian/256x256/sega_genesis_megadrive_ui_title_badge_0463_256x256.json
sega_genesis_megadrive_ui_title_badge_0464_128x128,sega_genesis_megadrive,ui_title_badge,bilingual_arabic_primary,pixel_naskh_clean,minimalist_pixel_poster,128x128,sci_fi_cyberpunk,diagonal_arcade_badge,sega_genesis_megadrive/ui_title_badge/bilingual_arabic_primary/pixel_naskh_clean/minimalist_pixel_poster/128x128/sega_genesis_megadrive_ui_title_badge_0464_128x128.png,sega_genesis_megadrive/ui_title_badge/bilingual_arabic_primary/pixel_naskh_clean/minimalist_pixel_poster/128x128/sega_genesis_megadrive_ui_title_badge_0464_128x128.json
sega_genesis_megadrive_ui_title_badge_0464_256x256,sega_genesis_megadrive,ui_title_badge,bilingual_arabic_primary,pixel_naskh_clean,minimalist_pixel_poster,256x256,sci_fi_cyberpunk,diagonal_arcade_badge,sega_genesis_megadrive/ui_title_badge/bilingual_arabic_primary/pixel_naskh_clean/minimalist_pixel_poster/256x256/sega_genesis_megadrive_ui_title_badge_0464_256x256.png,sega_genesis_megadrive/ui_title_badge/bilingual_arabic_primary/pixel_naskh_clean/minimalist_pixel_poster/256x256/sega_genesis_megadrive_ui_title_badge_0464_256x256.json
sega_genesis_megadrive_ui_title_badge_0465_128x128,sega_genesis_megadrive,ui_title_badge,bilingual_english_primary,bold_arcade_arabic,egyptian_folklore_pixel,128x128,historical_medieval,centered_emblem,sega_genesis_megadrive/ui_title_badge/bilingual_english_primary/bold_arcade_arabic/egyptian_folklore_pixel/128x128/sega_genesis_megadrive_ui_title_badge_0465_128x128.png,sega_genesis_megadrive/ui_title_badge/bilingual_english_primary/bold_arcade_arabic/egyptian_folklore_pixel/128x128/sega_genesis_megadrive_ui_title_badge_0465_128x128.json
sega_genesis_megadrive_ui_title_badge_0465_256x256,sega_genesis_megadrive,ui_title_badge,bilingual_english_primary,bold_arcade_arabic,egyptian_folklore_pixel,256x256,historical_medieval,centered_emblem,sega_genesis_megadrive/ui_title_badge/bilingual_english_primary/bold_arcade_arabic/egyptian_folklore_pixel/256x256/sega_genesis_megadrive_ui_title_badge_0465_256x256.png,sega_genesis_megadrive/ui_title_badge/bilingual_english_primary/bold_arcade_arabic/egyptian_folklore_pixel/256x256/sega_genesis_megadrive_ui_title_badge_0465_256x256.json
sega_genesis_megadrive_ui_title_badge_0466_128x128,sega_genesis_megadrive,ui_title_badge,parallel_pair_arabic,3d_bevel_arabic,japanese_boxart_style,128x128,egyptian_folklore,split_bilingual_layout,sega_genesis_megadrive/ui_title_badge/parallel_pair_arabic/3d_bevel_arabic/japanese_boxart_style/128x128/sega_genesis_megadrive_ui_title_badge_0466_128x128.png,sega_genesis_megadrive/ui_title_badge/parallel_pair_arabic/3d_bevel_arabic/japanese_boxart_style/128x128/sega_genesis_megadrive_ui_title_badge_0466_128x128.json
sega_genesis_megadrive_ui_title_badge_0466_256x256,sega_genesis_megadrive,ui_title_badge,parallel_pair_arabic,3d_bevel_arabic,japanese_boxart_style,256x256,egyptian_folklore,split_bilingual_layout,sega_genesis_megadrive/ui_title_badge/parallel_pair_arabic/3d_bevel_arabic/japanese_boxart_style/256x256/sega_genesis_megadrive_ui_title_badge_0466_256x256.png,sega_genesis_megadrive/ui_title_badge/parallel_pair_arabic/3d_bevel_arabic/japanese_boxart_style/256x256/sega_genesis_megadrive_ui_title_badge_0466_256x256.json
sega_genesis_megadrive_ui_title_badge_0467_128x128,sega_genesis_megadrive,ui_title_badge,arabic_transliteration,neon_glitch_arabic,western_boxart_style,128x128,post_apocalyptic,border_framed,sega_genesis_megadrive/ui_title_badge/arabic_transliteration/neon_glitch_arabic/western_boxart_style/128x128/sega_genesis_megadrive_ui_title_badge_0467_128x128.png,sega_genesis_megadrive/ui_title_badge/arabic_transliteration/neon_glitch_arabic/western_boxart_style/128x128/sega_genesis_megadrive_ui_title_badge_0467_128x128.json
sega_genesis_megadrive_ui_title_badge_0467_256x256,sega_genesis_megadrive,ui_title_badge,arabic_transliteration,neon_glitch_arabic,western_boxart_style,256x256,post_apocalyptic,border_framed,sega_genesis_megadrive/ui_title_badge/arabic_transliteration/neon_glitch_arabic/western_boxart_style/256x256/sega_genesis_megadrive_ui_title_badge_0467_256x256.png,sega_genesis_megadrive/ui_title_badge/arabic_transliteration/neon_glitch_arabic/western_boxart_style/256x256/sega_genesis_megadrive_ui_title_badge_0467_256x256.json
sega_genesis_megadrive_ui_title_badge_0468_128x128,sega_genesis_megadrive,ui_title_badge,arabic_subtitle,fantasy_ornate_arabic,monochrome_dmg,128x128,platformer,center_title_large,sega_genesis_megadrive/ui_title_badge/arabic_subtitle/fantasy_ornate_arabic/monochrome_dmg/128x128/sega_genesis_megadrive_ui_title_badge_0468_128x128.png,sega_genesis_megadrive/ui_title_badge/arabic_subtitle/fantasy_ornate_arabic/monochrome_dmg/128x128/sega_genesis_megadrive_ui_title_badge_0468_128x128.json
sega_genesis_megadrive_ui_title_badge_0468_256x256,sega_genesis_megadrive,ui_title_badge,arabic_subtitle,fantasy_ornate_arabic,monochrome_dmg,256x256,platformer,center_title_large,sega_genesis_megadrive/ui_title_badge/arabic_subtitle/fantasy_ornate_arabic/monochrome_dmg/256x256/sega_genesis_megadrive_ui_title_badge_0468_256x256.png,sega_genesis_megadrive/ui_title_badge/arabic_subtitle/fantasy_ornate_arabic/monochrome_dmg/256x256/sega_genesis_megadrive_ui_title_badge_0468_256x256.json
arcade_arcade_machine_box_art_front_0469_128x128,arcade_arcade_machine,box_art_front,arabic_only,retro_8bit_arabic,retro_8bit_nes,128x128,action_adventure,top_title_hero_bottom,arcade_arcade_machine/box_art_front/arabic_only/retro_8bit_arabic/retro_8bit_nes/128x128/arcade_arcade_machine_box_art_front_0469_128x128.png,arcade_arcade_machine/box_art_front/arabic_only/retro_8bit_arabic/retro_8bit_nes/128x128/arcade_arcade_machine_box_art_front_0469_128x128.json
arcade_arcade_machine_box_art_front_0469_256x256,arcade_arcade_machine,box_art_front,arabic_only,retro_8bit_arabic,retro_8bit_nes,256x256,action_adventure,top_title_hero_bottom,arcade_arcade_machine/box_art_front/arabic_only/retro_8bit_arabic/retro_8bit_nes/256x256/arcade_arcade_machine_box_art_front_0469_256x256.png,arcade_arcade_machine/box_art_front/arabic_only/retro_8bit_arabic/retro_8bit_nes/256x256/arcade_arcade_machine_box_art_front_0469_256x256.json
arcade_arcade_machine_box_art_front_0470_128x128,arcade_arcade_machine,box_art_front,bilingual_arabic_primary,metallic_chrome_arabic,retro_16bit_snes_genesis,128x128,fighting_game,bottom_title_scene_top,arcade_arcade_machine/box_art_front/bilingual_arabic_primary/metallic_chrome_arabic/retro_16bit_snes_genesis/128x128/arcade_arcade_machine_box_art_front_0470_128x128.png,arcade_arcade_machine/box_art_front/bilingual_arabic_primary/metallic_chrome_arabic/retro_16bit_snes_genesis/128x128/arcade_arcade_machine_box_art_front_0470_128x128.json
arcade_arcade_machine_box_art_front_0470_256x256,arcade_arcade_machine,box_art_front,bilingual_arabic_primary,metallic_chrome_arabic,retro_16bit_snes_genesis,256x256,fighting_game,bottom_title_scene_top,arcade_arcade_machine/box_art_front/bilingual_arabic_primary/metallic_chrome_arabic/retro_16bit_snes_genesis/256x256/arcade_arcade_machine_box_art_front_0470_256x256.png,arcade_arcade_machine/box_art_front/bilingual_arabic_primary/metallic_chrome_arabic/retro_16bit_snes_genesis/256x256/arcade_arcade_machine_box_art_front_0470_256x256.json
arcade_arcade_machine_box_art_front_0471_128x128,arcade_arcade_machine,box_art_front,bilingual_english_primary,pixel_thuluth_display,arcade_vibrant,128x128,rpg_fantasy,grid_framed_boxart,arcade_arcade_machine/box_art_front/bilingual_english_primary/pixel_thuluth_display/arcade_vibrant/128x128/arcade_arcade_machine_box_art_front_0471_128x128.png,arcade_arcade_machine/box_art_front/bilingual_english_primary/pixel_thuluth_display/arcade_vibrant/128x128/arcade_arcade_machine_box_art_front_0471_128x128.json
arcade_arcade_machine_box_art_front_0471_256x256,arcade_arcade_machine,box_art_front,bilingual_english_primary,pixel_thuluth_display,arcade_vibrant,256x256,rpg_fantasy,grid_framed_boxart,arcade_arcade_machine/box_art_front/bilingual_english_primary/pixel_thuluth_display/arcade_vibrant/256x256/arcade_arcade_machine_box_art_front_0471_256x256.png,arcade_arcade_machine/box_art_front/bilingual_english_primary/pixel_thuluth_display/arcade_vibrant/256x256/arcade_arcade_machine_box_art_front_0471_256x256.json
arcade_arcade_machine_box_art_front_0472_128x128,arcade_arcade_machine,box_art_front,parallel_pair_arabic,pixel_calligraffiti,retro_synthwave_80s,128x128,shoot_em_up,black_border_nes,arcade_arcade_machine/box_art_front/parallel_pair_arabic/pixel_calligraffiti/retro_synthwave_80s/128x128/arcade_arcade_machine_box_art_front_0472_128x128.png,arcade_arcade_machine/box_art_front/parallel_pair_arabic/pixel_calligraffiti/retro_synthwave_80s/128x128/arcade_arcade_machine_box_art_front_0472_128x128.json
arcade_arcade_machine_box_art_front_0472_256x256,arcade_arcade_machine,box_art_front,parallel_pair_arabic,pixel_calligraffiti,retro_synthwave_80s,256x256,shoot_em_up,black_border_nes,arcade_arcade_machine/box_art_front/parallel_pair_arabic/pixel_calligraffiti/retro_synthwave_80s/256x256/arcade_arcade_machine_box_art_front_0472_256x256.png,arcade_arcade_machine/box_art_front/parallel_pair_arabic/pixel_calligraffiti/retro_synthwave_80s/256x256/arcade_arcade_machine_box_art_front_0472_256x256.json
arcade_arcade_machine_box_art_front_0473_128x128,arcade_arcade_machine,box_art_front,arabic_transliteration,pixel_kufic_geometric,constructivist_arcade,128x128,racing_sports,diagonal_arcade_badge,arcade_arcade_machine/box_art_front/arabic_transliteration/pixel_kufic_geometric/constructivist_arcade/128x128/arcade_arcade_machine_box_art_front_0473_128x128.png,arcade_arcade_machine/box_art_front/arabic_transliteration/pixel_kufic_geometric/constructivist_arcade/128x128/arcade_arcade_machine_box_art_front_0473_128x128.json
arcade_arcade_machine_box_art_front_0473_256x256,arcade_arcade_machine,box_art_front,arabic_transliteration,pixel_kufic_geometric,constructivist_arcade,256x256,racing_sports,diagonal_arcade_badge,arcade_arcade_machine/box_art_front/arabic_transliteration/pixel_kufic_geometric/constructivist_arcade/256x256/arcade_arcade_machine_box_art_front_0473_256x256.png,arcade_arcade_machine/box_art_front/arabic_transliteration/pixel_kufic_geometric/constructivist_arcade/256x256/arcade_arcade_machine_box_art_front_0473_256x256.json
arcade_arcade_machine_box_art_front_0474_128x128,arcade_arcade_machine,box_art_front,arabic_subtitle,pixel_ruqah_fast,dark_fantasy_gothic,128x128,horror_survival,centered_emblem,arcade_arcade_machine/box_art_front/arabic_subtitle/pixel_ruqah_fast/dark_fantasy_gothic/128x128/arcade_arcade_machine_box_art_front_0474_128x128.png,arcade_arcade_machine/box_art_front/arabic_subtitle/pixel_ruqah_fast/dark_fantasy_gothic/128x128/arcade_arcade_machine_box_art_front_0474_128x128.json
arcade_arcade_machine_box_art_front_0474_256x256,arcade_arcade_machine,box_art_front,arabic_subtitle,pixel_ruqah_fast,dark_fantasy_gothic,256x256,horror_survival,centered_emblem,arcade_arcade_machine/box_art_front/arabic_subtitle/pixel_ruqah_fast/dark_fantasy_gothic/256x256/arcade_arcade_machine_box_art_front_0474_256x256.png,arcade_arcade_machine/box_art_front/arabic_subtitle/pixel_ruqah_fast/dark_fantasy_gothic/256x256/arcade_arcade_machine_box_art_front_0474_256x256.json
arcade_arcade_machine_title_screen_art_0475_128x128,arcade_arcade_machine,title_screen_art,arabic_only,pixel_naskh_clean,pop_art_comic,128x128,beat_em_up,split_bilingual_layout,arcade_arcade_machine/title_screen_art/arabic_only/pixel_naskh_clean/pop_art_comic/128x128/arcade_arcade_machine_title_screen_art_0475_128x128.png,arcade_arcade_machine/title_screen_art/arabic_only/pixel_naskh_clean/pop_art_comic/128x128/arcade_arcade_machine_title_screen_art_0475_128x128.json
arcade_arcade_machine_title_screen_art_0475_256x256,arcade_arcade_machine,title_screen_art,arabic_only,pixel_naskh_clean,pop_art_comic,256x256,beat_em_up,split_bilingual_layout,arcade_arcade_machine/title_screen_art/arabic_only/pixel_naskh_clean/pop_art_comic/256x256/arcade_arcade_machine_title_screen_art_0475_256x256.png,arcade_arcade_machine/title_screen_art/arabic_only/pixel_naskh_clean/pop_art_comic/256x256/arcade_arcade_machine_title_screen_art_0475_256x256.json
arcade_arcade_machine_title_screen_art_0476_128x128,arcade_arcade_machine,title_screen_art,bilingual_arabic_primary,bold_arcade_arabic,cyberpunk_neon_dystopian,128x128,puzzle_strategy,border_framed,arcade_arcade_machine/title_screen_art/bilingual_arabic_primary/bold_arcade_arabic/cyberpunk_neon_dystopian/128x128/arcade_arcade_machine_title_screen_art_0476_128x128.png,arcade_arcade_machine/title_screen_art/bilingual_arabic_primary/bold_arcade_arabic/cyberpunk_neon_dystopian/128x128/arcade_arcade_machine_title_screen_art_0476_128x128.json
arcade_arcade_machine_title_screen_art_0476_256x256,arcade_arcade_machine,title_screen_art,bilingual_arabic_primary,bold_arcade_arabic,cyberpunk_neon_dystopian,256x256,puzzle_strategy,border_framed,arcade_arcade_machine/title_screen_art/bilingual_arabic_primary/bold_arcade_arabic/cyberpunk_neon_dystopian/256x256/arcade_arcade_machine_title_screen_art_0476_256x256.png,arcade_arcade_machine/title_screen_art/bilingual_arabic_primary/bold_arcade_arabic/cyberpunk_neon_dystopian/256x256/arcade_arcade_machine_title_screen_art_0476_256x256.json
arcade_arcade_machine_title_screen_art_0477_128x128,arcade_arcade_machine,title_screen_art,bilingual_english_primary,3d_bevel_arabic,minimalist_pixel_poster,128x128,sci_fi_cyberpunk,center_title_large,arcade_arcade_machine/title_screen_art/bilingual_english_primary/3d_bevel_arabic/minimalist_pixel_poster/128x128/arcade_arcade_machine_title_screen_art_0477_128x128.png,arcade_arcade_machine/title_screen_art/bilingual_english_primary/3d_bevel_arabic/minimalist_pixel_poster/128x128/arcade_arcade_machine_title_screen_art_0477_128x128.json
arcade_arcade_machine_title_screen_art_0477_256x256,arcade_arcade_machine,title_screen_art,bilingual_english_primary,3d_bevel_arabic,minimalist_pixel_poster,256x256,sci_fi_cyberpunk,center_title_large,arcade_arcade_machine/title_screen_art/bilingual_english_primary/3d_bevel_arabic/minimalist_pixel_poster/256x256/arcade_arcade_machine_title_screen_art_0477_256x256.png,arcade_arcade_machine/title_screen_art/bilingual_english_primary/3d_bevel_arabic/minimalist_pixel_poster/256x256/arcade_arcade_machine_title_screen_art_0477_256x256.json
arcade_arcade_machine_title_screen_art_0478_128x128,arcade_arcade_machine,title_screen_art,parallel_pair_arabic,neon_glitch_arabic,egyptian_folklore_pixel,128x128,historical_medieval,top_title_hero_bottom,arcade_arcade_machine/title_screen_art/parallel_pair_arabic/neon_glitch_arabic/egyptian_folklore_pixel/128x128/arcade_arcade_machine_title_screen_art_0478_128x128.png,arcade_arcade_machine/title_screen_art/parallel_pair_arabic/neon_glitch_arabic/egyptian_folklore_pixel/128x128/arcade_arcade_machine_title_screen_art_0478_128x128.json
arcade_arcade_machine_title_screen_art_0478_256x256,arcade_arcade_machine,title_screen_art,parallel_pair_arabic,neon_glitch_arabic,egyptian_folklore_pixel,256x256,historical_medieval,top_title_hero_bottom,arcade_arcade_machine/title_screen_art/parallel_pair_arabic/neon_glitch_arabic/egyptian_folklore_pixel/256x256/arcade_arcade_machine_title_screen_art_0478_256x256.png,arcade_arcade_machine/title_screen_art/parallel_pair_arabic/neon_glitch_arabic/egyptian_folklore_pixel/256x256/arcade_arcade_machine_title_screen_art_0478_256x256.json
arcade_arcade_machine_title_screen_art_0479_128x128,arcade_arcade_machine,title_screen_art,arabic_transliteration,fantasy_ornate_arabic,japanese_boxart_style,128x128,egyptian_folklore,bottom_title_scene_top,arcade_arcade_machine/title_screen_art/arabic_transliteration/fantasy_ornate_arabic/japanese_boxart_style/128x128/arcade_arcade_machine_title_screen_art_0479_128x128.png,arcade_arcade_machine/title_screen_art/arabic_transliteration/fantasy_ornate_arabic/japanese_boxart_style/128x128/arcade_arcade_machine_title_screen_art_0479_128x128.json
arcade_arcade_machine_title_screen_art_0479_256x256,arcade_arcade_machine,title_screen_art,arabic_transliteration,fantasy_ornate_arabic,japanese_boxart_style,256x256,egyptian_folklore,bottom_title_scene_top,arcade_arcade_machine/title_screen_art/arabic_transliteration/fantasy_ornate_arabic/japanese_boxart_style/256x256/arcade_arcade_machine_title_screen_art_0479_256x256.png,arcade_arcade_machine/title_screen_art/arabic_transliteration/fantasy_ornate_arabic/japanese_boxart_style/256x256/arcade_arcade_machine_title_screen_art_0479_256x256.json
arcade_arcade_machine_title_screen_art_0480_128x128,arcade_arcade_machine,title_screen_art,arabic_subtitle,retro_8bit_arabic,western_boxart_style,128x128,post_apocalyptic,grid_framed_boxart,arcade_arcade_machine/title_screen_art/arabic_subtitle/retro_8bit_arabic/western_boxart_style/128x128/arcade_arcade_machine_title_screen_art_0480_128x128.png,arcade_arcade_machine/title_screen_art/arabic_subtitle/retro_8bit_arabic/western_boxart_style/128x128/arcade_arcade_machine_title_screen_art_0480_128x128.json
arcade_arcade_machine_title_screen_art_0480_256x256,arcade_arcade_machine,title_screen_art,arabic_subtitle,retro_8bit_arabic,western_boxart_style,256x256,post_apocalyptic,grid_framed_boxart,arcade_arcade_machine/title_screen_art/arabic_subtitle/retro_8bit_arabic/western_boxart_style/256x256/arcade_arcade_machine_title_screen_art_0480_256x256.png,arcade_arcade_machine/title_screen_art/arabic_subtitle/retro_8bit_arabic/western_boxart_style/256x256/arcade_arcade_machine_title_screen_art_0480_256x256.json
arcade_arcade_machine_arcade_marquee_0481_128x128,arcade_arcade_machine,arcade_marquee,arabic_only,metallic_chrome_arabic,monochrome_dmg,128x128,platformer,black_border_nes,arcade_arcade_machine/arcade_marquee/arabic_only/metallic_chrome_arabic/monochrome_dmg/128x128/arcade_arcade_machine_arcade_marquee_0481_128x128.png,arcade_arcade_machine/arcade_marquee/arabic_only/metallic_chrome_arabic/monochrome_dmg/128x128/arcade_arcade_machine_arcade_marquee_0481_128x128.json
arcade_arcade_machine_arcade_marquee_0481_256x256,arcade_arcade_machine,arcade_marquee,arabic_only,metallic_chrome_arabic,monochrome_dmg,256x256,platformer,black_border_nes,arcade_arcade_machine/arcade_marquee/arabic_only/metallic_chrome_arabic/monochrome_dmg/256x256/arcade_arcade_machine_arcade_marquee_0481_256x256.png,arcade_arcade_machine/arcade_marquee/arabic_only/metallic_chrome_arabic/monochrome_dmg/256x256/arcade_arcade_machine_arcade_marquee_0481_256x256.json
arcade_arcade_machine_arcade_marquee_0482_128x128,arcade_arcade_machine,arcade_marquee,bilingual_arabic_primary,pixel_thuluth_display,retro_8bit_nes,128x128,action_adventure,diagonal_arcade_badge,arcade_arcade_machine/arcade_marquee/bilingual_arabic_primary/pixel_thuluth_display/retro_8bit_nes/128x128/arcade_arcade_machine_arcade_marquee_0482_128x128.png,arcade_arcade_machine/arcade_marquee/bilingual_arabic_primary/pixel_thuluth_display/retro_8bit_nes/128x128/arcade_arcade_machine_arcade_marquee_0482_128x128.json
arcade_arcade_machine_arcade_marquee_0482_256x256,arcade_arcade_machine,arcade_marquee,bilingual_arabic_primary,pixel_thuluth_display,retro_8bit_nes,256x256,action_adventure,diagonal_arcade_badge,arcade_arcade_machine/arcade_marquee/bilingual_arabic_primary/pixel_thuluth_display/retro_8bit_nes/256x256/arcade_arcade_machine_arcade_marquee_0482_256x256.png,arcade_arcade_machine/arcade_marquee/bilingual_arabic_primary/pixel_thuluth_display/retro_8bit_nes/256x256/arcade_arcade_machine_arcade_marquee_0482_256x256.json
arcade_arcade_machine_arcade_marquee_0483_128x128,arcade_arcade_machine,arcade_marquee,bilingual_english_primary,pixel_calligraffiti,retro_16bit_snes_genesis,128x128,fighting_game,centered_emblem,arcade_arcade_machine/arcade_marquee/bilingual_english_primary/pixel_calligraffiti/retro_16bit_snes_genesis/128x128/arcade_arcade_machine_arcade_marquee_0483_128x128.png,arcade_arcade_machine/arcade_marquee/bilingual_english_primary/pixel_calligraffiti/retro_16bit_snes_genesis/128x128/arcade_arcade_machine_arcade_marquee_0483_128x128.json
arcade_arcade_machine_arcade_marquee_0483_256x256,arcade_arcade_machine,arcade_marquee,bilingual_english_primary,pixel_calligraffiti,retro_16bit_snes_genesis,256x256,fighting_game,centered_emblem,arcade_arcade_machine/arcade_marquee/bilingual_english_primary/pixel_calligraffiti/retro_16bit_snes_genesis/256x256/arcade_arcade_machine_arcade_marquee_0483_256x256.png,arcade_arcade_machine/arcade_marquee/bilingual_english_primary/pixel_calligraffiti/retro_16bit_snes_genesis/256x256/arcade_arcade_machine_arcade_marquee_0483_256x256.json
arcade_arcade_machine_arcade_marquee_0484_128x128,arcade_arcade_machine,arcade_marquee,parallel_pair_arabic,pixel_kufic_geometric,arcade_vibrant,128x128,rpg_fantasy,split_bilingual_layout,arcade_arcade_machine/arcade_marquee/parallel_pair_arabic/pixel_kufic_geometric/arcade_vibrant/128x128/arcade_arcade_machine_arcade_marquee_0484_128x128.png,arcade_arcade_machine/arcade_marquee/parallel_pair_arabic/pixel_kufic_geometric/arcade_vibrant/128x128/arcade_arcade_machine_arcade_marquee_0484_128x128.json
arcade_arcade_machine_arcade_marquee_0484_256x256,arcade_arcade_machine,arcade_marquee,parallel_pair_arabic,pixel_kufic_geometric,arcade_vibrant,256x256,rpg_fantasy,split_bilingual_layout,arcade_arcade_machine/arcade_marquee/parallel_pair_arabic/pixel_kufic_geometric/arcade_vibrant/256x256/arcade_arcade_machine_arcade_marquee_0484_256x256.png,arcade_arcade_machine/arcade_marquee/parallel_pair_arabic/pixel_kufic_geometric/arcade_vibrant/256x256/arcade_arcade_machine_arcade_marquee_0484_256x256.json
arcade_arcade_machine_arcade_marquee_0485_128x128,arcade_arcade_machine,arcade_marquee,arabic_transliteration,pixel_ruqah_fast,retro_synthwave_80s,128x128,shoot_em_up,border_framed,arcade_arcade_machine/arcade_marquee/arabic_transliteration/pixel_ruqah_fast/retro_synthwave_80s/128x128/arcade_arcade_machine_arcade_marquee_0485_128x128.png,arcade_arcade_machine/arcade_marquee/arabic_transliteration/pixel_ruqah_fast/retro_synthwave_80s/128x128/arcade_arcade_machine_arcade_marquee_0485_128x128.json
arcade_arcade_machine_arcade_marquee_0485_256x256,arcade_arcade_machine,arcade_marquee,arabic_transliteration,pixel_ruqah_fast,retro_synthwave_80s,256x256,shoot_em_up,border_framed,arcade_arcade_machine/arcade_marquee/arabic_transliteration/pixel_ruqah_fast/retro_synthwave_80s/256x256/arcade_arcade_machine_arcade_marquee_0485_256x256.png,arcade_arcade_machine/arcade_marquee/arabic_transliteration/pixel_ruqah_fast/retro_synthwave_80s/256x256/arcade_arcade_machine_arcade_marquee_0485_256x256.json
arcade_arcade_machine_arcade_marquee_0486_128x128,arcade_arcade_machine,arcade_marquee,arabic_subtitle,pixel_naskh_clean,constructivist_arcade,128x128,racing_sports,center_title_large,arcade_arcade_machine/arcade_marquee/arabic_subtitle/pixel_naskh_clean/constructivist_arcade/128x128/arcade_arcade_machine_arcade_marquee_0486_128x128.png,arcade_arcade_machine/arcade_marquee/arabic_subtitle/pixel_naskh_clean/constructivist_arcade/128x128/arcade_arcade_machine_arcade_marquee_0486_128x128.json
arcade_arcade_machine_arcade_marquee_0486_256x256,arcade_arcade_machine,arcade_marquee,arabic_subtitle,pixel_naskh_clean,constructivist_arcade,256x256,racing_sports,center_title_large,arcade_arcade_machine/arcade_marquee/arabic_subtitle/pixel_naskh_clean/constructivist_arcade/256x256/arcade_arcade_machine_arcade_marquee_0486_256x256.png,arcade_arcade_machine/arcade_marquee/arabic_subtitle/pixel_naskh_clean/constructivist_arcade/256x256/arcade_arcade_machine_arcade_marquee_0486_256x256.json
arcade_arcade_machine_cartridge_label_0487_128x128,arcade_arcade_machine,cartridge_label,arabic_only,bold_arcade_arabic,dark_fantasy_gothic,128x128,horror_survival,top_title_hero_bottom,arcade_arcade_machine/cartridge_label/arabic_only/bold_arcade_arabic/dark_fantasy_gothic/128x128/arcade_arcade_machine_cartridge_label_0487_128x128.png,arcade_arcade_machine/cartridge_label/arabic_only/bold_arcade_arabic/dark_fantasy_gothic/128x128/arcade_arcade_machine_cartridge_label_0487_128x128.json
arcade_arcade_machine_cartridge_label_0487_256x256,arcade_arcade_machine,cartridge_label,arabic_only,bold_arcade_arabic,dark_fantasy_gothic,256x256,horror_survival,top_title_hero_bottom,arcade_arcade_machine/cartridge_label/arabic_only/bold_arcade_arabic/dark_fantasy_gothic/256x256/arcade_arcade_machine_cartridge_label_0487_256x256.png,arcade_arcade_machine/cartridge_label/arabic_only/bold_arcade_arabic/dark_fantasy_gothic/256x256/arcade_arcade_machine_cartridge_label_0487_256x256.json
arcade_arcade_machine_cartridge_label_0488_128x128,arcade_arcade_machine,cartridge_label,bilingual_arabic_primary,3d_bevel_arabic,pop_art_comic,128x128,beat_em_up,bottom_title_scene_top,arcade_arcade_machine/cartridge_label/bilingual_arabic_primary/3d_bevel_arabic/pop_art_comic/128x128/arcade_arcade_machine_cartridge_label_0488_128x128.png,arcade_arcade_machine/cartridge_label/bilingual_arabic_primary/3d_bevel_arabic/pop_art_comic/128x128/arcade_arcade_machine_cartridge_label_0488_128x128.json
arcade_arcade_machine_cartridge_label_0488_256x256,arcade_arcade_machine,cartridge_label,bilingual_arabic_primary,3d_bevel_arabic,pop_art_comic,256x256,beat_em_up,bottom_title_scene_top,arcade_arcade_machine/cartridge_label/bilingual_arabic_primary/3d_bevel_arabic/pop_art_comic/256x256/arcade_arcade_machine_cartridge_label_0488_256x256.png,arcade_arcade_machine/cartridge_label/bilingual_arabic_primary/3d_bevel_arabic/pop_art_comic/256x256/arcade_arcade_machine_cartridge_label_0488_256x256.json
arcade_arcade_machine_cartridge_label_0489_128x128,arcade_arcade_machine,cartridge_label,bilingual_english_primary,neon_glitch_arabic,cyberpunk_neon_dystopian,128x128,puzzle_strategy,grid_framed_boxart,arcade_arcade_machine/cartridge_label/bilingual_english_primary/neon_glitch_arabic/cyberpunk_neon_dystopian/128x128/arcade_arcade_machine_cartridge_label_0489_128x128.png,arcade_arcade_machine/cartridge_label/bilingual_english_primary/neon_glitch_arabic/cyberpunk_neon_dystopian/128x128/arcade_arcade_machine_cartridge_label_0489_128x128.json
arcade_arcade_machine_cartridge_label_0489_256x256,arcade_arcade_machine,cartridge_label,bilingual_english_primary,neon_glitch_arabic,cyberpunk_neon_dystopian,256x256,puzzle_strategy,grid_framed_boxart,arcade_arcade_machine/cartridge_label/bilingual_english_primary/neon_glitch_arabic/cyberpunk_neon_dystopian/256x256/arcade_arcade_machine_cartridge_label_0489_256x256.png,arcade_arcade_machine/cartridge_label/bilingual_english_primary/neon_glitch_arabic/cyberpunk_neon_dystopian/256x256/arcade_arcade_machine_cartridge_label_0489_256x256.json
arcade_arcade_machine_cartridge_label_0490_128x128,arcade_arcade_machine,cartridge_label,parallel_pair_arabic,fantasy_ornate_arabic,minimalist_pixel_poster,128x128,sci_fi_cyberpunk,black_border_nes,arcade_arcade_machine/cartridge_label/parallel_pair_arabic/fantasy_ornate_arabic/minimalist_pixel_poster/128x128/arcade_arcade_machine_cartridge_label_0490_128x128.png,arcade_arcade_machine/cartridge_label/parallel_pair_arabic/fantasy_ornate_arabic/minimalist_pixel_poster/128x128/arcade_arcade_machine_cartridge_label_0490_128x128.json
arcade_arcade_machine_cartridge_label_0490_256x256,arcade_arcade_machine,cartridge_label,parallel_pair_arabic,fantasy_ornate_arabic,minimalist_pixel_poster,256x256,sci_fi_cyberpunk,black_border_nes,arcade_arcade_machine/cartridge_label/parallel_pair_arabic/fantasy_ornate_arabic/minimalist_pixel_poster/256x256/arcade_arcade_machine_cartridge_label_0490_256x256.png,arcade_arcade_machine/cartridge_label/parallel_pair_arabic/fantasy_ornate_arabic/minimalist_pixel_poster/256x256/arcade_arcade_machine_cartridge_label_0490_256x256.json
arcade_arcade_machine_cartridge_label_0491_128x128,arcade_arcade_machine,cartridge_label,arabic_transliteration,retro_8bit_arabic,egyptian_folklore_pixel,128x128,historical_medieval,diagonal_arcade_badge,arcade_arcade_machine/cartridge_label/arabic_transliteration/retro_8bit_arabic/egyptian_folklore_pixel/128x128/arcade_arcade_machine_cartridge_label_0491_128x128.png,arcade_arcade_machine/cartridge_label/arabic_transliteration/retro_8bit_arabic/egyptian_folklore_pixel/128x128/arcade_arcade_machine_cartridge_label_0491_128x128.json
arcade_arcade_machine_cartridge_label_0491_256x256,arcade_arcade_machine,cartridge_label,arabic_transliteration,retro_8bit_arabic,egyptian_folklore_pixel,256x256,historical_medieval,diagonal_arcade_badge,arcade_arcade_machine/cartridge_label/arabic_transliteration/retro_8bit_arabic/egyptian_folklore_pixel/256x256/arcade_arcade_machine_cartridge_label_0491_256x256.png,arcade_arcade_machine/cartridge_label/arabic_transliteration/retro_8bit_arabic/egyptian_folklore_pixel/256x256/arcade_arcade_machine_cartridge_label_0491_256x256.json
arcade_arcade_machine_cartridge_label_0492_128x128,arcade_arcade_machine,cartridge_label,arabic_subtitle,metallic_chrome_arabic,japanese_boxart_style,128x128,egyptian_folklore,centered_emblem,arcade_arcade_machine/cartridge_label/arabic_subtitle/metallic_chrome_arabic/japanese_boxart_style/128x128/arcade_arcade_machine_cartridge_label_0492_128x128.png,arcade_arcade_machine/cartridge_label/arabic_subtitle/metallic_chrome_arabic/japanese_boxart_style/128x128/arcade_arcade_machine_cartridge_label_0492_128x128.json
arcade_arcade_machine_cartridge_label_0492_256x256,arcade_arcade_machine,cartridge_label,arabic_subtitle,metallic_chrome_arabic,japanese_boxart_style,256x256,egyptian_folklore,centered_emblem,arcade_arcade_machine/cartridge_label/arabic_subtitle/metallic_chrome_arabic/japanese_boxart_style/256x256/arcade_arcade_machine_cartridge_label_0492_256x256.png,arcade_arcade_machine/cartridge_label/arabic_subtitle/metallic_chrome_arabic/japanese_boxart_style/256x256/arcade_arcade_machine_cartridge_label_0492_256x256.json
arcade_arcade_machine_full_game_poster_0493_128x128,arcade_arcade_machine,full_game_poster,arabic_only,pixel_thuluth_display,western_boxart_style,128x128,post_apocalyptic,split_bilingual_layout,arcade_arcade_machine/full_game_poster/arabic_only/pixel_thuluth_display/western_boxart_style/128x128/arcade_arcade_machine_full_game_poster_0493_128x128.png,arcade_arcade_machine/full_game_poster/arabic_only/pixel_thuluth_display/western_boxart_style/128x128/arcade_arcade_machine_full_game_poster_0493_128x128.json
arcade_arcade_machine_full_game_poster_0493_256x256,arcade_arcade_machine,full_game_poster,arabic_only,pixel_thuluth_display,western_boxart_style,256x256,post_apocalyptic,split_bilingual_layout,arcade_arcade_machine/full_game_poster/arabic_only/pixel_thuluth_display/western_boxart_style/256x256/arcade_arcade_machine_full_game_poster_0493_256x256.png,arcade_arcade_machine/full_game_poster/arabic_only/pixel_thuluth_display/western_boxart_style/256x256/arcade_arcade_machine_full_game_poster_0493_256x256.json
arcade_arcade_machine_full_game_poster_0494_128x128,arcade_arcade_machine,full_game_poster,bilingual_arabic_primary,pixel_calligraffiti,monochrome_dmg,128x128,platformer,border_framed,arcade_arcade_machine/full_game_poster/bilingual_arabic_primary/pixel_calligraffiti/monochrome_dmg/128x128/arcade_arcade_machine_full_game_poster_0494_128x128.png,arcade_arcade_machine/full_game_poster/bilingual_arabic_primary/pixel_calligraffiti/monochrome_dmg/128x128/arcade_arcade_machine_full_game_poster_0494_128x128.json
arcade_arcade_machine_full_game_poster_0494_256x256,arcade_arcade_machine,full_game_poster,bilingual_arabic_primary,pixel_calligraffiti,monochrome_dmg,256x256,platformer,border_framed,arcade_arcade_machine/full_game_poster/bilingual_arabic_primary/pixel_calligraffiti/monochrome_dmg/256x256/arcade_arcade_machine_full_game_poster_0494_256x256.png,arcade_arcade_machine/full_game_poster/bilingual_arabic_primary/pixel_calligraffiti/monochrome_dmg/256x256/arcade_arcade_machine_full_game_poster_0494_256x256.json
arcade_arcade_machine_full_game_poster_0495_128x128,arcade_arcade_machine,full_game_poster,bilingual_english_primary,pixel_kufic_geometric,retro_8bit_nes,128x128,action_adventure,center_title_large,arcade_arcade_machine/full_game_poster/bilingual_english_primary/pixel_kufic_geometric/retro_8bit_nes/128x128/arcade_arcade_machine_full_game_poster_0495_128x128.png,arcade_arcade_machine/full_game_poster/bilingual_english_primary/pixel_kufic_geometric/retro_8bit_nes/128x128/arcade_arcade_machine_full_game_poster_0495_128x128.json
arcade_arcade_machine_full_game_poster_0495_256x256,arcade_arcade_machine,full_game_poster,bilingual_english_primary,pixel_kufic_geometric,retro_8bit_nes,256x256,action_adventure,center_title_large,arcade_arcade_machine/full_game_poster/bilingual_english_primary/pixel_kufic_geometric/retro_8bit_nes/256x256/arcade_arcade_machine_full_game_poster_0495_256x256.png,arcade_arcade_machine/full_game_poster/bilingual_english_primary/pixel_kufic_geometric/retro_8bit_nes/256x256/arcade_arcade_machine_full_game_poster_0495_256x256.json
arcade_arcade_machine_full_game_poster_0496_128x128,arcade_arcade_machine,full_game_poster,parallel_pair_arabic,pixel_ruqah_fast,retro_16bit_snes_genesis,128x128,fighting_game,top_title_hero_bottom,arcade_arcade_machine/full_game_poster/parallel_pair_arabic/pixel_ruqah_fast/retro_16bit_snes_genesis/128x128/arcade_arcade_machine_full_game_poster_0496_128x128.png,arcade_arcade_machine/full_game_poster/parallel_pair_arabic/pixel_ruqah_fast/retro_16bit_snes_genesis/128x128/arcade_arcade_machine_full_game_poster_0496_128x128.json
arcade_arcade_machine_full_game_poster_0496_256x256,arcade_arcade_machine,full_game_poster,parallel_pair_arabic,pixel_ruqah_fast,retro_16bit_snes_genesis,256x256,fighting_game,top_title_hero_bottom,arcade_arcade_machine/full_game_poster/parallel_pair_arabic/pixel_ruqah_fast/retro_16bit_snes_genesis/256x256/arcade_arcade_machine_full_game_poster_0496_256x256.png,arcade_arcade_machine/full_game_poster/parallel_pair_arabic/pixel_ruqah_fast/retro_16bit_snes_genesis/256x256/arcade_arcade_machine_full_game_poster_0496_256x256.json
arcade_arcade_machine_full_game_poster_0497_128x128,arcade_arcade_machine,full_game_poster,arabic_transliteration,pixel_naskh_clean,arcade_vibrant,128x128,rpg_fantasy,bottom_title_scene_top,arcade_arcade_machine/full_game_poster/arabic_transliteration/pixel_naskh_clean/arcade_vibrant/128x128/arcade_arcade_machine_full_game_poster_0497_128x128.png,arcade_arcade_machine/full_game_poster/arabic_transliteration/pixel_naskh_clean/arcade_vibrant/128x128/arcade_arcade_machine_full_game_poster_0497_128x128.json
arcade_arcade_machine_full_game_poster_0497_256x256,arcade_arcade_machine,full_game_poster,arabic_transliteration,pixel_naskh_clean,arcade_vibrant,256x256,rpg_fantasy,bottom_title_scene_top,arcade_arcade_machine/full_game_poster/arabic_transliteration/pixel_naskh_clean/arcade_vibrant/256x256/arcade_arcade_machine_full_game_poster_0497_256x256.png,arcade_arcade_machine/full_game_poster/arabic_transliteration/pixel_naskh_clean/arcade_vibrant/256x256/arcade_arcade_machine_full_game_poster_0497_256x256.json
arcade_arcade_machine_full_game_poster_0498_128x128,arcade_arcade_machine,full_game_poster,arabic_subtitle,bold_arcade_arabic,retro_synthwave_80s,128x128,shoot_em_up,grid_framed_boxart,arcade_arcade_machine/full_game_poster/arabic_subtitle/bold_arcade_arabic/retro_synthwave_80s/128x128/arcade_arcade_machine_full_game_poster_0498_128x128.png,arcade_arcade_machine/full_game_poster/arabic_subtitle/bold_arcade_arabic/retro_synthwave_80s/128x128/arcade_arcade_machine_full_game_poster_0498_128x128.json
arcade_arcade_machine_full_game_poster_0498_256x256,arcade_arcade_machine,full_game_poster,arabic_subtitle,bold_arcade_arabic,retro_synthwave_80s,256x256,shoot_em_up,grid_framed_boxart,arcade_arcade_machine/full_game_poster/arabic_subtitle/bold_arcade_arabic/retro_synthwave_80s/256x256/arcade_arcade_machine_full_game_poster_0498_256x256.png,arcade_arcade_machine/full_game_poster/arabic_subtitle/bold_arcade_arabic/retro_synthwave_80s/256x256/arcade_arcade_machine_full_game_poster_0498_256x256.json
arcade_arcade_machine_promo_flyer_0499_128x128,arcade_arcade_machine,promo_flyer,arabic_only,3d_bevel_arabic,constructivist_arcade,128x128,racing_sports,black_border_nes,arcade_arcade_machine/promo_flyer/arabic_only/3d_bevel_arabic/constructivist_arcade/128x128/arcade_arcade_machine_promo_flyer_0499_128x128.png,arcade_arcade_machine/promo_flyer/arabic_only/3d_bevel_arabic/constructivist_arcade/128x128/arcade_arcade_machine_promo_flyer_0499_128x128.json
arcade_arcade_machine_promo_flyer_0499_256x256,arcade_arcade_machine,promo_flyer,arabic_only,3d_bevel_arabic,constructivist_arcade,256x256,racing_sports,black_border_nes,arcade_arcade_machine/promo_flyer/arabic_only/3d_bevel_arabic/constructivist_arcade/256x256/arcade_arcade_machine_promo_flyer_0499_256x256.png,arcade_arcade_machine/promo_flyer/arabic_only/3d_bevel_arabic/constructivist_arcade/256x256/arcade_arcade_machine_promo_flyer_0499_256x256.json
arcade_arcade_machine_promo_flyer_0500_128x128,arcade_arcade_machine,promo_flyer,bilingual_arabic_primary,neon_glitch_arabic,dark_fantasy_gothic,128x128,horror_survival,diagonal_arcade_badge,arcade_arcade_machine/promo_flyer/bilingual_arabic_primary/neon_glitch_arabic/dark_fantasy_gothic/128x128/arcade_arcade_machine_promo_flyer_0500_128x128.png,arcade_arcade_machine/promo_flyer/bilingual_arabic_primary/neon_glitch_arabic/dark_fantasy_gothic/128x128/arcade_arcade_machine_promo_flyer_0500_128x128.json
arcade_arcade_machine_promo_flyer_0500_256x256,arcade_arcade_machine,promo_flyer,bilingual_arabic_primary,neon_glitch_arabic,dark_fantasy_gothic,256x256,horror_survival,diagonal_arcade_badge,arcade_arcade_machine/promo_flyer/bilingual_arabic_primary/neon_glitch_arabic/dark_fantasy_gothic/256x256/arcade_arcade_machine_promo_flyer_0500_256x256.png,arcade_arcade_machine/promo_flyer/bilingual_arabic_primary/neon_glitch_arabic/dark_fantasy_gothic/256x256/arcade_arcade_machine_promo_flyer_0500_256x256.json
arcade_arcade_machine_promo_flyer_0501_128x128,arcade_arcade_machine,promo_flyer,bilingual_english_primary,fantasy_ornate_arabic,pop_art_comic,128x128,beat_em_up,centered_emblem,arcade_arcade_machine/promo_flyer/bilingual_english_primary/fantasy_ornate_arabic/pop_art_comic/128x128/arcade_arcade_machine_promo_flyer_0501_128x128.png,arcade_arcade_machine/promo_flyer/bilingual_english_primary/fantasy_ornate_arabic/pop_art_comic/128x128/arcade_arcade_machine_promo_flyer_0501_128x128.json
arcade_arcade_machine_promo_flyer_0501_256x256,arcade_arcade_machine,promo_flyer,bilingual_english_primary,fantasy_ornate_arabic,pop_art_comic,256x256,beat_em_up,centered_emblem,arcade_arcade_machine/promo_flyer/bilingual_english_primary/fantasy_ornate_arabic/pop_art_comic/256x256/arcade_arcade_machine_promo_flyer_0501_256x256.png,arcade_arcade_machine/promo_flyer/bilingual_english_primary/fantasy_ornate_arabic/pop_art_comic/256x256/arcade_arcade_machine_promo_flyer_0501_256x256.json
arcade_arcade_machine_promo_flyer_0502_128x128,arcade_arcade_machine,promo_flyer,parallel_pair_arabic,retro_8bit_arabic,cyberpunk_neon_dystopian,128x128,puzzle_strategy,split_bilingual_layout,arcade_arcade_machine/promo_flyer/parallel_pair_arabic/retro_8bit_arabic/cyberpunk_neon_dystopian/128x128/arcade_arcade_machine_promo_flyer_0502_128x128.png,arcade_arcade_machine/promo_flyer/parallel_pair_arabic/retro_8bit_arabic/cyberpunk_neon_dystopian/128x128/arcade_arcade_machine_promo_flyer_0502_128x128.json
arcade_arcade_machine_promo_flyer_0502_256x256,arcade_arcade_machine,promo_flyer,parallel_pair_arabic,retro_8bit_arabic,cyberpunk_neon_dystopian,256x256,puzzle_strategy,split_bilingual_layout,arcade_arcade_machine/promo_flyer/parallel_pair_arabic/retro_8bit_arabic/cyberpunk_neon_dystopian/256x256/arcade_arcade_machine_promo_flyer_0502_256x256.png,arcade_arcade_machine/promo_flyer/parallel_pair_arabic/retro_8bit_arabic/cyberpunk_neon_dystopian/256x256/arcade_arcade_machine_promo_flyer_0502_256x256.json
arcade_arcade_machine_promo_flyer_0503_128x128,arcade_arcade_machine,promo_flyer,arabic_transliteration,metallic_chrome_arabic,minimalist_pixel_poster,128x128,sci_fi_cyberpunk,border_framed,arcade_arcade_machine/promo_flyer/arabic_transliteration/metallic_chrome_arabic/minimalist_pixel_poster/128x128/arcade_arcade_machine_promo_flyer_0503_128x128.png,arcade_arcade_machine/promo_flyer/arabic_transliteration/metallic_chrome_arabic/minimalist_pixel_poster/128x128/arcade_arcade_machine_promo_flyer_0503_128x128.json
arcade_arcade_machine_promo_flyer_0503_256x256,arcade_arcade_machine,promo_flyer,arabic_transliteration,metallic_chrome_arabic,minimalist_pixel_poster,256x256,sci_fi_cyberpunk,border_framed,arcade_arcade_machine/promo_flyer/arabic_transliteration/metallic_chrome_arabic/minimalist_pixel_poster/256x256/arcade_arcade_machine_promo_flyer_0503_256x256.png,arcade_arcade_machine/promo_flyer/arabic_transliteration/metallic_chrome_arabic/minimalist_pixel_poster/256x256/arcade_arcade_machine_promo_flyer_0503_256x256.json
arcade_arcade_machine_promo_flyer_0504_128x128,arcade_arcade_machine,promo_flyer,arabic_subtitle,pixel_thuluth_display,egyptian_folklore_pixel,128x128,historical_medieval,center_title_large,arcade_arcade_machine/promo_flyer/arabic_subtitle/pixel_thuluth_display/egyptian_folklore_pixel/128x128/arcade_arcade_machine_promo_flyer_0504_128x128.png,arcade_arcade_machine/promo_flyer/arabic_subtitle/pixel_thuluth_display/egyptian_folklore_pixel/128x128/arcade_arcade_machine_promo_flyer_0504_128x128.json
arcade_arcade_machine_promo_flyer_0504_256x256,arcade_arcade_machine,promo_flyer,arabic_subtitle,pixel_thuluth_display,egyptian_folklore_pixel,256x256,historical_medieval,center_title_large,arcade_arcade_machine/promo_flyer/arabic_subtitle/pixel_thuluth_display/egyptian_folklore_pixel/256x256/arcade_arcade_machine_promo_flyer_0504_256x256.png,arcade_arcade_machine/promo_flyer/arabic_subtitle/pixel_thuluth_display/egyptian_folklore_pixel/256x256/arcade_arcade_machine_promo_flyer_0504_256x256.json
arcade_arcade_machine_arabic_title_logo_0505_128x128,arcade_arcade_machine,arabic_title_logo,arabic_only,pixel_calligraffiti,japanese_boxart_style,128x128,egyptian_folklore,top_title_hero_bottom,arcade_arcade_machine/arabic_title_logo/arabic_only/pixel_calligraffiti/japanese_boxart_style/128x128/arcade_arcade_machine_arabic_title_logo_0505_128x128.png,arcade_arcade_machine/arabic_title_logo/arabic_only/pixel_calligraffiti/japanese_boxart_style/128x128/arcade_arcade_machine_arabic_title_logo_0505_128x128.json
arcade_arcade_machine_arabic_title_logo_0505_256x256,arcade_arcade_machine,arabic_title_logo,arabic_only,pixel_calligraffiti,japanese_boxart_style,256x256,egyptian_folklore,top_title_hero_bottom,arcade_arcade_machine/arabic_title_logo/arabic_only/pixel_calligraffiti/japanese_boxart_style/256x256/arcade_arcade_machine_arabic_title_logo_0505_256x256.png,arcade_arcade_machine/arabic_title_logo/arabic_only/pixel_calligraffiti/japanese_boxart_style/256x256/arcade_arcade_machine_arabic_title_logo_0505_256x256.json
arcade_arcade_machine_arabic_title_logo_0506_128x128,arcade_arcade_machine,arabic_title_logo,bilingual_arabic_primary,pixel_kufic_geometric,western_boxart_style,128x128,post_apocalyptic,bottom_title_scene_top,arcade_arcade_machine/arabic_title_logo/bilingual_arabic_primary/pixel_kufic_geometric/western_boxart_style/128x128/arcade_arcade_machine_arabic_title_logo_0506_128x128.png,arcade_arcade_machine/arabic_title_logo/bilingual_arabic_primary/pixel_kufic_geometric/western_boxart_style/128x128/arcade_arcade_machine_arabic_title_logo_0506_128x128.json
arcade_arcade_machine_arabic_title_logo_0506_256x256,arcade_arcade_machine,arabic_title_logo,bilingual_arabic_primary,pixel_kufic_geometric,western_boxart_style,256x256,post_apocalyptic,bottom_title_scene_top,arcade_arcade_machine/arabic_title_logo/bilingual_arabic_primary/pixel_kufic_geometric/western_boxart_style/256x256/arcade_arcade_machine_arabic_title_logo_0506_256x256.png,arcade_arcade_machine/arabic_title_logo/bilingual_arabic_primary/pixel_kufic_geometric/western_boxart_style/256x256/arcade_arcade_machine_arabic_title_logo_0506_256x256.json
arcade_arcade_machine_arabic_title_logo_0507_128x128,arcade_arcade_machine,arabic_title_logo,bilingual_english_primary,pixel_ruqah_fast,monochrome_dmg,128x128,platformer,grid_framed_boxart,arcade_arcade_machine/arabic_title_logo/bilingual_english_primary/pixel_ruqah_fast/monochrome_dmg/128x128/arcade_arcade_machine_arabic_title_logo_0507_128x128.png,arcade_arcade_machine/arabic_title_logo/bilingual_english_primary/pixel_ruqah_fast/monochrome_dmg/128x128/arcade_arcade_machine_arabic_title_logo_0507_128x128.json
arcade_arcade_machine_arabic_title_logo_0507_256x256,arcade_arcade_machine,arabic_title_logo,bilingual_english_primary,pixel_ruqah_fast,monochrome_dmg,256x256,platformer,grid_framed_boxart,arcade_arcade_machine/arabic_title_logo/bilingual_english_primary/pixel_ruqah_fast/monochrome_dmg/256x256/arcade_arcade_machine_arabic_title_logo_0507_256x256.png,arcade_arcade_machine/arabic_title_logo/bilingual_english_primary/pixel_ruqah_fast/monochrome_dmg/256x256/arcade_arcade_machine_arabic_title_logo_0507_256x256.json
arcade_arcade_machine_arabic_title_logo_0508_128x128,arcade_arcade_machine,arabic_title_logo,parallel_pair_arabic,pixel_naskh_clean,retro_8bit_nes,128x128,action_adventure,black_border_nes,arcade_arcade_machine/arabic_title_logo/parallel_pair_arabic/pixel_naskh_clean/retro_8bit_nes/128x128/arcade_arcade_machine_arabic_title_logo_0508_128x128.png,arcade_arcade_machine/arabic_title_logo/parallel_pair_arabic/pixel_naskh_clean/retro_8bit_nes/128x128/arcade_arcade_machine_arabic_title_logo_0508_128x128.json
arcade_arcade_machine_arabic_title_logo_0508_256x256,arcade_arcade_machine,arabic_title_logo,parallel_pair_arabic,pixel_naskh_clean,retro_8bit_nes,256x256,action_adventure,black_border_nes,arcade_arcade_machine/arabic_title_logo/parallel_pair_arabic/pixel_naskh_clean/retro_8bit_nes/256x256/arcade_arcade_machine_arabic_title_logo_0508_256x256.png,arcade_arcade_machine/arabic_title_logo/parallel_pair_arabic/pixel_naskh_clean/retro_8bit_nes/256x256/arcade_arcade_machine_arabic_title_logo_0508_256x256.json
arcade_arcade_machine_arabic_title_logo_0509_128x128,arcade_arcade_machine,arabic_title_logo,arabic_transliteration,bold_arcade_arabic,retro_16bit_snes_genesis,128x128,fighting_game,diagonal_arcade_badge,arcade_arcade_machine/arabic_title_logo/arabic_transliteration/bold_arcade_arabic/retro_16bit_snes_genesis/128x128/arcade_arcade_machine_arabic_title_logo_0509_128x128.png,arcade_arcade_machine/arabic_title_logo/arabic_transliteration/bold_arcade_arabic/retro_16bit_snes_genesis/128x128/arcade_arcade_machine_arabic_title_logo_0509_128x128.json
arcade_arcade_machine_arabic_title_logo_0509_256x256,arcade_arcade_machine,arabic_title_logo,arabic_transliteration,bold_arcade_arabic,retro_16bit_snes_genesis,256x256,fighting_game,diagonal_arcade_badge,arcade_arcade_machine/arabic_title_logo/arabic_transliteration/bold_arcade_arabic/retro_16bit_snes_genesis/256x256/arcade_arcade_machine_arabic_title_logo_0509_256x256.png,arcade_arcade_machine/arabic_title_logo/arabic_transliteration/bold_arcade_arabic/retro_16bit_snes_genesis/256x256/arcade_arcade_machine_arabic_title_logo_0509_256x256.json
arcade_arcade_machine_arabic_title_logo_0510_128x128,arcade_arcade_machine,arabic_title_logo,arabic_subtitle,3d_bevel_arabic,arcade_vibrant,128x128,rpg_fantasy,centered_emblem,arcade_arcade_machine/arabic_title_logo/arabic_subtitle/3d_bevel_arabic/arcade_vibrant/128x128/arcade_arcade_machine_arabic_title_logo_0510_128x128.png,arcade_arcade_machine/arabic_title_logo/arabic_subtitle/3d_bevel_arabic/arcade_vibrant/128x128/arcade_arcade_machine_arabic_title_logo_0510_128x128.json
arcade_arcade_machine_arabic_title_logo_0510_256x256,arcade_arcade_machine,arabic_title_logo,arabic_subtitle,3d_bevel_arabic,arcade_vibrant,256x256,rpg_fantasy,centered_emblem,arcade_arcade_machine/arabic_title_logo/arabic_subtitle/3d_bevel_arabic/arcade_vibrant/256x256/arcade_arcade_machine_arabic_title_logo_0510_256x256.png,arcade_arcade_machine/arabic_title_logo/arabic_subtitle/3d_bevel_arabic/arcade_vibrant/256x256/arcade_arcade_machine_arabic_title_logo_0510_256x256.json
arcade_arcade_machine_english_title_logo_0511_128x128,arcade_arcade_machine,english_title_logo,arabic_only,neon_glitch_arabic,retro_synthwave_80s,128x128,shoot_em_up,split_bilingual_layout,arcade_arcade_machine/english_title_logo/arabic_only/neon_glitch_arabic/retro_synthwave_80s/128x128/arcade_arcade_machine_english_title_logo_0511_128x128.png,arcade_arcade_machine/english_title_logo/arabic_only/neon_glitch_arabic/retro_synthwave_80s/128x128/arcade_arcade_machine_english_title_logo_0511_128x128.json
arcade_arcade_machine_english_title_logo_0511_256x256,arcade_arcade_machine,english_title_logo,arabic_only,neon_glitch_arabic,retro_synthwave_80s,256x256,shoot_em_up,split_bilingual_layout,arcade_arcade_machine/english_title_logo/arabic_only/neon_glitch_arabic/retro_synthwave_80s/256x256/arcade_arcade_machine_english_title_logo_0511_256x256.png,arcade_arcade_machine/english_title_logo/arabic_only/neon_glitch_arabic/retro_synthwave_80s/256x256/arcade_arcade_machine_english_title_logo_0511_256x256.json
arcade_arcade_machine_english_title_logo_0512_128x128,arcade_arcade_machine,english_title_logo,bilingual_arabic_primary,fantasy_ornate_arabic,constructivist_arcade,128x128,racing_sports,border_framed,arcade_arcade_machine/english_title_logo/bilingual_arabic_primary/fantasy_ornate_arabic/constructivist_arcade/128x128/arcade_arcade_machine_english_title_logo_0512_128x128.png,arcade_arcade_machine/english_title_logo/bilingual_arabic_primary/fantasy_ornate_arabic/constructivist_arcade/128x128/arcade_arcade_machine_english_title_logo_0512_128x128.json
arcade_arcade_machine_english_title_logo_0512_256x256,arcade_arcade_machine,english_title_logo,bilingual_arabic_primary,fantasy_ornate_arabic,constructivist_arcade,256x256,racing_sports,border_framed,arcade_arcade_machine/english_title_logo/bilingual_arabic_primary/fantasy_ornate_arabic/constructivist_arcade/256x256/arcade_arcade_machine_english_title_logo_0512_256x256.png,arcade_arcade_machine/english_title_logo/bilingual_arabic_primary/fantasy_ornate_arabic/constructivist_arcade/256x256/arcade_arcade_machine_english_title_logo_0512_256x256.json
arcade_arcade_machine_english_title_logo_0513_128x128,arcade_arcade_machine,english_title_logo,bilingual_english_primary,retro_8bit_arabic,dark_fantasy_gothic,128x128,horror_survival,center_title_large,arcade_arcade_machine/english_title_logo/bilingual_english_primary/retro_8bit_arabic/dark_fantasy_gothic/128x128/arcade_arcade_machine_english_title_logo_0513_128x128.png,arcade_arcade_machine/english_title_logo/bilingual_english_primary/retro_8bit_arabic/dark_fantasy_gothic/128x128/arcade_arcade_machine_english_title_logo_0513_128x128.json
arcade_arcade_machine_english_title_logo_0513_256x256,arcade_arcade_machine,english_title_logo,bilingual_english_primary,retro_8bit_arabic,dark_fantasy_gothic,256x256,horror_survival,center_title_large,arcade_arcade_machine/english_title_logo/bilingual_english_primary/retro_8bit_arabic/dark_fantasy_gothic/256x256/arcade_arcade_machine_english_title_logo_0513_256x256.png,arcade_arcade_machine/english_title_logo/bilingual_english_primary/retro_8bit_arabic/dark_fantasy_gothic/256x256/arcade_arcade_machine_english_title_logo_0513_256x256.json
arcade_arcade_machine_english_title_logo_0514_128x128,arcade_arcade_machine,english_title_logo,parallel_pair_arabic,metallic_chrome_arabic,pop_art_comic,128x128,beat_em_up,top_title_hero_bottom,arcade_arcade_machine/english_title_logo/parallel_pair_arabic/metallic_chrome_arabic/pop_art_comic/128x128/arcade_arcade_machine_english_title_logo_0514_128x128.png,arcade_arcade_machine/english_title_logo/parallel_pair_arabic/metallic_chrome_arabic/pop_art_comic/128x128/arcade_arcade_machine_english_title_logo_0514_128x128.json
arcade_arcade_machine_english_title_logo_0514_256x256,arcade_arcade_machine,english_title_logo,parallel_pair_arabic,metallic_chrome_arabic,pop_art_comic,256x256,beat_em_up,top_title_hero_bottom,arcade_arcade_machine/english_title_logo/parallel_pair_arabic/metallic_chrome_arabic/pop_art_comic/256x256/arcade_arcade_machine_english_title_logo_0514_256x256.png,arcade_arcade_machine/english_title_logo/parallel_pair_arabic/metallic_chrome_arabic/pop_art_comic/256x256/arcade_arcade_machine_english_title_logo_0514_256x256.json
arcade_arcade_machine_english_title_logo_0515_128x128,arcade_arcade_machine,english_title_logo,arabic_transliteration,pixel_thuluth_display,cyberpunk_neon_dystopian,128x128,puzzle_strategy,bottom_title_scene_top,arcade_arcade_machine/english_title_logo/arabic_transliteration/pixel_thuluth_display/cyberpunk_neon_dystopian/128x128/arcade_arcade_machine_english_title_logo_0515_128x128.png,arcade_arcade_machine/english_title_logo/arabic_transliteration/pixel_thuluth_display/cyberpunk_neon_dystopian/128x128/arcade_arcade_machine_english_title_logo_0515_128x128.json
arcade_arcade_machine_english_title_logo_0515_256x256,arcade_arcade_machine,english_title_logo,arabic_transliteration,pixel_thuluth_display,cyberpunk_neon_dystopian,256x256,puzzle_strategy,bottom_title_scene_top,arcade_arcade_machine/english_title_logo/arabic_transliteration/pixel_thuluth_display/cyberpunk_neon_dystopian/256x256/arcade_arcade_machine_english_title_logo_0515_256x256.png,arcade_arcade_machine/english_title_logo/arabic_transliteration/pixel_thuluth_display/cyberpunk_neon_dystopian/256x256/arcade_arcade_machine_english_title_logo_0515_256x256.json
arcade_arcade_machine_english_title_logo_0516_128x128,arcade_arcade_machine,english_title_logo,arabic_subtitle,pixel_calligraffiti,minimalist_pixel_poster,128x128,sci_fi_cyberpunk,grid_framed_boxart,arcade_arcade_machine/english_title_logo/arabic_subtitle/pixel_calligraffiti/minimalist_pixel_poster/128x128/arcade_arcade_machine_english_title_logo_0516_128x128.png,arcade_arcade_machine/english_title_logo/arabic_subtitle/pixel_calligraffiti/minimalist_pixel_poster/128x128/arcade_arcade_machine_english_title_logo_0516_128x128.json
arcade_arcade_machine_english_title_logo_0516_256x256,arcade_arcade_machine,english_title_logo,arabic_subtitle,pixel_calligraffiti,minimalist_pixel_poster,256x256,sci_fi_cyberpunk,grid_framed_boxart,arcade_arcade_machine/english_title_logo/arabic_subtitle/pixel_calligraffiti/minimalist_pixel_poster/256x256/arcade_arcade_machine_english_title_logo_0516_256x256.png,arcade_arcade_machine/english_title_logo/arabic_subtitle/pixel_calligraffiti/minimalist_pixel_poster/256x256/arcade_arcade_machine_english_title_logo_0516_256x256.json
arcade_arcade_machine_bilingual_title_logo_0517_128x128,arcade_arcade_machine,bilingual_title_logo,arabic_only,pixel_kufic_geometric,egyptian_folklore_pixel,128x128,historical_medieval,black_border_nes,arcade_arcade_machine/bilingual_title_logo/arabic_only/pixel_kufic_geometric/egyptian_folklore_pixel/128x128/arcade_arcade_machine_bilingual_title_logo_0517_128x128.png,arcade_arcade_machine/bilingual_title_logo/arabic_only/pixel_kufic_geometric/egyptian_folklore_pixel/128x128/arcade_arcade_machine_bilingual_title_logo_0517_128x128.json
arcade_arcade_machine_bilingual_title_logo_0517_256x256,arcade_arcade_machine,bilingual_title_logo,arabic_only,pixel_kufic_geometric,egyptian_folklore_pixel,256x256,historical_medieval,black_border_nes,arcade_arcade_machine/bilingual_title_logo/arabic_only/pixel_kufic_geometric/egyptian_folklore_pixel/256x256/arcade_arcade_machine_bilingual_title_logo_0517_256x256.png,arcade_arcade_machine/bilingual_title_logo/arabic_only/pixel_kufic_geometric/egyptian_folklore_pixel/256x256/arcade_arcade_machine_bilingual_title_logo_0517_256x256.json
arcade_arcade_machine_bilingual_title_logo_0518_128x128,arcade_arcade_machine,bilingual_title_logo,bilingual_arabic_primary,pixel_ruqah_fast,japanese_boxart_style,128x128,egyptian_folklore,diagonal_arcade_badge,arcade_arcade_machine/bilingual_title_logo/bilingual_arabic_primary/pixel_ruqah_fast/japanese_boxart_style/128x128/arcade_arcade_machine_bilingual_title_logo_0518_128x128.png,arcade_arcade_machine/bilingual_title_logo/bilingual_arabic_primary/pixel_ruqah_fast/japanese_boxart_style/128x128/arcade_arcade_machine_bilingual_title_logo_0518_128x128.json
arcade_arcade_machine_bilingual_title_logo_0518_256x256,arcade_arcade_machine,bilingual_title_logo,bilingual_arabic_primary,pixel_ruqah_fast,japanese_boxart_style,256x256,egyptian_folklore,diagonal_arcade_badge,arcade_arcade_machine/bilingual_title_logo/bilingual_arabic_primary/pixel_ruqah_fast/japanese_boxart_style/256x256/arcade_arcade_machine_bilingual_title_logo_0518_256x256.png,arcade_arcade_machine/bilingual_title_logo/bilingual_arabic_primary/pixel_ruqah_fast/japanese_boxart_style/256x256/arcade_arcade_machine_bilingual_title_logo_0518_256x256.json
arcade_arcade_machine_bilingual_title_logo_0519_128x128,arcade_arcade_machine,bilingual_title_logo,bilingual_english_primary,pixel_naskh_clean,western_boxart_style,128x128,post_apocalyptic,centered_emblem,arcade_arcade_machine/bilingual_title_logo/bilingual_english_primary/pixel_naskh_clean/western_boxart_style/128x128/arcade_arcade_machine_bilingual_title_logo_0519_128x128.png,arcade_arcade_machine/bilingual_title_logo/bilingual_english_primary/pixel_naskh_clean/western_boxart_style/128x128/arcade_arcade_machine_bilingual_title_logo_0519_128x128.json
arcade_arcade_machine_bilingual_title_logo_0519_256x256,arcade_arcade_machine,bilingual_title_logo,bilingual_english_primary,pixel_naskh_clean,western_boxart_style,256x256,post_apocalyptic,centered_emblem,arcade_arcade_machine/bilingual_title_logo/bilingual_english_primary/pixel_naskh_clean/western_boxart_style/256x256/arcade_arcade_machine_bilingual_title_logo_0519_256x256.png,arcade_arcade_machine/bilingual_title_logo/bilingual_english_primary/pixel_naskh_clean/western_boxart_style/256x256/arcade_arcade_machine_bilingual_title_logo_0519_256x256.json
arcade_arcade_machine_bilingual_title_logo_0520_128x128,arcade_arcade_machine,bilingual_title_logo,parallel_pair_arabic,bold_arcade_arabic,monochrome_dmg,128x128,platformer,split_bilingual_layout,arcade_arcade_machine/bilingual_title_logo/parallel_pair_arabic/bold_arcade_arabic/monochrome_dmg/128x128/arcade_arcade_machine_bilingual_title_logo_0520_128x128.png,arcade_arcade_machine/bilingual_title_logo/parallel_pair_arabic/bold_arcade_arabic/monochrome_dmg/128x128/arcade_arcade_machine_bilingual_title_logo_0520_128x128.json
arcade_arcade_machine_bilingual_title_logo_0520_256x256,arcade_arcade_machine,bilingual_title_logo,parallel_pair_arabic,bold_arcade_arabic,monochrome_dmg,256x256,platformer,split_bilingual_layout,arcade_arcade_machine/bilingual_title_logo/parallel_pair_arabic/bold_arcade_arabic/monochrome_dmg/256x256/arcade_arcade_machine_bilingual_title_logo_0520_256x256.png,arcade_arcade_machine/bilingual_title_logo/parallel_pair_arabic/bold_arcade_arabic/monochrome_dmg/256x256/arcade_arcade_machine_bilingual_title_logo_0520_256x256.json
arcade_arcade_machine_bilingual_title_logo_0521_128x128,arcade_arcade_machine,bilingual_title_logo,arabic_transliteration,3d_bevel_arabic,retro_8bit_nes,128x128,action_adventure,border_framed,arcade_arcade_machine/bilingual_title_logo/arabic_transliteration/3d_bevel_arabic/retro_8bit_nes/128x128/arcade_arcade_machine_bilingual_title_logo_0521_128x128.png,arcade_arcade_machine/bilingual_title_logo/arabic_transliteration/3d_bevel_arabic/retro_8bit_nes/128x128/arcade_arcade_machine_bilingual_title_logo_0521_128x128.json
arcade_arcade_machine_bilingual_title_logo_0521_256x256,arcade_arcade_machine,bilingual_title_logo,arabic_transliteration,3d_bevel_arabic,retro_8bit_nes,256x256,action_adventure,border_framed,arcade_arcade_machine/bilingual_title_logo/arabic_transliteration/3d_bevel_arabic/retro_8bit_nes/256x256/arcade_arcade_machine_bilingual_title_logo_0521_256x256.png,arcade_arcade_machine/bilingual_title_logo/arabic_transliteration/3d_bevel_arabic/retro_8bit_nes/256x256/arcade_arcade_machine_bilingual_title_logo_0521_256x256.json
arcade_arcade_machine_bilingual_title_logo_0522_128x128,arcade_arcade_machine,bilingual_title_logo,arabic_subtitle,neon_glitch_arabic,retro_16bit_snes_genesis,128x128,fighting_game,center_title_large,arcade_arcade_machine/bilingual_title_logo/arabic_subtitle/neon_glitch_arabic/retro_16bit_snes_genesis/128x128/arcade_arcade_machine_bilingual_title_logo_0522_128x128.png,arcade_arcade_machine/bilingual_title_logo/arabic_subtitle/neon_glitch_arabic/retro_16bit_snes_genesis/128x128/arcade_arcade_machine_bilingual_title_logo_0522_128x128.json
arcade_arcade_machine_bilingual_title_logo_0522_256x256,arcade_arcade_machine,bilingual_title_logo,arabic_subtitle,neon_glitch_arabic,retro_16bit_snes_genesis,256x256,fighting_game,center_title_large,arcade_arcade_machine/bilingual_title_logo/arabic_subtitle/neon_glitch_arabic/retro_16bit_snes_genesis/256x256/arcade_arcade_machine_bilingual_title_logo_0522_256x256.png,arcade_arcade_machine/bilingual_title_logo/arabic_subtitle/neon_glitch_arabic/retro_16bit_snes_genesis/256x256/arcade_arcade_machine_bilingual_title_logo_0522_256x256.json
arcade_arcade_machine_pixel_lettering_0523_128x128,arcade_arcade_machine,pixel_lettering,arabic_only,fantasy_ornate_arabic,arcade_vibrant,128x128,rpg_fantasy,top_title_hero_bottom,arcade_arcade_machine/pixel_lettering/arabic_only/fantasy_ornate_arabic/arcade_vibrant/128x128/arcade_arcade_machine_pixel_lettering_0523_128x128.png,arcade_arcade_machine/pixel_lettering/arabic_only/fantasy_ornate_arabic/arcade_vibrant/128x128/arcade_arcade_machine_pixel_lettering_0523_128x128.json
arcade_arcade_machine_pixel_lettering_0523_256x256,arcade_arcade_machine,pixel_lettering,arabic_only,fantasy_ornate_arabic,arcade_vibrant,256x256,rpg_fantasy,top_title_hero_bottom,arcade_arcade_machine/pixel_lettering/arabic_only/fantasy_ornate_arabic/arcade_vibrant/256x256/arcade_arcade_machine_pixel_lettering_0523_256x256.png,arcade_arcade_machine/pixel_lettering/arabic_only/fantasy_ornate_arabic/arcade_vibrant/256x256/arcade_arcade_machine_pixel_lettering_0523_256x256.json
arcade_arcade_machine_pixel_lettering_0524_128x128,arcade_arcade_machine,pixel_lettering,bilingual_arabic_primary,retro_8bit_arabic,retro_synthwave_80s,128x128,shoot_em_up,bottom_title_scene_top,arcade_arcade_machine/pixel_lettering/bilingual_arabic_primary/retro_8bit_arabic/retro_synthwave_80s/128x128/arcade_arcade_machine_pixel_lettering_0524_128x128.png,arcade_arcade_machine/pixel_lettering/bilingual_arabic_primary/retro_8bit_arabic/retro_synthwave_80s/128x128/arcade_arcade_machine_pixel_lettering_0524_128x128.json
arcade_arcade_machine_pixel_lettering_0524_256x256,arcade_arcade_machine,pixel_lettering,bilingual_arabic_primary,retro_8bit_arabic,retro_synthwave_80s,256x256,shoot_em_up,bottom_title_scene_top,arcade_arcade_machine/pixel_lettering/bilingual_arabic_primary/retro_8bit_arabic/retro_synthwave_80s/256x256/arcade_arcade_machine_pixel_lettering_0524_256x256.png,arcade_arcade_machine/pixel_lettering/bilingual_arabic_primary/retro_8bit_arabic/retro_synthwave_80s/256x256/arcade_arcade_machine_pixel_lettering_0524_256x256.json
arcade_arcade_machine_pixel_lettering_0525_128x128,arcade_arcade_machine,pixel_lettering,bilingual_english_primary,metallic_chrome_arabic,constructivist_arcade,128x128,racing_sports,grid_framed_boxart,arcade_arcade_machine/pixel_lettering/bilingual_english_primary/metallic_chrome_arabic/constructivist_arcade/128x128/arcade_arcade_machine_pixel_lettering_0525_128x128.png,arcade_arcade_machine/pixel_lettering/bilingual_english_primary/metallic_chrome_arabic/constructivist_arcade/128x128/arcade_arcade_machine_pixel_lettering_0525_128x128.json
arcade_arcade_machine_pixel_lettering_0525_256x256,arcade_arcade_machine,pixel_lettering,bilingual_english_primary,metallic_chrome_arabic,constructivist_arcade,256x256,racing_sports,grid_framed_boxart,arcade_arcade_machine/pixel_lettering/bilingual_english_primary/metallic_chrome_arabic/constructivist_arcade/256x256/arcade_arcade_machine_pixel_lettering_0525_256x256.png,arcade_arcade_machine/pixel_lettering/bilingual_english_primary/metallic_chrome_arabic/constructivist_arcade/256x256/arcade_arcade_machine_pixel_lettering_0525_256x256.json
arcade_arcade_machine_pixel_lettering_0526_128x128,arcade_arcade_machine,pixel_lettering,parallel_pair_arabic,pixel_thuluth_display,dark_fantasy_gothic,128x128,horror_survival,black_border_nes,arcade_arcade_machine/pixel_lettering/parallel_pair_arabic/pixel_thuluth_display/dark_fantasy_gothic/128x128/arcade_arcade_machine_pixel_lettering_0526_128x128.png,arcade_arcade_machine/pixel_lettering/parallel_pair_arabic/pixel_thuluth_display/dark_fantasy_gothic/128x128/arcade_arcade_machine_pixel_lettering_0526_128x128.json
arcade_arcade_machine_pixel_lettering_0526_256x256,arcade_arcade_machine,pixel_lettering,parallel_pair_arabic,pixel_thuluth_display,dark_fantasy_gothic,256x256,horror_survival,black_border_nes,arcade_arcade_machine/pixel_lettering/parallel_pair_arabic/pixel_thuluth_display/dark_fantasy_gothic/256x256/arcade_arcade_machine_pixel_lettering_0526_256x256.png,arcade_arcade_machine/pixel_lettering/parallel_pair_arabic/pixel_thuluth_display/dark_fantasy_gothic/256x256/arcade_arcade_machine_pixel_lettering_0526_256x256.json
arcade_arcade_machine_pixel_lettering_0527_128x128,arcade_arcade_machine,pixel_lettering,arabic_transliteration,pixel_calligraffiti,pop_art_comic,128x128,beat_em_up,diagonal_arcade_badge,arcade_arcade_machine/pixel_lettering/arabic_transliteration/pixel_calligraffiti/pop_art_comic/128x128/arcade_arcade_machine_pixel_lettering_0527_128x128.png,arcade_arcade_machine/pixel_lettering/arabic_transliteration/pixel_calligraffiti/pop_art_comic/128x128/arcade_arcade_machine_pixel_lettering_0527_128x128.json
arcade_arcade_machine_pixel_lettering_0527_256x256,arcade_arcade_machine,pixel_lettering,arabic_transliteration,pixel_calligraffiti,pop_art_comic,256x256,beat_em_up,diagonal_arcade_badge,arcade_arcade_machine/pixel_lettering/arabic_transliteration/pixel_calligraffiti/pop_art_comic/256x256/arcade_arcade_machine_pixel_lettering_0527_256x256.png,arcade_arcade_machine/pixel_lettering/arabic_transliteration/pixel_calligraffiti/pop_art_comic/256x256/arcade_arcade_machine_pixel_lettering_0527_256x256.json
arcade_arcade_machine_pixel_lettering_0528_128x128,arcade_arcade_machine,pixel_lettering,arabic_subtitle,pixel_kufic_geometric,cyberpunk_neon_dystopian,128x128,puzzle_strategy,centered_emblem,arcade_arcade_machine/pixel_lettering/arabic_subtitle/pixel_kufic_geometric/cyberpunk_neon_dystopian/128x128/arcade_arcade_machine_pixel_lettering_0528_128x128.png,arcade_arcade_machine/pixel_lettering/arabic_subtitle/pixel_kufic_geometric/cyberpunk_neon_dystopian/128x128/arcade_arcade_machine_pixel_lettering_0528_128x128.json
arcade_arcade_machine_pixel_lettering_0528_256x256,arcade_arcade_machine,pixel_lettering,arabic_subtitle,pixel_kufic_geometric,cyberpunk_neon_dystopian,256x256,puzzle_strategy,centered_emblem,arcade_arcade_machine/pixel_lettering/arabic_subtitle/pixel_kufic_geometric/cyberpunk_neon_dystopian/256x256/arcade_arcade_machine_pixel_lettering_0528_256x256.png,arcade_arcade_machine/pixel_lettering/arabic_subtitle/pixel_kufic_geometric/cyberpunk_neon_dystopian/256x256/arcade_arcade_machine_pixel_lettering_0528_256x256.json
arcade_arcade_machine_game_over_screen_0529_128x128,arcade_arcade_machine,game_over_screen,arabic_only,pixel_ruqah_fast,minimalist_pixel_poster,128x128,sci_fi_cyberpunk,split_bilingual_layout,arcade_arcade_machine/game_over_screen/arabic_only/pixel_ruqah_fast/minimalist_pixel_poster/128x128/arcade_arcade_machine_game_over_screen_0529_128x128.png,arcade_arcade_machine/game_over_screen/arabic_only/pixel_ruqah_fast/minimalist_pixel_poster/128x128/arcade_arcade_machine_game_over_screen_0529_128x128.json
arcade_arcade_machine_game_over_screen_0529_256x256,arcade_arcade_machine,game_over_screen,arabic_only,pixel_ruqah_fast,minimalist_pixel_poster,256x256,sci_fi_cyberpunk,split_bilingual_layout,arcade_arcade_machine/game_over_screen/arabic_only/pixel_ruqah_fast/minimalist_pixel_poster/256x256/arcade_arcade_machine_game_over_screen_0529_256x256.png,arcade_arcade_machine/game_over_screen/arabic_only/pixel_ruqah_fast/minimalist_pixel_poster/256x256/arcade_arcade_machine_game_over_screen_0529_256x256.json
arcade_arcade_machine_game_over_screen_0530_128x128,arcade_arcade_machine,game_over_screen,bilingual_arabic_primary,pixel_naskh_clean,egyptian_folklore_pixel,128x128,historical_medieval,border_framed,arcade_arcade_machine/game_over_screen/bilingual_arabic_primary/pixel_naskh_clean/egyptian_folklore_pixel/128x128/arcade_arcade_machine_game_over_screen_0530_128x128.png,arcade_arcade_machine/game_over_screen/bilingual_arabic_primary/pixel_naskh_clean/egyptian_folklore_pixel/128x128/arcade_arcade_machine_game_over_screen_0530_128x128.json
arcade_arcade_machine_game_over_screen_0530_256x256,arcade_arcade_machine,game_over_screen,bilingual_arabic_primary,pixel_naskh_clean,egyptian_folklore_pixel,256x256,historical_medieval,border_framed,arcade_arcade_machine/game_over_screen/bilingual_arabic_primary/pixel_naskh_clean/egyptian_folklore_pixel/256x256/arcade_arcade_machine_game_over_screen_0530_256x256.png,arcade_arcade_machine/game_over_screen/bilingual_arabic_primary/pixel_naskh_clean/egyptian_folklore_pixel/256x256/arcade_arcade_machine_game_over_screen_0530_256x256.json
arcade_arcade_machine_game_over_screen_0531_128x128,arcade_arcade_machine,game_over_screen,bilingual_english_primary,bold_arcade_arabic,japanese_boxart_style,128x128,egyptian_folklore,center_title_large,arcade_arcade_machine/game_over_screen/bilingual_english_primary/bold_arcade_arabic/japanese_boxart_style/128x128/arcade_arcade_machine_game_over_screen_0531_128x128.png,arcade_arcade_machine/game_over_screen/bilingual_english_primary/bold_arcade_arabic/japanese_boxart_style/128x128/arcade_arcade_machine_game_over_screen_0531_128x128.json
arcade_arcade_machine_game_over_screen_0531_256x256,arcade_arcade_machine,game_over_screen,bilingual_english_primary,bold_arcade_arabic,japanese_boxart_style,256x256,egyptian_folklore,center_title_large,arcade_arcade_machine/game_over_screen/bilingual_english_primary/bold_arcade_arabic/japanese_boxart_style/256x256/arcade_arcade_machine_game_over_screen_0531_256x256.png,arcade_arcade_machine/game_over_screen/bilingual_english_primary/bold_arcade_arabic/japanese_boxart_style/256x256/arcade_arcade_machine_game_over_screen_0531_256x256.json
arcade_arcade_machine_game_over_screen_0532_128x128,arcade_arcade_machine,game_over_screen,parallel_pair_arabic,3d_bevel_arabic,western_boxart_style,128x128,post_apocalyptic,top_title_hero_bottom,arcade_arcade_machine/game_over_screen/parallel_pair_arabic/3d_bevel_arabic/western_boxart_style/128x128/arcade_arcade_machine_game_over_screen_0532_128x128.png,arcade_arcade_machine/game_over_screen/parallel_pair_arabic/3d_bevel_arabic/western_boxart_style/128x128/arcade_arcade_machine_game_over_screen_0532_128x128.json
arcade_arcade_machine_game_over_screen_0532_256x256,arcade_arcade_machine,game_over_screen,parallel_pair_arabic,3d_bevel_arabic,western_boxart_style,256x256,post_apocalyptic,top_title_hero_bottom,arcade_arcade_machine/game_over_screen/parallel_pair_arabic/3d_bevel_arabic/western_boxart_style/256x256/arcade_arcade_machine_game_over_screen_0532_256x256.png,arcade_arcade_machine/game_over_screen/parallel_pair_arabic/3d_bevel_arabic/western_boxart_style/256x256/arcade_arcade_machine_game_over_screen_0532_256x256.json
arcade_arcade_machine_game_over_screen_0533_128x128,arcade_arcade_machine,game_over_screen,arabic_transliteration,neon_glitch_arabic,monochrome_dmg,128x128,platformer,bottom_title_scene_top,arcade_arcade_machine/game_over_screen/arabic_transliteration/neon_glitch_arabic/monochrome_dmg/128x128/arcade_arcade_machine_game_over_screen_0533_128x128.png,arcade_arcade_machine/game_over_screen/arabic_transliteration/neon_glitch_arabic/monochrome_dmg/128x128/arcade_arcade_machine_game_over_screen_0533_128x128.json
arcade_arcade_machine_game_over_screen_0533_256x256,arcade_arcade_machine,game_over_screen,arabic_transliteration,neon_glitch_arabic,monochrome_dmg,256x256,platformer,bottom_title_scene_top,arcade_arcade_machine/game_over_screen/arabic_transliteration/neon_glitch_arabic/monochrome_dmg/256x256/arcade_arcade_machine_game_over_screen_0533_256x256.png,arcade_arcade_machine/game_over_screen/arabic_transliteration/neon_glitch_arabic/monochrome_dmg/256x256/arcade_arcade_machine_game_over_screen_0533_256x256.json
arcade_arcade_machine_game_over_screen_0534_128x128,arcade_arcade_machine,game_over_screen,arabic_subtitle,fantasy_ornate_arabic,retro_8bit_nes,128x128,action_adventure,grid_framed_boxart,arcade_arcade_machine/game_over_screen/arabic_subtitle/fantasy_ornate_arabic/retro_8bit_nes/128x128/arcade_arcade_machine_game_over_screen_0534_128x128.png,arcade_arcade_machine/game_over_screen/arabic_subtitle/fantasy_ornate_arabic/retro_8bit_nes/128x128/arcade_arcade_machine_game_over_screen_0534_128x128.json
arcade_arcade_machine_game_over_screen_0534_256x256,arcade_arcade_machine,game_over_screen,arabic_subtitle,fantasy_ornate_arabic,retro_8bit_nes,256x256,action_adventure,grid_framed_boxart,arcade_arcade_machine/game_over_screen/arabic_subtitle/fantasy_ornate_arabic/retro_8bit_nes/256x256/arcade_arcade_machine_game_over_screen_0534_256x256.png,arcade_arcade_machine/game_over_screen/arabic_subtitle/fantasy_ornate_arabic/retro_8bit_nes/256x256/arcade_arcade_machine_game_over_screen_0534_256x256.json
arcade_arcade_machine_stage_clear_banner_0535_128x128,arcade_arcade_machine,stage_clear_banner,arabic_only,retro_8bit_arabic,retro_16bit_snes_genesis,128x128,fighting_game,black_border_nes,arcade_arcade_machine/stage_clear_banner/arabic_only/retro_8bit_arabic/retro_16bit_snes_genesis/128x128/arcade_arcade_machine_stage_clear_banner_0535_128x128.png,arcade_arcade_machine/stage_clear_banner/arabic_only/retro_8bit_arabic/retro_16bit_snes_genesis/128x128/arcade_arcade_machine_stage_clear_banner_0535_128x128.json
arcade_arcade_machine_stage_clear_banner_0535_256x256,arcade_arcade_machine,stage_clear_banner,arabic_only,retro_8bit_arabic,retro_16bit_snes_genesis,256x256,fighting_game,black_border_nes,arcade_arcade_machine/stage_clear_banner/arabic_only/retro_8bit_arabic/retro_16bit_snes_genesis/256x256/arcade_arcade_machine_stage_clear_banner_0535_256x256.png,arcade_arcade_machine/stage_clear_banner/arabic_only/retro_8bit_arabic/retro_16bit_snes_genesis/256x256/arcade_arcade_machine_stage_clear_banner_0535_256x256.json
arcade_arcade_machine_stage_clear_banner_0536_128x128,arcade_arcade_machine,stage_clear_banner,bilingual_arabic_primary,metallic_chrome_arabic,arcade_vibrant,128x128,rpg_fantasy,diagonal_arcade_badge,arcade_arcade_machine/stage_clear_banner/bilingual_arabic_primary/metallic_chrome_arabic/arcade_vibrant/128x128/arcade_arcade_machine_stage_clear_banner_0536_128x128.png,arcade_arcade_machine/stage_clear_banner/bilingual_arabic_primary/metallic_chrome_arabic/arcade_vibrant/128x128/arcade_arcade_machine_stage_clear_banner_0536_128x128.json
arcade_arcade_machine_stage_clear_banner_0536_256x256,arcade_arcade_machine,stage_clear_banner,bilingual_arabic_primary,metallic_chrome_arabic,arcade_vibrant,256x256,rpg_fantasy,diagonal_arcade_badge,arcade_arcade_machine/stage_clear_banner/bilingual_arabic_primary/metallic_chrome_arabic/arcade_vibrant/256x256/arcade_arcade_machine_stage_clear_banner_0536_256x256.png,arcade_arcade_machine/stage_clear_banner/bilingual_arabic_primary/metallic_chrome_arabic/arcade_vibrant/256x256/arcade_arcade_machine_stage_clear_banner_0536_256x256.json
arcade_arcade_machine_stage_clear_banner_0537_128x128,arcade_arcade_machine,stage_clear_banner,bilingual_english_primary,pixel_thuluth_display,retro_synthwave_80s,128x128,shoot_em_up,centered_emblem,arcade_arcade_machine/stage_clear_banner/bilingual_english_primary/pixel_thuluth_display/retro_synthwave_80s/128x128/arcade_arcade_machine_stage_clear_banner_0537_128x128.png,arcade_arcade_machine/stage_clear_banner/bilingual_english_primary/pixel_thuluth_display/retro_synthwave_80s/128x128/arcade_arcade_machine_stage_clear_banner_0537_128x128.json
arcade_arcade_machine_stage_clear_banner_0537_256x256,arcade_arcade_machine,stage_clear_banner,bilingual_english_primary,pixel_thuluth_display,retro_synthwave_80s,256x256,shoot_em_up,centered_emblem,arcade_arcade_machine/stage_clear_banner/bilingual_english_primary/pixel_thuluth_display/retro_synthwave_80s/256x256/arcade_arcade_machine_stage_clear_banner_0537_256x256.png,arcade_arcade_machine/stage_clear_banner/bilingual_english_primary/pixel_thuluth_display/retro_synthwave_80s/256x256/arcade_arcade_machine_stage_clear_banner_0537_256x256.json
arcade_arcade_machine_stage_clear_banner_0538_128x128,arcade_arcade_machine,stage_clear_banner,parallel_pair_arabic,pixel_calligraffiti,constructivist_arcade,128x128,racing_sports,split_bilingual_layout,arcade_arcade_machine/stage_clear_banner/parallel_pair_arabic/pixel_calligraffiti/constructivist_arcade/128x128/arcade_arcade_machine_stage_clear_banner_0538_128x128.png,arcade_arcade_machine/stage_clear_banner/parallel_pair_arabic/pixel_calligraffiti/constructivist_arcade/128x128/arcade_arcade_machine_stage_clear_banner_0538_128x128.json
arcade_arcade_machine_stage_clear_banner_0538_256x256,arcade_arcade_machine,stage_clear_banner,parallel_pair_arabic,pixel_calligraffiti,constructivist_arcade,256x256,racing_sports,split_bilingual_layout,arcade_arcade_machine/stage_clear_banner/parallel_pair_arabic/pixel_calligraffiti/constructivist_arcade/256x256/arcade_arcade_machine_stage_clear_banner_0538_256x256.png,arcade_arcade_machine/stage_clear_banner/parallel_pair_arabic/pixel_calligraffiti/constructivist_arcade/256x256/arcade_arcade_machine_stage_clear_banner_0538_256x256.json
arcade_arcade_machine_stage_clear_banner_0539_128x128,arcade_arcade_machine,stage_clear_banner,arabic_transliteration,pixel_kufic_geometric,dark_fantasy_gothic,128x128,horror_survival,border_framed,arcade_arcade_machine/stage_clear_banner/arabic_transliteration/pixel_kufic_geometric/dark_fantasy_gothic/128x128/arcade_arcade_machine_stage_clear_banner_0539_128x128.png,arcade_arcade_machine/stage_clear_banner/arabic_transliteration/pixel_kufic_geometric/dark_fantasy_gothic/128x128/arcade_arcade_machine_stage_clear_banner_0539_128x128.json
arcade_arcade_machine_stage_clear_banner_0539_256x256,arcade_arcade_machine,stage_clear_banner,arabic_transliteration,pixel_kufic_geometric,dark_fantasy_gothic,256x256,horror_survival,border_framed,arcade_arcade_machine/stage_clear_banner/arabic_transliteration/pixel_kufic_geometric/dark_fantasy_gothic/256x256/arcade_arcade_machine_stage_clear_banner_0539_256x256.png,arcade_arcade_machine/stage_clear_banner/arabic_transliteration/pixel_kufic_geometric/dark_fantasy_gothic/256x256/arcade_arcade_machine_stage_clear_banner_0539_256x256.json
arcade_arcade_machine_stage_clear_banner_0540_128x128,arcade_arcade_machine,stage_clear_banner,arabic_subtitle,pixel_ruqah_fast,pop_art_comic,128x128,beat_em_up,center_title_large,arcade_arcade_machine/stage_clear_banner/arabic_subtitle/pixel_ruqah_fast/pop_art_comic/128x128/arcade_arcade_machine_stage_clear_banner_0540_128x128.png,arcade_arcade_machine/stage_clear_banner/arabic_subtitle/pixel_ruqah_fast/pop_art_comic/128x128/arcade_arcade_machine_stage_clear_banner_0540_128x128.json
arcade_arcade_machine_stage_clear_banner_0540_256x256,arcade_arcade_machine,stage_clear_banner,arabic_subtitle,pixel_ruqah_fast,pop_art_comic,256x256,beat_em_up,center_title_large,arcade_arcade_machine/stage_clear_banner/arabic_subtitle/pixel_ruqah_fast/pop_art_comic/256x256/arcade_arcade_machine_stage_clear_banner_0540_256x256.png,arcade_arcade_machine/stage_clear_banner/arabic_subtitle/pixel_ruqah_fast/pop_art_comic/256x256/arcade_arcade_machine_stage_clear_banner_0540_256x256.json
arcade_arcade_machine_ui_title_badge_0541_128x128,arcade_arcade_machine,ui_title_badge,arabic_only,pixel_naskh_clean,cyberpunk_neon_dystopian,128x128,puzzle_strategy,top_title_hero_bottom,arcade_arcade_machine/ui_title_badge/arabic_only/pixel_naskh_clean/cyberpunk_neon_dystopian/128x128/arcade_arcade_machine_ui_title_badge_0541_128x128.png,arcade_arcade_machine/ui_title_badge/arabic_only/pixel_naskh_clean/cyberpunk_neon_dystopian/128x128/arcade_arcade_machine_ui_title_badge_0541_128x128.json
arcade_arcade_machine_ui_title_badge_0541_256x256,arcade_arcade_machine,ui_title_badge,arabic_only,pixel_naskh_clean,cyberpunk_neon_dystopian,256x256,puzzle_strategy,top_title_hero_bottom,arcade_arcade_machine/ui_title_badge/arabic_only/pixel_naskh_clean/cyberpunk_neon_dystopian/256x256/arcade_arcade_machine_ui_title_badge_0541_256x256.png,arcade_arcade_machine/ui_title_badge/arabic_only/pixel_naskh_clean/cyberpunk_neon_dystopian/256x256/arcade_arcade_machine_ui_title_badge_0541_256x256.json
arcade_arcade_machine_ui_title_badge_0542_128x128,arcade_arcade_machine,ui_title_badge,bilingual_arabic_primary,bold_arcade_arabic,minimalist_pixel_poster,128x128,sci_fi_cyberpunk,bottom_title_scene_top,arcade_arcade_machine/ui_title_badge/bilingual_arabic_primary/bold_arcade_arabic/minimalist_pixel_poster/128x128/arcade_arcade_machine_ui_title_badge_0542_128x128.png,arcade_arcade_machine/ui_title_badge/bilingual_arabic_primary/bold_arcade_arabic/minimalist_pixel_poster/128x128/arcade_arcade_machine_ui_title_badge_0542_128x128.json
arcade_arcade_machine_ui_title_badge_0542_256x256,arcade_arcade_machine,ui_title_badge,bilingual_arabic_primary,bold_arcade_arabic,minimalist_pixel_poster,256x256,sci_fi_cyberpunk,bottom_title_scene_top,arcade_arcade_machine/ui_title_badge/bilingual_arabic_primary/bold_arcade_arabic/minimalist_pixel_poster/256x256/arcade_arcade_machine_ui_title_badge_0542_256x256.png,arcade_arcade_machine/ui_title_badge/bilingual_arabic_primary/bold_arcade_arabic/minimalist_pixel_poster/256x256/arcade_arcade_machine_ui_title_badge_0542_256x256.json
arcade_arcade_machine_ui_title_badge_0543_128x128,arcade_arcade_machine,ui_title_badge,bilingual_english_primary,3d_bevel_arabic,egyptian_folklore_pixel,128x128,historical_medieval,grid_framed_boxart,arcade_arcade_machine/ui_title_badge/bilingual_english_primary/3d_bevel_arabic/egyptian_folklore_pixel/128x128/arcade_arcade_machine_ui_title_badge_0543_128x128.png,arcade_arcade_machine/ui_title_badge/bilingual_english_primary/3d_bevel_arabic/egyptian_folklore_pixel/128x128/arcade_arcade_machine_ui_title_badge_0543_128x128.json
arcade_arcade_machine_ui_title_badge_0543_256x256,arcade_arcade_machine,ui_title_badge,bilingual_english_primary,3d_bevel_arabic,egyptian_folklore_pixel,256x256,historical_medieval,grid_framed_boxart,arcade_arcade_machine/ui_title_badge/bilingual_english_primary/3d_bevel_arabic/egyptian_folklore_pixel/256x256/arcade_arcade_machine_ui_title_badge_0543_256x256.png,arcade_arcade_machine/ui_title_badge/bilingual_english_primary/3d_bevel_arabic/egyptian_folklore_pixel/256x256/arcade_arcade_machine_ui_title_badge_0543_256x256.json
arcade_arcade_machine_ui_title_badge_0544_128x128,arcade_arcade_machine,ui_title_badge,parallel_pair_arabic,neon_glitch_arabic,japanese_boxart_style,128x128,egyptian_folklore,black_border_nes,arcade_arcade_machine/ui_title_badge/parallel_pair_arabic/neon_glitch_arabic/japanese_boxart_style/128x128/arcade_arcade_machine_ui_title_badge_0544_128x128.png,arcade_arcade_machine/ui_title_badge/parallel_pair_arabic/neon_glitch_arabic/japanese_boxart_style/128x128/arcade_arcade_machine_ui_title_badge_0544_128x128.json
arcade_arcade_machine_ui_title_badge_0544_256x256,arcade_arcade_machine,ui_title_badge,parallel_pair_arabic,neon_glitch_arabic,japanese_boxart_style,256x256,egyptian_folklore,black_border_nes,arcade_arcade_machine/ui_title_badge/parallel_pair_arabic/neon_glitch_arabic/japanese_boxart_style/256x256/arcade_arcade_machine_ui_title_badge_0544_256x256.png,arcade_arcade_machine/ui_title_badge/parallel_pair_arabic/neon_glitch_arabic/japanese_boxart_style/256x256/arcade_arcade_machine_ui_title_badge_0544_256x256.json
arcade_arcade_machine_ui_title_badge_0545_128x128,arcade_arcade_machine,ui_title_badge,arabic_transliteration,fantasy_ornate_arabic,western_boxart_style,128x128,post_apocalyptic,diagonal_arcade_badge,arcade_arcade_machine/ui_title_badge/arabic_transliteration/fantasy_ornate_arabic/western_boxart_style/128x128/arcade_arcade_machine_ui_title_badge_0545_128x128.png,arcade_arcade_machine/ui_title_badge/arabic_transliteration/fantasy_ornate_arabic/western_boxart_style/128x128/arcade_arcade_machine_ui_title_badge_0545_128x128.json
arcade_arcade_machine_ui_title_badge_0545_256x256,arcade_arcade_machine,ui_title_badge,arabic_transliteration,fantasy_ornate_arabic,western_boxart_style,256x256,post_apocalyptic,diagonal_arcade_badge,arcade_arcade_machine/ui_title_badge/arabic_transliteration/fantasy_ornate_arabic/western_boxart_style/256x256/arcade_arcade_machine_ui_title_badge_0545_256x256.png,arcade_arcade_machine/ui_title_badge/arabic_transliteration/fantasy_ornate_arabic/western_boxart_style/256x256/arcade_arcade_machine_ui_title_badge_0545_256x256.json
arcade_arcade_machine_ui_title_badge_0546_128x128,arcade_arcade_machine,ui_title_badge,arabic_subtitle,retro_8bit_arabic,monochrome_dmg,128x128,platformer,centered_emblem,arcade_arcade_machine/ui_title_badge/arabic_subtitle/retro_8bit_arabic/monochrome_dmg/128x128/arcade_arcade_machine_ui_title_badge_0546_128x128.png,arcade_arcade_machine/ui_title_badge/arabic_subtitle/retro_8bit_arabic/monochrome_dmg/128x128/arcade_arcade_machine_ui_title_badge_0546_128x128.json
arcade_arcade_machine_ui_title_badge_0546_256x256,arcade_arcade_machine,ui_title_badge,arabic_subtitle,retro_8bit_arabic,monochrome_dmg,256x256,platformer,centered_emblem,arcade_arcade_machine/ui_title_badge/arabic_subtitle/retro_8bit_arabic/monochrome_dmg/256x256/arcade_arcade_machine_ui_title_badge_0546_256x256.png,arcade_arcade_machine/ui_title_badge/arabic_subtitle/retro_8bit_arabic/monochrome_dmg/256x256/arcade_arcade_machine_ui_title_badge_0546_256x256.json
retro_other_box_art_front_0547_128x128,retro_other,box_art_front,arabic_only,metallic_chrome_arabic,retro_8bit_nes,128x128,action_adventure,split_bilingual_layout,retro_other/box_art_front/arabic_only/metallic_chrome_arabic/retro_8bit_nes/128x128/retro_other_box_art_front_0547_128x128.png,retro_other/box_art_front/arabic_only/metallic_chrome_arabic/retro_8bit_nes/128x128/retro_other_box_art_front_0547_128x128.json
retro_other_box_art_front_0547_256x256,retro_other,box_art_front,arabic_only,metallic_chrome_arabic,retro_8bit_nes,256x256,action_adventure,split_bilingual_layout,retro_other/box_art_front/arabic_only/metallic_chrome_arabic/retro_8bit_nes/256x256/retro_other_box_art_front_0547_256x256.png,retro_other/box_art_front/arabic_only/metallic_chrome_arabic/retro_8bit_nes/256x256/retro_other_box_art_front_0547_256x256.json
retro_other_box_art_front_0548_128x128,retro_other,box_art_front,bilingual_arabic_primary,pixel_thuluth_display,retro_16bit_snes_genesis,128x128,fighting_game,border_framed,retro_other/box_art_front/bilingual_arabic_primary/pixel_thuluth_display/retro_16bit_snes_genesis/128x128/retro_other_box_art_front_0548_128x128.png,retro_other/box_art_front/bilingual_arabic_primary/pixel_thuluth_display/retro_16bit_snes_genesis/128x128/retro_other_box_art_front_0548_128x128.json
retro_other_box_art_front_0548_256x256,retro_other,box_art_front,bilingual_arabic_primary,pixel_thuluth_display,retro_16bit_snes_genesis,256x256,fighting_game,border_framed,retro_other/box_art_front/bilingual_arabic_primary/pixel_thuluth_display/retro_16bit_snes_genesis/256x256/retro_other_box_art_front_0548_256x256.png,retro_other/box_art_front/bilingual_arabic_primary/pixel_thuluth_display/retro_16bit_snes_genesis/256x256/retro_other_box_art_front_0548_256x256.json
retro_other_box_art_front_0549_128x128,retro_other,box_art_front,bilingual_english_primary,pixel_calligraffiti,arcade_vibrant,128x128,rpg_fantasy,center_title_large,retro_other/box_art_front/bilingual_english_primary/pixel_calligraffiti/arcade_vibrant/128x128/retro_other_box_art_front_0549_128x128.png,retro_other/box_art_front/bilingual_english_primary/pixel_calligraffiti/arcade_vibrant/128x128/retro_other_box_art_front_0549_128x128.json
retro_other_box_art_front_0549_256x256,retro_other,box_art_front,bilingual_english_primary,pixel_calligraffiti,arcade_vibrant,256x256,rpg_fantasy,center_title_large,retro_other/box_art_front/bilingual_english_primary/pixel_calligraffiti/arcade_vibrant/256x256/retro_other_box_art_front_0549_256x256.png,retro_other/box_art_front/bilingual_english_primary/pixel_calligraffiti/arcade_vibrant/256x256/retro_other_box_art_front_0549_256x256.json
retro_other_box_art_front_0550_128x128,retro_other,box_art_front,parallel_pair_arabic,pixel_kufic_geometric,retro_synthwave_80s,128x128,shoot_em_up,top_title_hero_bottom,retro_other/box_art_front/parallel_pair_arabic/pixel_kufic_geometric/retro_synthwave_80s/128x128/retro_other_box_art_front_0550_128x128.png,retro_other/box_art_front/parallel_pair_arabic/pixel_kufic_geometric/retro_synthwave_80s/128x128/retro_other_box_art_front_0550_128x128.json
retro_other_box_art_front_0550_256x256,retro_other,box_art_front,parallel_pair_arabic,pixel_kufic_geometric,retro_synthwave_80s,256x256,shoot_em_up,top_title_hero_bottom,retro_other/box_art_front/parallel_pair_arabic/pixel_kufic_geometric/retro_synthwave_80s/256x256/retro_other_box_art_front_0550_256x256.png,retro_other/box_art_front/parallel_pair_arabic/pixel_kufic_geometric/retro_synthwave_80s/256x256/retro_other_box_art_front_0550_256x256.json
retro_other_box_art_front_0551_128x128,retro_other,box_art_front,arabic_transliteration,pixel_ruqah_fast,constructivist_arcade,128x128,racing_sports,bottom_title_scene_top,retro_other/box_art_front/arabic_transliteration/pixel_ruqah_fast/constructivist_arcade/128x128/retro_other_box_art_front_0551_128x128.png,retro_other/box_art_front/arabic_transliteration/pixel_ruqah_fast/constructivist_arcade/128x128/retro_other_box_art_front_0551_128x128.json
retro_other_box_art_front_0551_256x256,retro_other,box_art_front,arabic_transliteration,pixel_ruqah_fast,constructivist_arcade,256x256,racing_sports,bottom_title_scene_top,retro_other/box_art_front/arabic_transliteration/pixel_ruqah_fast/constructivist_arcade/256x256/retro_other_box_art_front_0551_256x256.png,retro_other/box_art_front/arabic_transliteration/pixel_ruqah_fast/constructivist_arcade/256x256/retro_other_box_art_front_0551_256x256.json
retro_other_box_art_front_0552_128x128,retro_other,box_art_front,arabic_subtitle,pixel_naskh_clean,dark_fantasy_gothic,128x128,horror_survival,grid_framed_boxart,retro_other/box_art_front/arabic_subtitle/pixel_naskh_clean/dark_fantasy_gothic/128x128/retro_other_box_art_front_0552_128x128.png,retro_other/box_art_front/arabic_subtitle/pixel_naskh_clean/dark_fantasy_gothic/128x128/retro_other_box_art_front_0552_128x128.json
retro_other_box_art_front_0552_256x256,retro_other,box_art_front,arabic_subtitle,pixel_naskh_clean,dark_fantasy_gothic,256x256,horror_survival,grid_framed_boxart,retro_other/box_art_front/arabic_subtitle/pixel_naskh_clean/dark_fantasy_gothic/256x256/retro_other_box_art_front_0552_256x256.png,retro_other/box_art_front/arabic_subtitle/pixel_naskh_clean/dark_fantasy_gothic/256x256/retro_other_box_art_front_0552_256x256.json
retro_other_title_screen_art_0553_128x128,retro_other,title_screen_art,arabic_only,bold_arcade_arabic,pop_art_comic,128x128,beat_em_up,black_border_nes,retro_other/title_screen_art/arabic_only/bold_arcade_arabic/pop_art_comic/128x128/retro_other_title_screen_art_0553_128x128.png,retro_other/title_screen_art/arabic_only/bold_arcade_arabic/pop_art_comic/128x128/retro_other_title_screen_art_0553_128x128.json
retro_other_title_screen_art_0553_256x256,retro_other,title_screen_art,arabic_only,bold_arcade_arabic,pop_art_comic,256x256,beat_em_up,black_border_nes,retro_other/title_screen_art/arabic_only/bold_arcade_arabic/pop_art_comic/256x256/retro_other_title_screen_art_0553_256x256.png,retro_other/title_screen_art/arabic_only/bold_arcade_arabic/pop_art_comic/256x256/retro_other_title_screen_art_0553_256x256.json
retro_other_title_screen_art_0554_128x128,retro_other,title_screen_art,bilingual_arabic_primary,3d_bevel_arabic,cyberpunk_neon_dystopian,128x128,puzzle_strategy,diagonal_arcade_badge,retro_other/title_screen_art/bilingual_arabic_primary/3d_bevel_arabic/cyberpunk_neon_dystopian/128x128/retro_other_title_screen_art_0554_128x128.png,retro_other/title_screen_art/bilingual_arabic_primary/3d_bevel_arabic/cyberpunk_neon_dystopian/128x128/retro_other_title_screen_art_0554_128x128.json
retro_other_title_screen_art_0554_256x256,retro_other,title_screen_art,bilingual_arabic_primary,3d_bevel_arabic,cyberpunk_neon_dystopian,256x256,puzzle_strategy,diagonal_arcade_badge,retro_other/title_screen_art/bilingual_arabic_primary/3d_bevel_arabic/cyberpunk_neon_dystopian/256x256/retro_other_title_screen_art_0554_256x256.png,retro_other/title_screen_art/bilingual_arabic_primary/3d_bevel_arabic/cyberpunk_neon_dystopian/256x256/retro_other_title_screen_art_0554_256x256.json
retro_other_title_screen_art_0555_128x128,retro_other,title_screen_art,bilingual_english_primary,neon_glitch_arabic,minimalist_pixel_poster,128x128,sci_fi_cyberpunk,centered_emblem,retro_other/title_screen_art/bilingual_english_primary/neon_glitch_arabic/minimalist_pixel_poster/128x128/retro_other_title_screen_art_0555_128x128.png,retro_other/title_screen_art/bilingual_english_primary/neon_glitch_arabic/minimalist_pixel_poster/128x128/retro_other_title_screen_art_0555_128x128.json
retro_other_title_screen_art_0555_256x256,retro_other,title_screen_art,bilingual_english_primary,neon_glitch_arabic,minimalist_pixel_poster,256x256,sci_fi_cyberpunk,centered_emblem,retro_other/title_screen_art/bilingual_english_primary/neon_glitch_arabic/minimalist_pixel_poster/256x256/retro_other_title_screen_art_0555_256x256.png,retro_other/title_screen_art/bilingual_english_primary/neon_glitch_arabic/minimalist_pixel_poster/256x256/retro_other_title_screen_art_0555_256x256.json
retro_other_title_screen_art_0556_128x128,retro_other,title_screen_art,parallel_pair_arabic,fantasy_ornate_arabic,egyptian_folklore_pixel,128x128,historical_medieval,split_bilingual_layout,retro_other/title_screen_art/parallel_pair_arabic/fantasy_ornate_arabic/egyptian_folklore_pixel/128x128/retro_other_title_screen_art_0556_128x128.png,retro_other/title_screen_art/parallel_pair_arabic/fantasy_ornate_arabic/egyptian_folklore_pixel/128x128/retro_other_title_screen_art_0556_128x128.json
retro_other_title_screen_art_0556_256x256,retro_other,title_screen_art,parallel_pair_arabic,fantasy_ornate_arabic,egyptian_folklore_pixel,256x256,historical_medieval,split_bilingual_layout,retro_other/title_screen_art/parallel_pair_arabic/fantasy_ornate_arabic/egyptian_folklore_pixel/256x256/retro_other_title_screen_art_0556_256x256.png,retro_other/title_screen_art/parallel_pair_arabic/fantasy_ornate_arabic/egyptian_folklore_pixel/256x256/retro_other_title_screen_art_0556_256x256.json
retro_other_title_screen_art_0557_128x128,retro_other,title_screen_art,arabic_transliteration,retro_8bit_arabic,japanese_boxart_style,128x128,egyptian_folklore,border_framed,retro_other/title_screen_art/arabic_transliteration/retro_8bit_arabic/japanese_boxart_style/128x128/retro_other_title_screen_art_0557_128x128.png,retro_other/title_screen_art/arabic_transliteration/retro_8bit_arabic/japanese_boxart_style/128x128/retro_other_title_screen_art_0557_128x128.json
retro_other_title_screen_art_0557_256x256,retro_other,title_screen_art,arabic_transliteration,retro_8bit_arabic,japanese_boxart_style,256x256,egyptian_folklore,border_framed,retro_other/title_screen_art/arabic_transliteration/retro_8bit_arabic/japanese_boxart_style/256x256/retro_other_title_screen_art_0557_256x256.png,retro_other/title_screen_art/arabic_transliteration/retro_8bit_arabic/japanese_boxart_style/256x256/retro_other_title_screen_art_0557_256x256.json
retro_other_title_screen_art_0558_128x128,retro_other,title_screen_art,arabic_subtitle,metallic_chrome_arabic,western_boxart_style,128x128,post_apocalyptic,center_title_large,retro_other/title_screen_art/arabic_subtitle/metallic_chrome_arabic/western_boxart_style/128x128/retro_other_title_screen_art_0558_128x128.png,retro_other/title_screen_art/arabic_subtitle/metallic_chrome_arabic/western_boxart_style/128x128/retro_other_title_screen_art_0558_128x128.json
retro_other_title_screen_art_0558_256x256,retro_other,title_screen_art,arabic_subtitle,metallic_chrome_arabic,western_boxart_style,256x256,post_apocalyptic,center_title_large,retro_other/title_screen_art/arabic_subtitle/metallic_chrome_arabic/western_boxart_style/256x256/retro_other_title_screen_art_0558_256x256.png,retro_other/title_screen_art/arabic_subtitle/metallic_chrome_arabic/western_boxart_style/256x256/retro_other_title_screen_art_0558_256x256.json
retro_other_arcade_marquee_0559_128x128,retro_other,arcade_marquee,arabic_only,pixel_thuluth_display,monochrome_dmg,128x128,platformer,top_title_hero_bottom,retro_other/arcade_marquee/arabic_only/pixel_thuluth_display/monochrome_dmg/128x128/retro_other_arcade_marquee_0559_128x128.png,retro_other/arcade_marquee/arabic_only/pixel_thuluth_display/monochrome_dmg/128x128/retro_other_arcade_marquee_0559_128x128.json
retro_other_arcade_marquee_0559_256x256,retro_other,arcade_marquee,arabic_only,pixel_thuluth_display,monochrome_dmg,256x256,platformer,top_title_hero_bottom,retro_other/arcade_marquee/arabic_only/pixel_thuluth_display/monochrome_dmg/256x256/retro_other_arcade_marquee_0559_256x256.png,retro_other/arcade_marquee/arabic_only/pixel_thuluth_display/monochrome_dmg/256x256/retro_other_arcade_marquee_0559_256x256.json
retro_other_arcade_marquee_0560_128x128,retro_other,arcade_marquee,bilingual_arabic_primary,pixel_calligraffiti,retro_8bit_nes,128x128,action_adventure,bottom_title_scene_top,retro_other/arcade_marquee/bilingual_arabic_primary/pixel_calligraffiti/retro_8bit_nes/128x128/retro_other_arcade_marquee_0560_128x128.png,retro_other/arcade_marquee/bilingual_arabic_primary/pixel_calligraffiti/retro_8bit_nes/128x128/retro_other_arcade_marquee_0560_128x128.json
retro_other_arcade_marquee_0560_256x256,retro_other,arcade_marquee,bilingual_arabic_primary,pixel_calligraffiti,retro_8bit_nes,256x256,action_adventure,bottom_title_scene_top,retro_other/arcade_marquee/bilingual_arabic_primary/pixel_calligraffiti/retro_8bit_nes/256x256/retro_other_arcade_marquee_0560_256x256.png,retro_other/arcade_marquee/bilingual_arabic_primary/pixel_calligraffiti/retro_8bit_nes/256x256/retro_other_arcade_marquee_0560_256x256.json
retro_other_arcade_marquee_0561_128x128,retro_other,arcade_marquee,bilingual_english_primary,pixel_kufic_geometric,retro_16bit_snes_genesis,128x128,fighting_game,grid_framed_boxart,retro_other/arcade_marquee/bilingual_english_primary/pixel_kufic_geometric/retro_16bit_snes_genesis/128x128/retro_other_arcade_marquee_0561_128x128.png,retro_other/arcade_marquee/bilingual_english_primary/pixel_kufic_geometric/retro_16bit_snes_genesis/128x128/retro_other_arcade_marquee_0561_128x128.json
retro_other_arcade_marquee_0561_256x256,retro_other,arcade_marquee,bilingual_english_primary,pixel_kufic_geometric,retro_16bit_snes_genesis,256x256,fighting_game,grid_framed_boxart,retro_other/arcade_marquee/bilingual_english_primary/pixel_kufic_geometric/retro_16bit_snes_genesis/256x256/retro_other_arcade_marquee_0561_256x256.png,retro_other/arcade_marquee/bilingual_english_primary/pixel_kufic_geometric/retro_16bit_snes_genesis/256x256/retro_other_arcade_marquee_0561_256x256.json
retro_other_arcade_marquee_0562_128x128,retro_other,arcade_marquee,parallel_pair_arabic,pixel_ruqah_fast,arcade_vibrant,128x128,rpg_fantasy,black_border_nes,retro_other/arcade_marquee/parallel_pair_arabic/pixel_ruqah_fast/arcade_vibrant/128x128/retro_other_arcade_marquee_0562_128x128.png,retro_other/arcade_marquee/parallel_pair_arabic/pixel_ruqah_fast/arcade_vibrant/128x128/retro_other_arcade_marquee_0562_128x128.json
retro_other_arcade_marquee_0562_256x256,retro_other,arcade_marquee,parallel_pair_arabic,pixel_ruqah_fast,arcade_vibrant,256x256,rpg_fantasy,black_border_nes,retro_other/arcade_marquee/parallel_pair_arabic/pixel_ruqah_fast/arcade_vibrant/256x256/retro_other_arcade_marquee_0562_256x256.png,retro_other/arcade_marquee/parallel_pair_arabic/pixel_ruqah_fast/arcade_vibrant/256x256/retro_other_arcade_marquee_0562_256x256.json
retro_other_arcade_marquee_0563_128x128,retro_other,arcade_marquee,arabic_transliteration,pixel_naskh_clean,retro_synthwave_80s,128x128,shoot_em_up,diagonal_arcade_badge,retro_other/arcade_marquee/arabic_transliteration/pixel_naskh_clean/retro_synthwave_80s/128x128/retro_other_arcade_marquee_0563_128x128.png,retro_other/arcade_marquee/arabic_transliteration/pixel_naskh_clean/retro_synthwave_80s/128x128/retro_other_arcade_marquee_0563_128x128.json
retro_other_arcade_marquee_0563_256x256,retro_other,arcade_marquee,arabic_transliteration,pixel_naskh_clean,retro_synthwave_80s,256x256,shoot_em_up,diagonal_arcade_badge,retro_other/arcade_marquee/arabic_transliteration/pixel_naskh_clean/retro_synthwave_80s/256x256/retro_other_arcade_marquee_0563_256x256.png,retro_other/arcade_marquee/arabic_transliteration/pixel_naskh_clean/retro_synthwave_80s/256x256/retro_other_arcade_marquee_0563_256x256.json
retro_other_arcade_marquee_0564_128x128,retro_other,arcade_marquee,arabic_subtitle,bold_arcade_arabic,constructivist_arcade,128x128,racing_sports,centered_emblem,retro_other/arcade_marquee/arabic_subtitle/bold_arcade_arabic/constructivist_arcade/128x128/retro_other_arcade_marquee_0564_128x128.png,retro_other/arcade_marquee/arabic_subtitle/bold_arcade_arabic/constructivist_arcade/128x128/retro_other_arcade_marquee_0564_128x128.json
retro_other_arcade_marquee_0564_256x256,retro_other,arcade_marquee,arabic_subtitle,bold_arcade_arabic,constructivist_arcade,256x256,racing_sports,centered_emblem,retro_other/arcade_marquee/arabic_subtitle/bold_arcade_arabic/constructivist_arcade/256x256/retro_other_arcade_marquee_0564_256x256.png,retro_other/arcade_marquee/arabic_subtitle/bold_arcade_arabic/constructivist_arcade/256x256/retro_other_arcade_marquee_0564_256x256.json
retro_other_cartridge_label_0565_128x128,retro_other,cartridge_label,arabic_only,3d_bevel_arabic,dark_fantasy_gothic,128x128,horror_survival,split_bilingual_layout,retro_other/cartridge_label/arabic_only/3d_bevel_arabic/dark_fantasy_gothic/128x128/retro_other_cartridge_label_0565_128x128.png,retro_other/cartridge_label/arabic_only/3d_bevel_arabic/dark_fantasy_gothic/128x128/retro_other_cartridge_label_0565_128x128.json
retro_other_cartridge_label_0565_256x256,retro_other,cartridge_label,arabic_only,3d_bevel_arabic,dark_fantasy_gothic,256x256,horror_survival,split_bilingual_layout,retro_other/cartridge_label/arabic_only/3d_bevel_arabic/dark_fantasy_gothic/256x256/retro_other_cartridge_label_0565_256x256.png,retro_other/cartridge_label/arabic_only/3d_bevel_arabic/dark_fantasy_gothic/256x256/retro_other_cartridge_label_0565_256x256.json
retro_other_cartridge_label_0566_128x128,retro_other,cartridge_label,bilingual_arabic_primary,neon_glitch_arabic,pop_art_comic,128x128,beat_em_up,border_framed,retro_other/cartridge_label/bilingual_arabic_primary/neon_glitch_arabic/pop_art_comic/128x128/retro_other_cartridge_label_0566_128x128.png,retro_other/cartridge_label/bilingual_arabic_primary/neon_glitch_arabic/pop_art_comic/128x128/retro_other_cartridge_label_0566_128x128.json
retro_other_cartridge_label_0566_256x256,retro_other,cartridge_label,bilingual_arabic_primary,neon_glitch_arabic,pop_art_comic,256x256,beat_em_up,border_framed,retro_other/cartridge_label/bilingual_arabic_primary/neon_glitch_arabic/pop_art_comic/256x256/retro_other_cartridge_label_0566_256x256.png,retro_other/cartridge_label/bilingual_arabic_primary/neon_glitch_arabic/pop_art_comic/256x256/retro_other_cartridge_label_0566_256x256.json
retro_other_cartridge_label_0567_128x128,retro_other,cartridge_label,bilingual_english_primary,fantasy_ornate_arabic,cyberpunk_neon_dystopian,128x128,puzzle_strategy,center_title_large,retro_other/cartridge_label/bilingual_english_primary/fantasy_ornate_arabic/cyberpunk_neon_dystopian/128x128/retro_other_cartridge_label_0567_128x128.png,retro_other/cartridge_label/bilingual_english_primary/fantasy_ornate_arabic/cyberpunk_neon_dystopian/128x128/retro_other_cartridge_label_0567_128x128.json
retro_other_cartridge_label_0567_256x256,retro_other,cartridge_label,bilingual_english_primary,fantasy_ornate_arabic,cyberpunk_neon_dystopian,256x256,puzzle_strategy,center_title_large,retro_other/cartridge_label/bilingual_english_primary/fantasy_ornate_arabic/cyberpunk_neon_dystopian/256x256/retro_other_cartridge_label_0567_256x256.png,retro_other/cartridge_label/bilingual_english_primary/fantasy_ornate_arabic/cyberpunk_neon_dystopian/256x256/retro_other_cartridge_label_0567_256x256.json
retro_other_cartridge_label_0568_128x128,retro_other,cartridge_label,parallel_pair_arabic,retro_8bit_arabic,minimalist_pixel_poster,128x128,sci_fi_cyberpunk,top_title_hero_bottom,retro_other/cartridge_label/parallel_pair_arabic/retro_8bit_arabic/minimalist_pixel_poster/128x128/retro_other_cartridge_label_0568_128x128.png,retro_other/cartridge_label/parallel_pair_arabic/retro_8bit_arabic/minimalist_pixel_poster/128x128/retro_other_cartridge_label_0568_128x128.json
retro_other_cartridge_label_0568_256x256,retro_other,cartridge_label,parallel_pair_arabic,retro_8bit_arabic,minimalist_pixel_poster,256x256,sci_fi_cyberpunk,top_title_hero_bottom,retro_other/cartridge_label/parallel_pair_arabic/retro_8bit_arabic/minimalist_pixel_poster/256x256/retro_other_cartridge_label_0568_256x256.png,retro_other/cartridge_label/parallel_pair_arabic/retro_8bit_arabic/minimalist_pixel_poster/256x256/retro_other_cartridge_label_0568_256x256.json
retro_other_cartridge_label_0569_128x128,retro_other,cartridge_label,arabic_transliteration,metallic_chrome_arabic,egyptian_folklore_pixel,128x128,historical_medieval,bottom_title_scene_top,retro_other/cartridge_label/arabic_transliteration/metallic_chrome_arabic/egyptian_folklore_pixel/128x128/retro_other_cartridge_label_0569_128x128.png,retro_other/cartridge_label/arabic_transliteration/metallic_chrome_arabic/egyptian_folklore_pixel/128x128/retro_other_cartridge_label_0569_128x128.json
retro_other_cartridge_label_0569_256x256,retro_other,cartridge_label,arabic_transliteration,metallic_chrome_arabic,egyptian_folklore_pixel,256x256,historical_medieval,bottom_title_scene_top,retro_other/cartridge_label/arabic_transliteration/metallic_chrome_arabic/egyptian_folklore_pixel/256x256/retro_other_cartridge_label_0569_256x256.png,retro_other/cartridge_label/arabic_transliteration/metallic_chrome_arabic/egyptian_folklore_pixel/256x256/retro_other_cartridge_label_0569_256x256.json
retro_other_cartridge_label_0570_128x128,retro_other,cartridge_label,arabic_subtitle,pixel_thuluth_display,japanese_boxart_style,128x128,egyptian_folklore,grid_framed_boxart,retro_other/cartridge_label/arabic_subtitle/pixel_thuluth_display/japanese_boxart_style/128x128/retro_other_cartridge_label_0570_128x128.png,retro_other/cartridge_label/arabic_subtitle/pixel_thuluth_display/japanese_boxart_style/128x128/retro_other_cartridge_label_0570_128x128.json
retro_other_cartridge_label_0570_256x256,retro_other,cartridge_label,arabic_subtitle,pixel_thuluth_display,japanese_boxart_style,256x256,egyptian_folklore,grid_framed_boxart,retro_other/cartridge_label/arabic_subtitle/pixel_thuluth_display/japanese_boxart_style/256x256/retro_other_cartridge_label_0570_256x256.png,retro_other/cartridge_label/arabic_subtitle/pixel_thuluth_display/japanese_boxart_style/256x256/retro_other_cartridge_label_0570_256x256.json
retro_other_full_game_poster_0571_128x128,retro_other,full_game_poster,arabic_only,pixel_calligraffiti,western_boxart_style,128x128,post_apocalyptic,black_border_nes,retro_other/full_game_poster/arabic_only/pixel_calligraffiti/western_boxart_style/128x128/retro_other_full_game_poster_0571_128x128.png,retro_other/full_game_poster/arabic_only/pixel_calligraffiti/western_boxart_style/128x128/retro_other_full_game_poster_0571_128x128.json
retro_other_full_game_poster_0571_256x256,retro_other,full_game_poster,arabic_only,pixel_calligraffiti,western_boxart_style,256x256,post_apocalyptic,black_border_nes,retro_other/full_game_poster/arabic_only/pixel_calligraffiti/western_boxart_style/256x256/retro_other_full_game_poster_0571_256x256.png,retro_other/full_game_poster/arabic_only/pixel_calligraffiti/western_boxart_style/256x256/retro_other_full_game_poster_0571_256x256.json
retro_other_full_game_poster_0572_128x128,retro_other,full_game_poster,bilingual_arabic_primary,pixel_kufic_geometric,monochrome_dmg,128x128,platformer,diagonal_arcade_badge,retro_other/full_game_poster/bilingual_arabic_primary/pixel_kufic_geometric/monochrome_dmg/128x128/retro_other_full_game_poster_0572_128x128.png,retro_other/full_game_poster/bilingual_arabic_primary/pixel_kufic_geometric/monochrome_dmg/128x128/retro_other_full_game_poster_0572_128x128.json
retro_other_full_game_poster_0572_256x256,retro_other,full_game_poster,bilingual_arabic_primary,pixel_kufic_geometric,monochrome_dmg,256x256,platformer,diagonal_arcade_badge,retro_other/full_game_poster/bilingual_arabic_primary/pixel_kufic_geometric/monochrome_dmg/256x256/retro_other_full_game_poster_0572_256x256.png,retro_other/full_game_poster/bilingual_arabic_primary/pixel_kufic_geometric/monochrome_dmg/256x256/retro_other_full_game_poster_0572_256x256.json
retro_other_full_game_poster_0573_128x128,retro_other,full_game_poster,bilingual_english_primary,pixel_ruqah_fast,retro_8bit_nes,128x128,action_adventure,centered_emblem,retro_other/full_game_poster/bilingual_english_primary/pixel_ruqah_fast/retro_8bit_nes/128x128/retro_other_full_game_poster_0573_128x128.png,retro_other/full_game_poster/bilingual_english_primary/pixel_ruqah_fast/retro_8bit_nes/128x128/retro_other_full_game_poster_0573_128x128.json
retro_other_full_game_poster_0573_256x256,retro_other,full_game_poster,bilingual_english_primary,pixel_ruqah_fast,retro_8bit_nes,256x256,action_adventure,centered_emblem,retro_other/full_game_poster/bilingual_english_primary/pixel_ruqah_fast/retro_8bit_nes/256x256/retro_other_full_game_poster_0573_256x256.png,retro_other/full_game_poster/bilingual_english_primary/pixel_ruqah_fast/retro_8bit_nes/256x256/retro_other_full_game_poster_0573_256x256.json
retro_other_full_game_poster_0574_128x128,retro_other,full_game_poster,parallel_pair_arabic,pixel_naskh_clean,retro_16bit_snes_genesis,128x128,fighting_game,split_bilingual_layout,retro_other/full_game_poster/parallel_pair_arabic/pixel_naskh_clean/retro_16bit_snes_genesis/128x128/retro_other_full_game_poster_0574_128x128.png,retro_other/full_game_poster/parallel_pair_arabic/pixel_naskh_clean/retro_16bit_snes_genesis/128x128/retro_other_full_game_poster_0574_128x128.json
retro_other_full_game_poster_0574_256x256,retro_other,full_game_poster,parallel_pair_arabic,pixel_naskh_clean,retro_16bit_snes_genesis,256x256,fighting_game,split_bilingual_layout,retro_other/full_game_poster/parallel_pair_arabic/pixel_naskh_clean/retro_16bit_snes_genesis/256x256/retro_other_full_game_poster_0574_256x256.png,retro_other/full_game_poster/parallel_pair_arabic/pixel_naskh_clean/retro_16bit_snes_genesis/256x256/retro_other_full_game_poster_0574_256x256.json
retro_other_full_game_poster_0575_128x128,retro_other,full_game_poster,arabic_transliteration,bold_arcade_arabic,arcade_vibrant,128x128,rpg_fantasy,border_framed,retro_other/full_game_poster/arabic_transliteration/bold_arcade_arabic/arcade_vibrant/128x128/retro_other_full_game_poster_0575_128x128.png,retro_other/full_game_poster/arabic_transliteration/bold_arcade_arabic/arcade_vibrant/128x128/retro_other_full_game_poster_0575_128x128.json
retro_other_full_game_poster_0575_256x256,retro_other,full_game_poster,arabic_transliteration,bold_arcade_arabic,arcade_vibrant,256x256,rpg_fantasy,border_framed,retro_other/full_game_poster/arabic_transliteration/bold_arcade_arabic/arcade_vibrant/256x256/retro_other_full_game_poster_0575_256x256.png,retro_other/full_game_poster/arabic_transliteration/bold_arcade_arabic/arcade_vibrant/256x256/retro_other_full_game_poster_0575_256x256.json
retro_other_full_game_poster_0576_128x128,retro_other,full_game_poster,arabic_subtitle,3d_bevel_arabic,retro_synthwave_80s,128x128,shoot_em_up,center_title_large,retro_other/full_game_poster/arabic_subtitle/3d_bevel_arabic/retro_synthwave_80s/128x128/retro_other_full_game_poster_0576_128x128.png,retro_other/full_game_poster/arabic_subtitle/3d_bevel_arabic/retro_synthwave_80s/128x128/retro_other_full_game_poster_0576_128x128.json
retro_other_full_game_poster_0576_256x256,retro_other,full_game_poster,arabic_subtitle,3d_bevel_arabic,retro_synthwave_80s,256x256,shoot_em_up,center_title_large,retro_other/full_game_poster/arabic_subtitle/3d_bevel_arabic/retro_synthwave_80s/256x256/retro_other_full_game_poster_0576_256x256.png,retro_other/full_game_poster/arabic_subtitle/3d_bevel_arabic/retro_synthwave_80s/256x256/retro_other_full_game_poster_0576_256x256.json
retro_other_promo_flyer_0577_128x128,retro_other,promo_flyer,arabic_only,neon_glitch_arabic,constructivist_arcade,128x128,racing_sports,top_title_hero_bottom,retro_other/promo_flyer/arabic_only/neon_glitch_arabic/constructivist_arcade/128x128/retro_other_promo_flyer_0577_128x128.png,retro_other/promo_flyer/arabic_only/neon_glitch_arabic/constructivist_arcade/128x128/retro_other_promo_flyer_0577_128x128.json
retro_other_promo_flyer_0577_256x256,retro_other,promo_flyer,arabic_only,neon_glitch_arabic,constructivist_arcade,256x256,racing_sports,top_title_hero_bottom,retro_other/promo_flyer/arabic_only/neon_glitch_arabic/constructivist_arcade/256x256/retro_other_promo_flyer_0577_256x256.png,retro_other/promo_flyer/arabic_only/neon_glitch_arabic/constructivist_arcade/256x256/retro_other_promo_flyer_0577_256x256.json
retro_other_promo_flyer_0578_128x128,retro_other,promo_flyer,bilingual_arabic_primary,fantasy_ornate_arabic,dark_fantasy_gothic,128x128,horror_survival,bottom_title_scene_top,retro_other/promo_flyer/bilingual_arabic_primary/fantasy_ornate_arabic/dark_fantasy_gothic/128x128/retro_other_promo_flyer_0578_128x128.png,retro_other/promo_flyer/bilingual_arabic_primary/fantasy_ornate_arabic/dark_fantasy_gothic/128x128/retro_other_promo_flyer_0578_128x128.json
retro_other_promo_flyer_0578_256x256,retro_other,promo_flyer,bilingual_arabic_primary,fantasy_ornate_arabic,dark_fantasy_gothic,256x256,horror_survival,bottom_title_scene_top,retro_other/promo_flyer/bilingual_arabic_primary/fantasy_ornate_arabic/dark_fantasy_gothic/256x256/retro_other_promo_flyer_0578_256x256.png,retro_other/promo_flyer/bilingual_arabic_primary/fantasy_ornate_arabic/dark_fantasy_gothic/256x256/retro_other_promo_flyer_0578_256x256.json
retro_other_promo_flyer_0579_128x128,retro_other,promo_flyer,bilingual_english_primary,retro_8bit_arabic,pop_art_comic,128x128,beat_em_up,grid_framed_boxart,retro_other/promo_flyer/bilingual_english_primary/retro_8bit_arabic/pop_art_comic/128x128/retro_other_promo_flyer_0579_128x128.png,retro_other/promo_flyer/bilingual_english_primary/retro_8bit_arabic/pop_art_comic/128x128/retro_other_promo_flyer_0579_128x128.json
retro_other_promo_flyer_0579_256x256,retro_other,promo_flyer,bilingual_english_primary,retro_8bit_arabic,pop_art_comic,256x256,beat_em_up,grid_framed_boxart,retro_other/promo_flyer/bilingual_english_primary/retro_8bit_arabic/pop_art_comic/256x256/retro_other_promo_flyer_0579_256x256.png,retro_other/promo_flyer/bilingual_english_primary/retro_8bit_arabic/pop_art_comic/256x256/retro_other_promo_flyer_0579_256x256.json
retro_other_promo_flyer_0580_128x128,retro_other,promo_flyer,parallel_pair_arabic,metallic_chrome_arabic,cyberpunk_neon_dystopian,128x128,puzzle_strategy,black_border_nes,retro_other/promo_flyer/parallel_pair_arabic/metallic_chrome_arabic/cyberpunk_neon_dystopian/128x128/retro_other_promo_flyer_0580_128x128.png,retro_other/promo_flyer/parallel_pair_arabic/metallic_chrome_arabic/cyberpunk_neon_dystopian/128x128/retro_other_promo_flyer_0580_128x128.json
retro_other_promo_flyer_0580_256x256,retro_other,promo_flyer,parallel_pair_arabic,metallic_chrome_arabic,cyberpunk_neon_dystopian,256x256,puzzle_strategy,black_border_nes,retro_other/promo_flyer/parallel_pair_arabic/metallic_chrome_arabic/cyberpunk_neon_dystopian/256x256/retro_other_promo_flyer_0580_256x256.png,retro_other/promo_flyer/parallel_pair_arabic/metallic_chrome_arabic/cyberpunk_neon_dystopian/256x256/retro_other_promo_flyer_0580_256x256.json
retro_other_promo_flyer_0581_128x128,retro_other,promo_flyer,arabic_transliteration,pixel_thuluth_display,minimalist_pixel_poster,128x128,sci_fi_cyberpunk,diagonal_arcade_badge,retro_other/promo_flyer/arabic_transliteration/pixel_thuluth_display/minimalist_pixel_poster/128x128/retro_other_promo_flyer_0581_128x128.png,retro_other/promo_flyer/arabic_transliteration/pixel_thuluth_display/minimalist_pixel_poster/128x128/retro_other_promo_flyer_0581_128x128.json
retro_other_promo_flyer_0581_256x256,retro_other,promo_flyer,arabic_transliteration,pixel_thuluth_display,minimalist_pixel_poster,256x256,sci_fi_cyberpunk,diagonal_arcade_badge,retro_other/promo_flyer/arabic_transliteration/pixel_thuluth_display/minimalist_pixel_poster/256x256/retro_other_promo_flyer_0581_256x256.png,retro_other/promo_flyer/arabic_transliteration/pixel_thuluth_display/minimalist_pixel_poster/256x256/retro_other_promo_flyer_0581_256x256.json
retro_other_promo_flyer_0582_128x128,retro_other,promo_flyer,arabic_subtitle,pixel_calligraffiti,egyptian_folklore_pixel,128x128,historical_medieval,centered_emblem,retro_other/promo_flyer/arabic_subtitle/pixel_calligraffiti/egyptian_folklore_pixel/128x128/retro_other_promo_flyer_0582_128x128.png,retro_other/promo_flyer/arabic_subtitle/pixel_calligraffiti/egyptian_folklore_pixel/128x128/retro_other_promo_flyer_0582_128x128.json
retro_other_promo_flyer_0582_256x256,retro_other,promo_flyer,arabic_subtitle,pixel_calligraffiti,egyptian_folklore_pixel,256x256,historical_medieval,centered_emblem,retro_other/promo_flyer/arabic_subtitle/pixel_calligraffiti/egyptian_folklore_pixel/256x256/retro_other_promo_flyer_0582_256x256.png,retro_other/promo_flyer/arabic_subtitle/pixel_calligraffiti/egyptian_folklore_pixel/256x256/retro_other_promo_flyer_0582_256x256.json
retro_other_arabic_title_logo_0583_128x128,retro_other,arabic_title_logo,arabic_only,pixel_kufic_geometric,japanese_boxart_style,128x128,egyptian_folklore,split_bilingual_layout,retro_other/arabic_title_logo/arabic_only/pixel_kufic_geometric/japanese_boxart_style/128x128/retro_other_arabic_title_logo_0583_128x128.png,retro_other/arabic_title_logo/arabic_only/pixel_kufic_geometric/japanese_boxart_style/128x128/retro_other_arabic_title_logo_0583_128x128.json
retro_other_arabic_title_logo_0583_256x256,retro_other,arabic_title_logo,arabic_only,pixel_kufic_geometric,japanese_boxart_style,256x256,egyptian_folklore,split_bilingual_layout,retro_other/arabic_title_logo/arabic_only/pixel_kufic_geometric/japanese_boxart_style/256x256/retro_other_arabic_title_logo_0583_256x256.png,retro_other/arabic_title_logo/arabic_only/pixel_kufic_geometric/japanese_boxart_style/256x256/retro_other_arabic_title_logo_0583_256x256.json
retro_other_arabic_title_logo_0584_128x128,retro_other,arabic_title_logo,bilingual_arabic_primary,pixel_ruqah_fast,western_boxart_style,128x128,post_apocalyptic,border_framed,retro_other/arabic_title_logo/bilingual_arabic_primary/pixel_ruqah_fast/western_boxart_style/128x128/retro_other_arabic_title_logo_0584_128x128.png,retro_other/arabic_title_logo/bilingual_arabic_primary/pixel_ruqah_fast/western_boxart_style/128x128/retro_other_arabic_title_logo_0584_128x128.json
retro_other_arabic_title_logo_0584_256x256,retro_other,arabic_title_logo,bilingual_arabic_primary,pixel_ruqah_fast,western_boxart_style,256x256,post_apocalyptic,border_framed,retro_other/arabic_title_logo/bilingual_arabic_primary/pixel_ruqah_fast/western_boxart_style/256x256/retro_other_arabic_title_logo_0584_256x256.png,retro_other/arabic_title_logo/bilingual_arabic_primary/pixel_ruqah_fast/western_boxart_style/256x256/retro_other_arabic_title_logo_0584_256x256.json
retro_other_arabic_title_logo_0585_128x128,retro_other,arabic_title_logo,bilingual_english_primary,pixel_naskh_clean,monochrome_dmg,128x128,platformer,center_title_large,retro_other/arabic_title_logo/bilingual_english_primary/pixel_naskh_clean/monochrome_dmg/128x128/retro_other_arabic_title_logo_0585_128x128.png,retro_other/arabic_title_logo/bilingual_english_primary/pixel_naskh_clean/monochrome_dmg/128x128/retro_other_arabic_title_logo_0585_128x128.json
retro_other_arabic_title_logo_0585_256x256,retro_other,arabic_title_logo,bilingual_english_primary,pixel_naskh_clean,monochrome_dmg,256x256,platformer,center_title_large,retro_other/arabic_title_logo/bilingual_english_primary/pixel_naskh_clean/monochrome_dmg/256x256/retro_other_arabic_title_logo_0585_256x256.png,retro_other/arabic_title_logo/bilingual_english_primary/pixel_naskh_clean/monochrome_dmg/256x256/retro_other_arabic_title_logo_0585_256x256.json
retro_other_arabic_title_logo_0586_128x128,retro_other,arabic_title_logo,parallel_pair_arabic,bold_arcade_arabic,retro_8bit_nes,128x128,action_adventure,top_title_hero_bottom,retro_other/arabic_title_logo/parallel_pair_arabic/bold_arcade_arabic/retro_8bit_nes/128x128/retro_other_arabic_title_logo_0586_128x128.png,retro_other/arabic_title_logo/parallel_pair_arabic/bold_arcade_arabic/retro_8bit_nes/128x128/retro_other_arabic_title_logo_0586_128x128.json
retro_other_arabic_title_logo_0586_256x256,retro_other,arabic_title_logo,parallel_pair_arabic,bold_arcade_arabic,retro_8bit_nes,256x256,action_adventure,top_title_hero_bottom,retro_other/arabic_title_logo/parallel_pair_arabic/bold_arcade_arabic/retro_8bit_nes/256x256/retro_other_arabic_title_logo_0586_256x256.png,retro_other/arabic_title_logo/parallel_pair_arabic/bold_arcade_arabic/retro_8bit_nes/256x256/retro_other_arabic_title_logo_0586_256x256.json
retro_other_arabic_title_logo_0587_128x128,retro_other,arabic_title_logo,arabic_transliteration,3d_bevel_arabic,retro_16bit_snes_genesis,128x128,fighting_game,bottom_title_scene_top,retro_other/arabic_title_logo/arabic_transliteration/3d_bevel_arabic/retro_16bit_snes_genesis/128x128/retro_other_arabic_title_logo_0587_128x128.png,retro_other/arabic_title_logo/arabic_transliteration/3d_bevel_arabic/retro_16bit_snes_genesis/128x128/retro_other_arabic_title_logo_0587_128x128.json
retro_other_arabic_title_logo_0587_256x256,retro_other,arabic_title_logo,arabic_transliteration,3d_bevel_arabic,retro_16bit_snes_genesis,256x256,fighting_game,bottom_title_scene_top,retro_other/arabic_title_logo/arabic_transliteration/3d_bevel_arabic/retro_16bit_snes_genesis/256x256/retro_other_arabic_title_logo_0587_256x256.png,retro_other/arabic_title_logo/arabic_transliteration/3d_bevel_arabic/retro_16bit_snes_genesis/256x256/retro_other_arabic_title_logo_0587_256x256.json
retro_other_arabic_title_logo_0588_128x128,retro_other,arabic_title_logo,arabic_subtitle,neon_glitch_arabic,arcade_vibrant,128x128,rpg_fantasy,grid_framed_boxart,retro_other/arabic_title_logo/arabic_subtitle/neon_glitch_arabic/arcade_vibrant/128x128/retro_other_arabic_title_logo_0588_128x128.png,retro_other/arabic_title_logo/arabic_subtitle/neon_glitch_arabic/arcade_vibrant/128x128/retro_other_arabic_title_logo_0588_128x128.json
retro_other_arabic_title_logo_0588_256x256,retro_other,arabic_title_logo,arabic_subtitle,neon_glitch_arabic,arcade_vibrant,256x256,rpg_fantasy,grid_framed_boxart,retro_other/arabic_title_logo/arabic_subtitle/neon_glitch_arabic/arcade_vibrant/256x256/retro_other_arabic_title_logo_0588_256x256.png,retro_other/arabic_title_logo/arabic_subtitle/neon_glitch_arabic/arcade_vibrant/256x256/retro_other_arabic_title_logo_0588_256x256.json
retro_other_english_title_logo_0589_128x128,retro_other,english_title_logo,arabic_only,fantasy_ornate_arabic,retro_synthwave_80s,128x128,shoot_em_up,black_border_nes,retro_other/english_title_logo/arabic_only/fantasy_ornate_arabic/retro_synthwave_80s/128x128/retro_other_english_title_logo_0589_128x128.png,retro_other/english_title_logo/arabic_only/fantasy_ornate_arabic/retro_synthwave_80s/128x128/retro_other_english_title_logo_0589_128x128.json
retro_other_english_title_logo_0589_256x256,retro_other,english_title_logo,arabic_only,fantasy_ornate_arabic,retro_synthwave_80s,256x256,shoot_em_up,black_border_nes,retro_other/english_title_logo/arabic_only/fantasy_ornate_arabic/retro_synthwave_80s/256x256/retro_other_english_title_logo_0589_256x256.png,retro_other/english_title_logo/arabic_only/fantasy_ornate_arabic/retro_synthwave_80s/256x256/retro_other_english_title_logo_0589_256x256.json
retro_other_english_title_logo_0590_128x128,retro_other,english_title_logo,bilingual_arabic_primary,retro_8bit_arabic,constructivist_arcade,128x128,racing_sports,diagonal_arcade_badge,retro_other/english_title_logo/bilingual_arabic_primary/retro_8bit_arabic/constructivist_arcade/128x128/retro_other_english_title_logo_0590_128x128.png,retro_other/english_title_logo/bilingual_arabic_primary/retro_8bit_arabic/constructivist_arcade/128x128/retro_other_english_title_logo_0590_128x128.json
retro_other_english_title_logo_0590_256x256,retro_other,english_title_logo,bilingual_arabic_primary,retro_8bit_arabic,constructivist_arcade,256x256,racing_sports,diagonal_arcade_badge,retro_other/english_title_logo/bilingual_arabic_primary/retro_8bit_arabic/constructivist_arcade/256x256/retro_other_english_title_logo_0590_256x256.png,retro_other/english_title_logo/bilingual_arabic_primary/retro_8bit_arabic/constructivist_arcade/256x256/retro_other_english_title_logo_0590_256x256.json
retro_other_english_title_logo_0591_128x128,retro_other,english_title_logo,bilingual_english_primary,metallic_chrome_arabic,dark_fantasy_gothic,128x128,horror_survival,centered_emblem,retro_other/english_title_logo/bilingual_english_primary/metallic_chrome_arabic/dark_fantasy_gothic/128x128/retro_other_english_title_logo_0591_128x128.png,retro_other/english_title_logo/bilingual_english_primary/metallic_chrome_arabic/dark_fantasy_gothic/128x128/retro_other_english_title_logo_0591_128x128.json
retro_other_english_title_logo_0591_256x256,retro_other,english_title_logo,bilingual_english_primary,metallic_chrome_arabic,dark_fantasy_gothic,256x256,horror_survival,centered_emblem,retro_other/english_title_logo/bilingual_english_primary/metallic_chrome_arabic/dark_fantasy_gothic/256x256/retro_other_english_title_logo_0591_256x256.png,retro_other/english_title_logo/bilingual_english_primary/metallic_chrome_arabic/dark_fantasy_gothic/256x256/retro_other_english_title_logo_0591_256x256.json
retro_other_english_title_logo_0592_128x128,retro_other,english_title_logo,parallel_pair_arabic,pixel_thuluth_display,pop_art_comic,128x128,beat_em_up,split_bilingual_layout,retro_other/english_title_logo/parallel_pair_arabic/pixel_thuluth_display/pop_art_comic/128x128/retro_other_english_title_logo_0592_128x128.png,retro_other/english_title_logo/parallel_pair_arabic/pixel_thuluth_display/pop_art_comic/128x128/retro_other_english_title_logo_0592_128x128.json
retro_other_english_title_logo_0592_256x256,retro_other,english_title_logo,parallel_pair_arabic,pixel_thuluth_display,pop_art_comic,256x256,beat_em_up,split_bilingual_layout,retro_other/english_title_logo/parallel_pair_arabic/pixel_thuluth_display/pop_art_comic/256x256/retro_other_english_title_logo_0592_256x256.png,retro_other/english_title_logo/parallel_pair_arabic/pixel_thuluth_display/pop_art_comic/256x256/retro_other_english_title_logo_0592_256x256.json
retro_other_english_title_logo_0593_128x128,retro_other,english_title_logo,arabic_transliteration,pixel_calligraffiti,cyberpunk_neon_dystopian,128x128,puzzle_strategy,border_framed,retro_other/english_title_logo/arabic_transliteration/pixel_calligraffiti/cyberpunk_neon_dystopian/128x128/retro_other_english_title_logo_0593_128x128.png,retro_other/english_title_logo/arabic_transliteration/pixel_calligraffiti/cyberpunk_neon_dystopian/128x128/retro_other_english_title_logo_0593_128x128.json
retro_other_english_title_logo_0593_256x256,retro_other,english_title_logo,arabic_transliteration,pixel_calligraffiti,cyberpunk_neon_dystopian,256x256,puzzle_strategy,border_framed,retro_other/english_title_logo/arabic_transliteration/pixel_calligraffiti/cyberpunk_neon_dystopian/256x256/retro_other_english_title_logo_0593_256x256.png,retro_other/english_title_logo/arabic_transliteration/pixel_calligraffiti/cyberpunk_neon_dystopian/256x256/retro_other_english_title_logo_0593_256x256.json
retro_other_english_title_logo_0594_128x128,retro_other,english_title_logo,arabic_subtitle,pixel_kufic_geometric,minimalist_pixel_poster,128x128,sci_fi_cyberpunk,center_title_large,retro_other/english_title_logo/arabic_subtitle/pixel_kufic_geometric/minimalist_pixel_poster/128x128/retro_other_english_title_logo_0594_128x128.png,retro_other/english_title_logo/arabic_subtitle/pixel_kufic_geometric/minimalist_pixel_poster/128x128/retro_other_english_title_logo_0594_128x128.json
retro_other_english_title_logo_0594_256x256,retro_other,english_title_logo,arabic_subtitle,pixel_kufic_geometric,minimalist_pixel_poster,256x256,sci_fi_cyberpunk,center_title_large,retro_other/english_title_logo/arabic_subtitle/pixel_kufic_geometric/minimalist_pixel_poster/256x256/retro_other_english_title_logo_0594_256x256.png,retro_other/english_title_logo/arabic_subtitle/pixel_kufic_geometric/minimalist_pixel_poster/256x256/retro_other_english_title_logo_0594_256x256.json
retro_other_bilingual_title_logo_0595_128x128,retro_other,bilingual_title_logo,arabic_only,pixel_ruqah_fast,egyptian_folklore_pixel,128x128,historical_medieval,top_title_hero_bottom,retro_other/bilingual_title_logo/arabic_only/pixel_ruqah_fast/egyptian_folklore_pixel/128x128/retro_other_bilingual_title_logo_0595_128x128.png,retro_other/bilingual_title_logo/arabic_only/pixel_ruqah_fast/egyptian_folklore_pixel/128x128/retro_other_bilingual_title_logo_0595_128x128.json
retro_other_bilingual_title_logo_0595_256x256,retro_other,bilingual_title_logo,arabic_only,pixel_ruqah_fast,egyptian_folklore_pixel,256x256,historical_medieval,top_title_hero_bottom,retro_other/bilingual_title_logo/arabic_only/pixel_ruqah_fast/egyptian_folklore_pixel/256x256/retro_other_bilingual_title_logo_0595_256x256.png,retro_other/bilingual_title_logo/arabic_only/pixel_ruqah_fast/egyptian_folklore_pixel/256x256/retro_other_bilingual_title_logo_0595_256x256.json
retro_other_bilingual_title_logo_0596_128x128,retro_other,bilingual_title_logo,bilingual_arabic_primary,pixel_naskh_clean,japanese_boxart_style,128x128,egyptian_folklore,bottom_title_scene_top,retro_other/bilingual_title_logo/bilingual_arabic_primary/pixel_naskh_clean/japanese_boxart_style/128x128/retro_other_bilingual_title_logo_0596_128x128.png,retro_other/bilingual_title_logo/bilingual_arabic_primary/pixel_naskh_clean/japanese_boxart_style/128x128/retro_other_bilingual_title_logo_0596_128x128.json
retro_other_bilingual_title_logo_0596_256x256,retro_other,bilingual_title_logo,bilingual_arabic_primary,pixel_naskh_clean,japanese_boxart_style,256x256,egyptian_folklore,bottom_title_scene_top,retro_other/bilingual_title_logo/bilingual_arabic_primary/pixel_naskh_clean/japanese_boxart_style/256x256/retro_other_bilingual_title_logo_0596_256x256.png,retro_other/bilingual_title_logo/bilingual_arabic_primary/pixel_naskh_clean/japanese_boxart_style/256x256/retro_other_bilingual_title_logo_0596_256x256.json
retro_other_bilingual_title_logo_0597_128x128,retro_other,bilingual_title_logo,bilingual_english_primary,bold_arcade_arabic,western_boxart_style,128x128,post_apocalyptic,grid_framed_boxart,retro_other/bilingual_title_logo/bilingual_english_primary/bold_arcade_arabic/western_boxart_style/128x128/retro_other_bilingual_title_logo_0597_128x128.png,retro_other/bilingual_title_logo/bilingual_english_primary/bold_arcade_arabic/western_boxart_style/128x128/retro_other_bilingual_title_logo_0597_128x128.json
retro_other_bilingual_title_logo_0597_256x256,retro_other,bilingual_title_logo,bilingual_english_primary,bold_arcade_arabic,western_boxart_style,256x256,post_apocalyptic,grid_framed_boxart,retro_other/bilingual_title_logo/bilingual_english_primary/bold_arcade_arabic/western_boxart_style/256x256/retro_other_bilingual_title_logo_0597_256x256.png,retro_other/bilingual_title_logo/bilingual_english_primary/bold_arcade_arabic/western_boxart_style/256x256/retro_other_bilingual_title_logo_0597_256x256.json
retro_other_bilingual_title_logo_0598_128x128,retro_other,bilingual_title_logo,parallel_pair_arabic,3d_bevel_arabic,monochrome_dmg,128x128,platformer,black_border_nes,retro_other/bilingual_title_logo/parallel_pair_arabic/3d_bevel_arabic/monochrome_dmg/128x128/retro_other_bilingual_title_logo_0598_128x128.png,retro_other/bilingual_title_logo/parallel_pair_arabic/3d_bevel_arabic/monochrome_dmg/128x128/retro_other_bilingual_title_logo_0598_128x128.json
retro_other_bilingual_title_logo_0598_256x256,retro_other,bilingual_title_logo,parallel_pair_arabic,3d_bevel_arabic,monochrome_dmg,256x256,platformer,black_border_nes,retro_other/bilingual_title_logo/parallel_pair_arabic/3d_bevel_arabic/monochrome_dmg/256x256/retro_other_bilingual_title_logo_0598_256x256.png,retro_other/bilingual_title_logo/parallel_pair_arabic/3d_bevel_arabic/monochrome_dmg/256x256/retro_other_bilingual_title_logo_0598_256x256.json
retro_other_bilingual_title_logo_0599_128x128,retro_other,bilingual_title_logo,arabic_transliteration,neon_glitch_arabic,retro_8bit_nes,128x128,action_adventure,diagonal_arcade_badge,retro_other/bilingual_title_logo/arabic_transliteration/neon_glitch_arabic/retro_8bit_nes/128x128/retro_other_bilingual_title_logo_0599_128x128.png,retro_other/bilingual_title_logo/arabic_transliteration/neon_glitch_arabic/retro_8bit_nes/128x128/retro_other_bilingual_title_logo_0599_128x128.json
retro_other_bilingual_title_logo_0599_256x256,retro_other,bilingual_title_logo,arabic_transliteration,neon_glitch_arabic,retro_8bit_nes,256x256,action_adventure,diagonal_arcade_badge,retro_other/bilingual_title_logo/arabic_transliteration/neon_glitch_arabic/retro_8bit_nes/256x256/retro_other_bilingual_title_logo_0599_256x256.png,retro_other/bilingual_title_logo/arabic_transliteration/neon_glitch_arabic/retro_8bit_nes/256x256/retro_other_bilingual_title_logo_0599_256x256.json
retro_other_bilingual_title_logo_0600_128x128,retro_other,bilingual_title_logo,arabic_subtitle,fantasy_ornate_arabic,retro_16bit_snes_genesis,128x128,fighting_game,centered_emblem,retro_other/bilingual_title_logo/arabic_subtitle/fantasy_ornate_arabic/retro_16bit_snes_genesis/128x128/retro_other_bilingual_title_logo_0600_128x128.png,retro_other/bilingual_title_logo/arabic_subtitle/fantasy_ornate_arabic/retro_16bit_snes_genesis/128x128/retro_other_bilingual_title_logo_0600_128x128.json
retro_other_bilingual_title_logo_0600_256x256,retro_other,bilingual_title_logo,arabic_subtitle,fantasy_ornate_arabic,retro_16bit_snes_genesis,256x256,fighting_game,centered_emblem,retro_other/bilingual_title_logo/arabic_subtitle/fantasy_ornate_arabic/retro_16bit_snes_genesis/256x256/retro_other_bilingual_title_logo_0600_256x256.png,retro_other/bilingual_title_logo/arabic_subtitle/fantasy_ornate_arabic/retro_16bit_snes_genesis/256x256/retro_other_bilingual_title_logo_0600_256x256.json
retro_other_pixel_lettering_0601_128x128,retro_other,pixel_lettering,arabic_only,retro_8bit_arabic,arcade_vibrant,128x128,rpg_fantasy,split_bilingual_layout,retro_other/pixel_lettering/arabic_only/retro_8bit_arabic/arcade_vibrant/128x128/retro_other_pixel_lettering_0601_128x128.png,retro_other/pixel_lettering/arabic_only/retro_8bit_arabic/arcade_vibrant/128x128/retro_other_pixel_lettering_0601_128x128.json
retro_other_pixel_lettering_0601_256x256,retro_other,pixel_lettering,arabic_only,retro_8bit_arabic,arcade_vibrant,256x256,rpg_fantasy,split_bilingual_layout,retro_other/pixel_lettering/arabic_only/retro_8bit_arabic/arcade_vibrant/256x256/retro_other_pixel_lettering_0601_256x256.png,retro_other/pixel_lettering/arabic_only/retro_8bit_arabic/arcade_vibrant/256x256/retro_other_pixel_lettering_0601_256x256.json
retro_other_pixel_lettering_0602_128x128,retro_other,pixel_lettering,bilingual_arabic_primary,metallic_chrome_arabic,retro_synthwave_80s,128x128,shoot_em_up,border_framed,retro_other/pixel_lettering/bilingual_arabic_primary/metallic_chrome_arabic/retro_synthwave_80s/128x128/retro_other_pixel_lettering_0602_128x128.png,retro_other/pixel_lettering/bilingual_arabic_primary/metallic_chrome_arabic/retro_synthwave_80s/128x128/retro_other_pixel_lettering_0602_128x128.json
retro_other_pixel_lettering_0602_256x256,retro_other,pixel_lettering,bilingual_arabic_primary,metallic_chrome_arabic,retro_synthwave_80s,256x256,shoot_em_up,border_framed,retro_other/pixel_lettering/bilingual_arabic_primary/metallic_chrome_arabic/retro_synthwave_80s/256x256/retro_other_pixel_lettering_0602_256x256.png,retro_other/pixel_lettering/bilingual_arabic_primary/metallic_chrome_arabic/retro_synthwave_80s/256x256/retro_other_pixel_lettering_0602_256x256.json
retro_other_pixel_lettering_0603_128x128,retro_other,pixel_lettering,bilingual_english_primary,pixel_thuluth_display,constructivist_arcade,128x128,racing_sports,center_title_large,retro_other/pixel_lettering/bilingual_english_primary/pixel_thuluth_display/constructivist_arcade/128x128/retro_other_pixel_lettering_0603_128x128.png,retro_other/pixel_lettering/bilingual_english_primary/pixel_thuluth_display/constructivist_arcade/128x128/retro_other_pixel_lettering_0603_128x128.json
retro_other_pixel_lettering_0603_256x256,retro_other,pixel_lettering,bilingual_english_primary,pixel_thuluth_display,constructivist_arcade,256x256,racing_sports,center_title_large,retro_other/pixel_lettering/bilingual_english_primary/pixel_thuluth_display/constructivist_arcade/256x256/retro_other_pixel_lettering_0603_256x256.png,retro_other/pixel_lettering/bilingual_english_primary/pixel_thuluth_display/constructivist_arcade/256x256/retro_other_pixel_lettering_0603_256x256.json
retro_other_pixel_lettering_0604_128x128,retro_other,pixel_lettering,parallel_pair_arabic,pixel_calligraffiti,dark_fantasy_gothic,128x128,horror_survival,top_title_hero_bottom,retro_other/pixel_lettering/parallel_pair_arabic/pixel_calligraffiti/dark_fantasy_gothic/128x128/retro_other_pixel_lettering_0604_128x128.png,retro_other/pixel_lettering/parallel_pair_arabic/pixel_calligraffiti/dark_fantasy_gothic/128x128/retro_other_pixel_lettering_0604_128x128.json
retro_other_pixel_lettering_0604_256x256,retro_other,pixel_lettering,parallel_pair_arabic,pixel_calligraffiti,dark_fantasy_gothic,256x256,horror_survival,top_title_hero_bottom,retro_other/pixel_lettering/parallel_pair_arabic/pixel_calligraffiti/dark_fantasy_gothic/256x256/retro_other_pixel_lettering_0604_256x256.png,retro_other/pixel_lettering/parallel_pair_arabic/pixel_calligraffiti/dark_fantasy_gothic/256x256/retro_other_pixel_lettering_0604_256x256.json
retro_other_pixel_lettering_0605_128x128,retro_other,pixel_lettering,arabic_transliteration,pixel_kufic_geometric,pop_art_comic,128x128,beat_em_up,bottom_title_scene_top,retro_other/pixel_lettering/arabic_transliteration/pixel_kufic_geometric/pop_art_comic/128x128/retro_other_pixel_lettering_0605_128x128.png,retro_other/pixel_lettering/arabic_transliteration/pixel_kufic_geometric/pop_art_comic/128x128/retro_other_pixel_lettering_0605_128x128.json
retro_other_pixel_lettering_0605_256x256,retro_other,pixel_lettering,arabic_transliteration,pixel_kufic_geometric,pop_art_comic,256x256,beat_em_up,bottom_title_scene_top,retro_other/pixel_lettering/arabic_transliteration/pixel_kufic_geometric/pop_art_comic/256x256/retro_other_pixel_lettering_0605_256x256.png,retro_other/pixel_lettering/arabic_transliteration/pixel_kufic_geometric/pop_art_comic/256x256/retro_other_pixel_lettering_0605_256x256.json
retro_other_pixel_lettering_0606_128x128,retro_other,pixel_lettering,arabic_subtitle,pixel_ruqah_fast,cyberpunk_neon_dystopian,128x128,puzzle_strategy,grid_framed_boxart,retro_other/pixel_lettering/arabic_subtitle/pixel_ruqah_fast/cyberpunk_neon_dystopian/128x128/retro_other_pixel_lettering_0606_128x128.png,retro_other/pixel_lettering/arabic_subtitle/pixel_ruqah_fast/cyberpunk_neon_dystopian/128x128/retro_other_pixel_lettering_0606_128x128.json
retro_other_pixel_lettering_0606_256x256,retro_other,pixel_lettering,arabic_subtitle,pixel_ruqah_fast,cyberpunk_neon_dystopian,256x256,puzzle_strategy,grid_framed_boxart,retro_other/pixel_lettering/arabic_subtitle/pixel_ruqah_fast/cyberpunk_neon_dystopian/256x256/retro_other_pixel_lettering_0606_256x256.png,retro_other/pixel_lettering/arabic_subtitle/pixel_ruqah_fast/cyberpunk_neon_dystopian/256x256/retro_other_pixel_lettering_0606_256x256.json
retro_other_game_over_screen_0607_128x128,retro_other,game_over_screen,arabic_only,pixel_naskh_clean,minimalist_pixel_poster,128x128,sci_fi_cyberpunk,black_border_nes,retro_other/game_over_screen/arabic_only/pixel_naskh_clean/minimalist_pixel_poster/128x128/retro_other_game_over_screen_0607_128x128.png,retro_other/game_over_screen/arabic_only/pixel_naskh_clean/minimalist_pixel_poster/128x128/retro_other_game_over_screen_0607_128x128.json
retro_other_game_over_screen_0607_256x256,retro_other,game_over_screen,arabic_only,pixel_naskh_clean,minimalist_pixel_poster,256x256,sci_fi_cyberpunk,black_border_nes,retro_other/game_over_screen/arabic_only/pixel_naskh_clean/minimalist_pixel_poster/256x256/retro_other_game_over_screen_0607_256x256.png,retro_other/game_over_screen/arabic_only/pixel_naskh_clean/minimalist_pixel_poster/256x256/retro_other_game_over_screen_0607_256x256.json
retro_other_game_over_screen_0608_128x128,retro_other,game_over_screen,bilingual_arabic_primary,bold_arcade_arabic,egyptian_folklore_pixel,128x128,historical_medieval,diagonal_arcade_badge,retro_other/game_over_screen/bilingual_arabic_primary/bold_arcade_arabic/egyptian_folklore_pixel/128x128/retro_other_game_over_screen_0608_128x128.png,retro_other/game_over_screen/bilingual_arabic_primary/bold_arcade_arabic/egyptian_folklore_pixel/128x128/retro_other_game_over_screen_0608_128x128.json
retro_other_game_over_screen_0608_256x256,retro_other,game_over_screen,bilingual_arabic_primary,bold_arcade_arabic,egyptian_folklore_pixel,256x256,historical_medieval,diagonal_arcade_badge,retro_other/game_over_screen/bilingual_arabic_primary/bold_arcade_arabic/egyptian_folklore_pixel/256x256/retro_other_game_over_screen_0608_256x256.png,retro_other/game_over_screen/bilingual_arabic_primary/bold_arcade_arabic/egyptian_folklore_pixel/256x256/retro_other_game_over_screen_0608_256x256.json
retro_other_game_over_screen_0609_128x128,retro_other,game_over_screen,bilingual_english_primary,3d_bevel_arabic,japanese_boxart_style,128x128,egyptian_folklore,centered_emblem,retro_other/game_over_screen/bilingual_english_primary/3d_bevel_arabic/japanese_boxart_style/128x128/retro_other_game_over_screen_0609_128x128.png,retro_other/game_over_screen/bilingual_english_primary/3d_bevel_arabic/japanese_boxart_style/128x128/retro_other_game_over_screen_0609_128x128.json
retro_other_game_over_screen_0609_256x256,retro_other,game_over_screen,bilingual_english_primary,3d_bevel_arabic,japanese_boxart_style,256x256,egyptian_folklore,centered_emblem,retro_other/game_over_screen/bilingual_english_primary/3d_bevel_arabic/japanese_boxart_style/256x256/retro_other_game_over_screen_0609_256x256.png,retro_other/game_over_screen/bilingual_english_primary/3d_bevel_arabic/japanese_boxart_style/256x256/retro_other_game_over_screen_0609_256x256.json
retro_other_game_over_screen_0610_128x128,retro_other,game_over_screen,parallel_pair_arabic,neon_glitch_arabic,western_boxart_style,128x128,post_apocalyptic,split_bilingual_layout,retro_other/game_over_screen/parallel_pair_arabic/neon_glitch_arabic/western_boxart_style/128x128/retro_other_game_over_screen_0610_128x128.png,retro_other/game_over_screen/parallel_pair_arabic/neon_glitch_arabic/western_boxart_style/128x128/retro_other_game_over_screen_0610_128x128.json
retro_other_game_over_screen_0610_256x256,retro_other,game_over_screen,parallel_pair_arabic,neon_glitch_arabic,western_boxart_style,256x256,post_apocalyptic,split_bilingual_layout,retro_other/game_over_screen/parallel_pair_arabic/neon_glitch_arabic/western_boxart_style/256x256/retro_other_game_over_screen_0610_256x256.png,retro_other/game_over_screen/parallel_pair_arabic/neon_glitch_arabic/western_boxart_style/256x256/retro_other_game_over_screen_0610_256x256.json
retro_other_game_over_screen_0611_128x128,retro_other,game_over_screen,arabic_transliteration,fantasy_ornate_arabic,monochrome_dmg,128x128,platformer,border_framed,retro_other/game_over_screen/arabic_transliteration/fantasy_ornate_arabic/monochrome_dmg/128x128/retro_other_game_over_screen_0611_128x128.png,retro_other/game_over_screen/arabic_transliteration/fantasy_ornate_arabic/monochrome_dmg/128x128/retro_other_game_over_screen_0611_128x128.json
retro_other_game_over_screen_0611_256x256,retro_other,game_over_screen,arabic_transliteration,fantasy_ornate_arabic,monochrome_dmg,256x256,platformer,border_framed,retro_other/game_over_screen/arabic_transliteration/fantasy_ornate_arabic/monochrome_dmg/256x256/retro_other_game_over_screen_0611_256x256.png,retro_other/game_over_screen/arabic_transliteration/fantasy_ornate_arabic/monochrome_dmg/256x256/retro_other_game_over_screen_0611_256x256.json
retro_other_game_over_screen_0612_128x128,retro_other,game_over_screen,arabic_subtitle,retro_8bit_arabic,retro_8bit_nes,128x128,action_adventure,center_title_large,retro_other/game_over_screen/arabic_subtitle/retro_8bit_arabic/retro_8bit_nes/128x128/retro_other_game_over_screen_0612_128x128.png,retro_other/game_over_screen/arabic_subtitle/retro_8bit_arabic/retro_8bit_nes/128x128/retro_other_game_over_screen_0612_128x128.json
retro_other_game_over_screen_0612_256x256,retro_other,game_over_screen,arabic_subtitle,retro_8bit_arabic,retro_8bit_nes,256x256,action_adventure,center_title_large,retro_other/game_over_screen/arabic_subtitle/retro_8bit_arabic/retro_8bit_nes/256x256/retro_other_game_over_screen_0612_256x256.png,retro_other/game_over_screen/arabic_subtitle/retro_8bit_arabic/retro_8bit_nes/256x256/retro_other_game_over_screen_0612_256x256.json
retro_other_stage_clear_banner_0613_128x128,retro_other,stage_clear_banner,arabic_only,metallic_chrome_arabic,retro_16bit_snes_genesis,128x128,fighting_game,top_title_hero_bottom,retro_other/stage_clear_banner/arabic_only/metallic_chrome_arabic/retro_16bit_snes_genesis/128x128/retro_other_stage_clear_banner_0613_128x128.png,retro_other/stage_clear_banner/arabic_only/metallic_chrome_arabic/retro_16bit_snes_genesis/128x128/retro_other_stage_clear_banner_0613_128x128.json
retro_other_stage_clear_banner_0613_256x256,retro_other,stage_clear_banner,arabic_only,metallic_chrome_arabic,retro_16bit_snes_genesis,256x256,fighting_game,top_title_hero_bottom,retro_other/stage_clear_banner/arabic_only/metallic_chrome_arabic/retro_16bit_snes_genesis/256x256/retro_other_stage_clear_banner_0613_256x256.png,retro_other/stage_clear_banner/arabic_only/metallic_chrome_arabic/retro_16bit_snes_genesis/256x256/retro_other_stage_clear_banner_0613_256x256.json
retro_other_stage_clear_banner_0614_128x128,retro_other,stage_clear_banner,bilingual_arabic_primary,pixel_thuluth_display,arcade_vibrant,128x128,rpg_fantasy,bottom_title_scene_top,retro_other/stage_clear_banner/bilingual_arabic_primary/pixel_thuluth_display/arcade_vibrant/128x128/retro_other_stage_clear_banner_0614_128x128.png,retro_other/stage_clear_banner/bilingual_arabic_primary/pixel_thuluth_display/arcade_vibrant/128x128/retro_other_stage_clear_banner_0614_128x128.json
retro_other_stage_clear_banner_0614_256x256,retro_other,stage_clear_banner,bilingual_arabic_primary,pixel_thuluth_display,arcade_vibrant,256x256,rpg_fantasy,bottom_title_scene_top,retro_other/stage_clear_banner/bilingual_arabic_primary/pixel_thuluth_display/arcade_vibrant/256x256/retro_other_stage_clear_banner_0614_256x256.png,retro_other/stage_clear_banner/bilingual_arabic_primary/pixel_thuluth_display/arcade_vibrant/256x256/retro_other_stage_clear_banner_0614_256x256.json
retro_other_stage_clear_banner_0615_128x128,retro_other,stage_clear_banner,bilingual_english_primary,pixel_calligraffiti,retro_synthwave_80s,128x128,shoot_em_up,grid_framed_boxart,retro_other/stage_clear_banner/bilingual_english_primary/pixel_calligraffiti/retro_synthwave_80s/128x128/retro_other_stage_clear_banner_0615_128x128.png,retro_other/stage_clear_banner/bilingual_english_primary/pixel_calligraffiti/retro_synthwave_80s/128x128/retro_other_stage_clear_banner_0615_128x128.json
retro_other_stage_clear_banner_0615_256x256,retro_other,stage_clear_banner,bilingual_english_primary,pixel_calligraffiti,retro_synthwave_80s,256x256,shoot_em_up,grid_framed_boxart,retro_other/stage_clear_banner/bilingual_english_primary/pixel_calligraffiti/retro_synthwave_80s/256x256/retro_other_stage_clear_banner_0615_256x256.png,retro_other/stage_clear_banner/bilingual_english_primary/pixel_calligraffiti/retro_synthwave_80s/256x256/retro_other_stage_clear_banner_0615_256x256.json
retro_other_stage_clear_banner_0616_128x128,retro_other,stage_clear_banner,parallel_pair_arabic,pixel_kufic_geometric,constructivist_arcade,128x128,racing_sports,black_border_nes,retro_other/stage_clear_banner/parallel_pair_arabic/pixel_kufic_geometric/constructivist_arcade/128x128/retro_other_stage_clear_banner_0616_128x128.png,retro_other/stage_clear_banner/parallel_pair_arabic/pixel_kufic_geometric/constructivist_arcade/128x128/retro_other_stage_clear_banner_0616_128x128.json
retro_other_stage_clear_banner_0616_256x256,retro_other,stage_clear_banner,parallel_pair_arabic,pixel_kufic_geometric,constructivist_arcade,256x256,racing_sports,black_border_nes,retro_other/stage_clear_banner/parallel_pair_arabic/pixel_kufic_geometric/constructivist_arcade/256x256/retro_other_stage_clear_banner_0616_256x256.png,retro_other/stage_clear_banner/parallel_pair_arabic/pixel_kufic_geometric/constructivist_arcade/256x256/retro_other_stage_clear_banner_0616_256x256.json
retro_other_stage_clear_banner_0617_128x128,retro_other,stage_clear_banner,arabic_transliteration,pixel_ruqah_fast,dark_fantasy_gothic,128x128,horror_survival,diagonal_arcade_badge,retro_other/stage_clear_banner/arabic_transliteration/pixel_ruqah_fast/dark_fantasy_gothic/128x128/retro_other_stage_clear_banner_0617_128x128.png,retro_other/stage_clear_banner/arabic_transliteration/pixel_ruqah_fast/dark_fantasy_gothic/128x128/retro_other_stage_clear_banner_0617_128x128.json
retro_other_stage_clear_banner_0617_256x256,retro_other,stage_clear_banner,arabic_transliteration,pixel_ruqah_fast,dark_fantasy_gothic,256x256,horror_survival,diagonal_arcade_badge,retro_other/stage_clear_banner/arabic_transliteration/pixel_ruqah_fast/dark_fantasy_gothic/256x256/retro_other_stage_clear_banner_0617_256x256.png,retro_other/stage_clear_banner/arabic_transliteration/pixel_ruqah_fast/dark_fantasy_gothic/256x256/retro_other_stage_clear_banner_0617_256x256.json
retro_other_stage_clear_banner_0618_128x128,retro_other,stage_clear_banner,arabic_subtitle,pixel_naskh_clean,pop_art_comic,128x128,beat_em_up,centered_emblem,retro_other/stage_clear_banner/arabic_subtitle/pixel_naskh_clean/pop_art_comic/128x128/retro_other_stage_clear_banner_0618_128x128.png,retro_other/stage_clear_banner/arabic_subtitle/pixel_naskh_clean/pop_art_comic/128x128/retro_other_stage_clear_banner_0618_128x128.json
retro_other_stage_clear_banner_0618_256x256,retro_other,stage_clear_banner,arabic_subtitle,pixel_naskh_clean,pop_art_comic,256x256,beat_em_up,centered_emblem,retro_other/stage_clear_banner/arabic_subtitle/pixel_naskh_clean/pop_art_comic/256x256/retro_other_stage_clear_banner_0618_256x256.png,retro_other/stage_clear_banner/arabic_subtitle/pixel_naskh_clean/pop_art_comic/256x256/retro_other_stage_clear_banner_0618_256x256.json
retro_other_ui_title_badge_0619_128x128,retro_other,ui_title_badge,arabic_only,bold_arcade_arabic,cyberpunk_neon_dystopian,128x128,puzzle_strategy,split_bilingual_layout,retro_other/ui_title_badge/arabic_only/bold_arcade_arabic/cyberpunk_neon_dystopian/128x128/retro_other_ui_title_badge_0619_128x128.png,retro_other/ui_title_badge/arabic_only/bold_arcade_arabic/cyberpunk_neon_dystopian/128x128/retro_other_ui_title_badge_0619_128x128.json
retro_other_ui_title_badge_0619_256x256,retro_other,ui_title_badge,arabic_only,bold_arcade_arabic,cyberpunk_neon_dystopian,256x256,puzzle_strategy,split_bilingual_layout,retro_other/ui_title_badge/arabic_only/bold_arcade_arabic/cyberpunk_neon_dystopian/256x256/retro_other_ui_title_badge_0619_256x256.png,retro_other/ui_title_badge/arabic_only/bold_arcade_arabic/cyberpunk_neon_dystopian/256x256/retro_other_ui_title_badge_0619_256x256.json
retro_other_ui_title_badge_0620_128x128,retro_other,ui_title_badge,bilingual_arabic_primary,3d_bevel_arabic,minimalist_pixel_poster,128x128,sci_fi_cyberpunk,border_framed,retro_other/ui_title_badge/bilingual_arabic_primary/3d_bevel_arabic/minimalist_pixel_poster/128x128/retro_other_ui_title_badge_0620_128x128.png,retro_other/ui_title_badge/bilingual_arabic_primary/3d_bevel_arabic/minimalist_pixel_poster/128x128/retro_other_ui_title_badge_0620_128x128.json
retro_other_ui_title_badge_0620_256x256,retro_other,ui_title_badge,bilingual_arabic_primary,3d_bevel_arabic,minimalist_pixel_poster,256x256,sci_fi_cyberpunk,border_framed,retro_other/ui_title_badge/bilingual_arabic_primary/3d_bevel_arabic/minimalist_pixel_poster/256x256/retro_other_ui_title_badge_0620_256x256.png,retro_other/ui_title_badge/bilingual_arabic_primary/3d_bevel_arabic/minimalist_pixel_poster/256x256/retro_other_ui_title_badge_0620_256x256.json
retro_other_ui_title_badge_0621_128x128,retro_other,ui_title_badge,bilingual_english_primary,neon_glitch_arabic,egyptian_folklore_pixel,128x128,historical_medieval,center_title_large,retro_other/ui_title_badge/bilingual_english_primary/neon_glitch_arabic/egyptian_folklore_pixel/128x128/retro_other_ui_title_badge_0621_128x128.png,retro_other/ui_title_badge/bilingual_english_primary/neon_glitch_arabic/egyptian_folklore_pixel/128x128/retro_other_ui_title_badge_0621_128x128.json
retro_other_ui_title_badge_0621_256x256,retro_other,ui_title_badge,bilingual_english_primary,neon_glitch_arabic,egyptian_folklore_pixel,256x256,historical_medieval,center_title_large,retro_other/ui_title_badge/bilingual_english_primary/neon_glitch_arabic/egyptian_folklore_pixel/256x256/retro_other_ui_title_badge_0621_256x256.png,retro_other/ui_title_badge/bilingual_english_primary/neon_glitch_arabic/egyptian_folklore_pixel/256x256/retro_other_ui_title_badge_0621_256x256.json
retro_other_ui_title_badge_0622_128x128,retro_other,ui_title_badge,parallel_pair_arabic,fantasy_ornate_arabic,japanese_boxart_style,128x128,egyptian_folklore,top_title_hero_bottom,retro_other/ui_title_badge/parallel_pair_arabic/fantasy_ornate_arabic/japanese_boxart_style/128x128/retro_other_ui_title_badge_0622_128x128.png,retro_other/ui_title_badge/parallel_pair_arabic/fantasy_ornate_arabic/japanese_boxart_style/128x128/retro_other_ui_title_badge_0622_128x128.json
retro_other_ui_title_badge_0622_256x256,retro_other,ui_title_badge,parallel_pair_arabic,fantasy_ornate_arabic,japanese_boxart_style,256x256,egyptian_folklore,top_title_hero_bottom,retro_other/ui_title_badge/parallel_pair_arabic/fantasy_ornate_arabic/japanese_boxart_style/256x256/retro_other_ui_title_badge_0622_256x256.png,retro_other/ui_title_badge/parallel_pair_arabic/fantasy_ornate_arabic/japanese_boxart_style/256x256/retro_other_ui_title_badge_0622_256x256.json
retro_other_ui_title_badge_0623_128x128,retro_other,ui_title_badge,arabic_transliteration,retro_8bit_arabic,western_boxart_style,128x128,post_apocalyptic,bottom_title_scene_top,retro_other/ui_title_badge/arabic_transliteration/retro_8bit_arabic/western_boxart_style/128x128/retro_other_ui_title_badge_0623_128x128.png,retro_other/ui_title_badge/arabic_transliteration/retro_8bit_arabic/western_boxart_style/128x128/retro_other_ui_title_badge_0623_128x128.json
retro_other_ui_title_badge_0623_256x256,retro_other,ui_title_badge,arabic_transliteration,retro_8bit_arabic,western_boxart_style,256x256,post_apocalyptic,bottom_title_scene_top,retro_other/ui_title_badge/arabic_transliteration/retro_8bit_arabic/western_boxart_style/256x256/retro_other_ui_title_badge_0623_256x256.png,retro_other/ui_title_badge/arabic_transliteration/retro_8bit_arabic/western_boxart_style/256x256/retro_other_ui_title_badge_0623_256x256.json
retro_other_ui_title_badge_0624_128x128,retro_other,ui_title_badge,arabic_subtitle,metallic_chrome_arabic,monochrome_dmg,128x128,platformer,grid_framed_boxart,retro_other/ui_title_badge/arabic_subtitle/metallic_chrome_arabic/monochrome_dmg/128x128/retro_other_ui_title_badge_0624_128x128.png,retro_other/ui_title_badge/arabic_subtitle/metallic_chrome_arabic/monochrome_dmg/128x128/retro_other_ui_title_badge_0624_128x128.json
retro_other_ui_title_badge_0624_256x256,retro_other,ui_title_badge,arabic_subtitle,metallic_chrome_arabic,monochrome_dmg,256x256,platformer,grid_framed_boxart,retro_other/ui_title_badge/arabic_subtitle/metallic_chrome_arabic/monochrome_dmg/256x256/retro_other_ui_title_badge_0624_256x256.png,retro_other/ui_title_badge/arabic_subtitle/metallic_chrome_arabic/monochrome_dmg/256x256/retro_other_ui_title_badge_0624_256x256.json
