id,file,type,gender,race,style,source,source_url,license,pose,canvas_size,sprite_sheet,sha256,original_path,collection
934d3574825ee4c8,images/animal/androgynous/clean_pixel/unknown/kenney_cc0_2d/action/934d3574825ee4c8_character_horse.png,animal,androgynous,unknown,clean_pixel,kenney_cc0_2d,https://github.com/shorepine/kenney,CC0,action,64x100,False,934d3574825ee4c81775e0a7fea275938cfebdd112e1dc269727193179754e06,2d/Block Pack/character_horse.png,2d
93d12a11c71300ef,images/civilian/male/clean_pixel/unknown/kenney_cc0_2d/action/93d12a11c71300ef_character_man.png,civilian,male,unknown,clean_pixel,kenney_cc0_2d,https://github.com/shorepine/kenney,CC0,action,64x100,False,93d12a11c71300ef085a7c4088da19cb2d35f6c85f3434b8f32b69009b67298d,2d/Block Pack/character_man.png,2d
1a3cb892361a539e,images/mage/androgynous/clean_pixel/unknown/kenney_cc0_2d/action/1a3cb892361a539e_character_wizard.png,mage,androgynous,unknown,clean_pixel,kenney_cc0_2d,https://github.com/shorepine/kenney,CC0,action,64x100,False,1a3cb892361a539eda25bb97a154ca360b1e617ff8b44410f9a2aebc908505ea,2d/Block Pack/character_wizard.png,2d
54085d8f665f9b59,images/civilian/female/clean_pixel/unknown/kenney_cc0_2d/action/54085d8f665f9b59_character_woman.png,civilian,female,unknown,clean_pixel,kenney_cc0_2d,https://github.com/shorepine/kenney,CC0,action,64x100,False,54085d8f665f9b594dc5d069b174c3008dca22a6e86e1b183307184267ff91a9,2d/Block Pack/character_woman.png,2d
ca04e5aa4c78ccc0,images/animal/androgynous/clean_pixel/unknown/kenney_cc0_2d/action/ca04e5aa4c78ccc0_character_horse.png,animal,androgynous,unknown,clean_pixel,kenney_cc0_2d,https://github.com/shorepine/kenney,CC0,action,128x200,False,ca04e5aa4c78ccc010c9365764fba3f101e6b36c01bb48866f4313c591f6fccf,2d/Block Pack/Retina/character_horse.png,2d
225ebeb2b0227e01,images/civilian/male/clean_pixel/unknown/kenney_cc0_2d/action/225ebeb2b0227e01_character_man.png,civilian,male,unknown,clean_pixel,kenney_cc0_2d,https://github.com/shorepine/kenney,CC0,action,128x200,False,225ebeb2b0227e0113478933f085087e5910f1c21b663821f7f60df0b1139fa9,2d/Block Pack/Retina/character_man.png,2d
b9e80287b4505292,images/mage/androgynous/clean_pixel/unknown/kenney_cc0_2d/action/b9e80287b4505292_character_wizard.png,mage,androgynous,unknown,clean_pixel,kenney_cc0_2d,https://github.com/shorepine/kenney,CC0,action,128x200,False,b9e80287b4505292669594be69ad1249c33a9e774d7235c25c97e028f55c152b,2d/Block Pack/Retina/character_wizard.png,2d
c4db35db6a8f0b3e,images/civilian/female/clean_pixel/unknown/kenney_cc0_2d/action/c4db35db6a8f0b3e_character_woman.png,civilian,female,unknown,clean_pixel,kenney_cc0_2d,https://github.com/shorepine/kenney,CC0,action,128x200,False,c4db35db6a8f0b3e98dd287e592700053a766638449236aae919a484fcb8dae0,2d/Block Pack/Retina/character_woman.png,2d
7259befac67f0b36,images/civilian/androgynous/clean_pixel/unknown/kenney_cc0_2d/action/7259befac67f0b36_extra_character_a.png,civilian,androgynous,unknown,clean_pixel,kenney_cc0_2d,https://github.com/shorepine/kenney,CC0,action,128x128,False,7259befac67f0b364cf678f2c9ffc0510518b8d8cd0ff203285413094c167ec2,2d/Brick Pack/Double/Special/extra_character_a.png,2d
eb2235f1dd1b976c,images/civilian/androgynous/clean_pixel/unknown/kenney_cc0_2d/action/eb2235f1dd1b976c_extra_character_b.png,civilian,androgynous,unknown,clean_pixel,kenney_cc0_2d,https://github.com/shorepine/kenney,CC0,action,128x128,False,eb2235f1dd1b976c0d77cdb22eb2b13add63ede96d1cae6eaeaeceb4684fcc9e,2d/Brick Pack/Double/Special/extra_character_b.png,2d
8b501d8cc2650cc6,images/civilian/androgynous/clean_pixel/unknown/kenney_cc0_2d/action/8b501d8cc2650cc6_extra_character_c.png,civilian,androgynous,unknown,clean_pixel,kenney_cc0_2d,https://github.com/shorepine/kenney,CC0,action,128x128,False,8b501d8cc2650cc60b98536f26f6433775ec5878150f460edf83ddc077bf53df,2d/Brick Pack/Double/Special/extra_character_c.png,2d
d7354f1654795125,images/civilian/androgynous/clean_pixel/unknown/kenney_cc0_2d/action/d7354f1654795125_extra_character_d.png,civilian,androgynous,unknown,clean_pixel,kenney_cc0_2d,https://github.com/shorepine/kenney,CC0,action,128x128,False,d7354f1654795125b94e0b26110e9aa213e4dc32897da9507b44e9387a4fd190,2d/Brick Pack/Double/Special/extra_character_d.png,2d
8f6866a807d6a476,images/civilian/androgynous/clean_pixel/unknown/kenney_cc0_2d/action/8f6866a807d6a476_extra_character_e.png,civilian,androgynous,unknown,clean_pixel,kenney_cc0_2d,https://github.com/shorepine/kenney,CC0,action,128x128,False,8f6866a807d6a4767c881b8ca5e1f40a7b2ef5b87e37f58566f734be2a21b7ad,2d/Brick Pack/Double/Special/extra_character_e.png,2d
424d135705b2725a,images/civilian/androgynous/clean_pixel/unknown/kenney_cc0_2d/action/424d135705b2725a_extra_character_a.png,civilian,androgynous,unknown,clean_pixel,kenney_cc0_2d,https://github.com/shorepine/kenney,CC0,action,64x64,False,424d135705b2725af0acb5ffe61e44e69d912347defd99ce659d7cb59d6161fb,2d/Brick Pack/Special/extra_character_a.png,2d
b025196a32c4d3ca,images/civilian/androgynous/clean_pixel/unknown/kenney_cc0_2d/action/b025196a32c4d3ca_extra_character_b.png,civilian,androgynous,unknown,clean_pixel,kenney_cc0_2d,https://github.com/shorepine/kenney,CC0,action,64x64,False,b025196a32c4d3ca074d5887743700d398d2d663bea64cd08c53002f31c680c3,2d/Brick Pack/Special/extra_character_b.png,2d
3aa9392b7fbdc196,images/civilian/androgynous/clean_pixel/unknown/kenney_cc0_2d/action/3aa9392b7fbdc196_extra_character_c.png,civilian,androgynous,unknown,clean_pixel,kenney_cc0_2d,https://github.com/shorepine/kenney,CC0,action,64x64,False,3aa9392b7fbdc196299be64e31a2bc38a2c43c7a9f620e40ca67f97134e3e999,2d/Brick Pack/Special/extra_character_c.png,2d
aa8e9255be77b8d5,images/civilian/androgynous/clean_pixel/unknown/kenney_cc0_2d/action/aa8e9255be77b8d5_extra_character_d.png,civilian,androgynous,unknown,clean_pixel,kenney_cc0_2d,https://github.com/shorepine/kenney,CC0,action,64x64,False,aa8e9255be77b8d55dfcb85a2673535367e83d3946f1bd623220e5366f814011,2d/Brick Pack/Special/extra_character_d.png,2d
e00ba273f54ef002,images/civilian/androgynous/clean_pixel/unknown/kenney_cc0_2d/action/e00ba273f54ef002_extra_character_e.png,civilian,androgynous,unknown,clean_pixel,kenney_cc0_2d,https://github.com/shorepine/kenney,CC0,action,64x64,False,e00ba273f54ef002f9bbaa4768708ccaed1d393ffdc2656b5f03e0b722a2b2f4,2d/Brick Pack/Special/extra_character_e.png,2d
36f7f8f28ae9daba,images/civilian/androgynous/clean_pixel/unknown/kenney_cc0_2d/action/36f7f8f28ae9daba_facialHair_black_1_.png,civilian,androgynous,unknown,clean_pixel,kenney_cc0_2d,https://github.com/shorepine/kenney,CC0,action,41x11,False,36f7f8f28ae9dabacf4801dfd451239f14490eccd492ca2d1384e11cf6325be6,2d/Character Pack Facial Hair/Facial hair/Black/facialHair_black (1).png,2d
423568b21ed122af,images/civilian/androgynous/clean_pixel/unknown/kenney_cc0_2d/action/423568b21ed122af_facialHair_black_10_.png,civilian,androgynous,unknown,clean_pixel,kenney_cc0_2d,https://github.com/shorepine/kenney,CC0,action,45x36,False,423568b21ed122af621681040e0e1a9b325325bf7a00fcf86f507aeb28f933ee,2d/Character Pack Facial Hair/Facial hair/Black/facialHair_black (10).png,2d
30e610edb92a69e5,images/civilian/androgynous/clean_pixel/unknown/kenney_cc0_2d/action/30e610edb92a69e5_facialHair_black_11_.png,civilian,androgynous,unknown,clean_pixel,kenney_cc0_2d,https://github.com/shorepine/kenney,CC0,action,42x18,False,30e610edb92a69e5927282bb25d9ea8394787d9aa6666c242a33f9f5d0841a31,2d/Character Pack Facial Hair/Facial hair/Black/facialHair_black (11).png,2d
d8903df959d665d4,images/civilian/androgynous/clean_pixel/unknown/kenney_cc0_2d/action/d8903df959d665d4_facialHair_black_12_.png,civilian,androgynous,unknown,clean_pixel,kenney_cc0_2d,https://github.com/shorepine/kenney,CC0,action,42x48,False,d8903df959d665d4133c4848a931ed87a52c6253dfc29170474740b034acb0be,2d/Character Pack Facial Hair/Facial hair/Black/facialHair_black (12).png,2d
e4b3cda4f910d0cb,images/civilian/androgynous/clean_pixel/unknown/kenney_cc0_2d/action/e4b3cda4f910d0cb_facialHair_black_13_.png,civilian,androgynous,unknown,clean_pixel,kenney_cc0_2d,https://github.com/shorepine/kenney,CC0,action,42x30,False,e4b3cda4f910d0cb9353a3f990bf558c45f7fddc1d201f2a834690a9499c3b3f,2d/Character Pack Facial Hair/Facial hair/Black/facialHair_black (13).png,2d
9b45a612ee53e0e2,images/civilian/androgynous/clean_pixel/unknown/kenney_cc0_2d/action/9b45a612ee53e0e2_facialHair_black_14_.png,civilian,androgynous,unknown,clean_pixel,kenney_cc0_2d,https://github.com/shorepine/kenney,CC0,action,30x15,False,9b45a612ee53e0e2ecc40570f1d0f014c3cc26a3faf8ed2ca2fbda31cd7b0e99,2d/Character Pack Facial Hair/Facial hair/Black/facialHair_black (14).png,2d
947f0bc5d11fdafc,images/civilian/androgynous/clean_pixel/unknown/kenney_cc0_2d/action/947f0bc5d11fdafc_facialHair_black_15_.png,civilian,androgynous,unknown,clean_pixel,kenney_cc0_2d,https://github.com/shorepine/kenney,CC0,action,29x8,False,947f0bc5d11fdafc466a0bf04293e44e49b50488f51509715c5abce47e4bb6f6,2d/Character Pack Facial Hair/Facial hair/Black/facialHair_black (15).png,2d
c7da30f19c3f0e92,images/civilian/androgynous/clean_pixel/unknown/kenney_cc0_2d/action/c7da30f19c3f0e92_facialHair_black_16_.png,civilian,androgynous,unknown,clean_pixel,kenney_cc0_2d,https://github.com/shorepine/kenney,CC0,action,6x8,False,c7da30f19c3f0e92cfaee1634d60cd4b3c291ac2b95a230d8703f9f6869cf918,2d/Character Pack Facial Hair/Facial hair/Black/facialHair_black (16).png,2d
a6c1a2b2cb21fbd7,images/civilian/androgynous/clean_pixel/unknown/kenney_cc0_2d/action/a6c1a2b2cb21fbd7_facialHair_black_2_.png,civilian,androgynous,unknown,clean_pixel,kenney_cc0_2d,https://github.com/shorepine/kenney,CC0,action,22x7,False,a6c1a2b2cb21fbd7db00c47cbaf8334dd5c8f0f50bfba99964a94ddf456ab67b,2d/Character Pack Facial Hair/Facial hair/Black/facialHair_black (2).png,2d
6d5c678f651d23b1,images/civilian/androgynous/clean_pixel/unknown/kenney_cc0_2d/action/6d5c678f651d23b1_facialHair_black_3_.png,civilian,androgynous,unknown,clean_pixel,kenney_cc0_2d,https://github.com/shorepine/kenney,CC0,action,16x23,False,6d5c678f651d23b182db49bf9bf5cf9e999289513843668ac3c3e856e04ef5f2,2d/Character Pack Facial Hair/Facial hair/Black/facialHair_black (3).png,2d
2d9fed569890d489,images/civilian/androgynous/clean_pixel/unknown/kenney_cc0_2d/action/2d9fed569890d489_facialHair_black_4_.png,civilian,androgynous,unknown,clean_pixel,kenney_cc0_2d,https://github.com/shorepine/kenney,CC0,action,48x24,False,2d9fed569890d4898fe2cae0b77e30fa60be0e647d6929650bb662b646c3e613,2d/Character Pack Facial Hair/Facial hair/Black/facialHair_black (4).png,2d
c6a128b2eb4a68bc,images/civilian/androgynous/clean_pixel/unknown/kenney_cc0_2d/action/c6a128b2eb4a68bc_facialHair_black_5_.png,civilian,androgynous,unknown,clean_pixel,kenney_cc0_2d,https://github.com/shorepine/kenney,CC0,action,24x42,False,c6a128b2eb4a68bc55c8f411254bd145292f41d29efb22e8ad478799a790902c,2d/Character Pack Facial Hair/Facial hair/Black/facialHair_black (5).png,2d
f8864ee5728ab515,images/civilian/androgynous/clean_pixel/unknown/kenney_cc0_2d/action/f8864ee5728ab515_facialHair_black_6_.png,civilian,androgynous,unknown,clean_pixel,kenney_cc0_2d,https://github.com/shorepine/kenney,CC0,action,48x30,False,f8864ee5728ab51541a6a63fa8abb62842613ff8bfa651fea83579780a1ecf03,2d/Character Pack Facial Hair/Facial hair/Black/facialHair_black (6).png,2d
37923440b386954b,images/civilian/androgynous/clean_pixel/unknown/kenney_cc0_2d/action/37923440b386954b_facialHair_black_7_.png,civilian,androgynous,unknown,clean_pixel,kenney_cc0_2d,https://github.com/shorepine/kenney,CC0,action,55x57,False,37923440b386954b826ddfa36140606f5ae939b329c57aebd79f455e81f58701,2d/Character Pack Facial Hair/Facial hair/Black/facialHair_black (7).png,2d
c96ef70cf6cc37b2,images/civilian/androgynous/clean_pixel/unknown/kenney_cc0_2d/action/c96ef70cf6cc37b2_facialHair_black_8_.png,civilian,androgynous,unknown,clean_pixel,kenney_cc0_2d,https://github.com/shorepine/kenney,CC0,action,33x68,False,c96ef70cf6cc37b2a80345713c6d013b99dbe4487812f8d9c184e96301384ea2,2d/Character Pack Facial Hair/Facial hair/Black/facialHair_black (8).png,2d
e1d4e7f970fecd32,images/civilian/androgynous/clean_pixel/unknown/kenney_cc0_2d/action/e1d4e7f970fecd32_facialHair_black_9_.png,civilian,androgynous,unknown,clean_pixel,kenney_cc0_2d,https://github.com/shorepine/kenney,CC0,action,56x58,False,e1d4e7f970fecd32ce2f1739730709485b7355dc3a0efe5bdfc79523d141aaea,2d/Character Pack Facial Hair/Facial hair/Black/facialHair_black (9).png,2d
08557977750ee124,images/civilian/androgynous/clean_pixel/unknown/kenney_cc0_2d/action/08557977750ee124_facialHair_blonde_1_.png,civilian,androgynous,unknown,clean_pixel,kenney_cc0_2d,https://github.com/shorepine/kenney,CC0,action,41x12,False,08557977750ee124387975c30f3e7c9aa3211c2f93edea59832f020e67196e05,2d/Character Pack Facial Hair/Facial hair/Blonde/facialHair_blonde (1).png,2d
6b9c460586c7229a,images/civilian/androgynous/clean_pixel/unknown/kenney_cc0_2d/action/6b9c460586c7229a_facialHair_blonde_10_.png,civilian,androgynous,unknown,clean_pixel,kenney_cc0_2d,https://github.com/shorepine/kenney,CC0,action,45x36,False,6b9c460586c7229a10ee9b6c6e93fa6bbeef0f8a01a68c2502eab1761b10cf40,2d/Character Pack Facial Hair/Facial hair/Blonde/facialHair_blonde (10).png,2d
05e9b08790172e15,images/civilian/androgynous/clean_pixel/unknown/kenney_cc0_2d/action/05e9b08790172e15_facialHair_blonde_11_.png,civilian,androgynous,unknown,clean_pixel,kenney_cc0_2d,https://github.com/shorepine/kenney,CC0,action,42x18,False,05e9b08790172e15ffe9cd1d4239ecbf2c8bbf6d468ac52f387a667a8e5c7890,2d/Character Pack Facial Hair/Facial hair/Blonde/facialHair_blonde (11).png,2d
f03d8fe3d069f70a,images/civilian/androgynous/clean_pixel/unknown/kenney_cc0_2d/action/f03d8fe3d069f70a_facialHair_blonde_12_.png,civilian,androgynous,unknown,clean_pixel,kenney_cc0_2d,https://github.com/shorepine/kenney,CC0,action,42x48,False,f03d8fe3d069f70a46013fc2872412f73ed07a700ca34ade8d60bbe444a9220e,2d/Character Pack Facial Hair/Facial hair/Blonde/facialHair_blonde (12).png,2d
25b20037f1c08a6a,images/civilian/androgynous/clean_pixel/unknown/kenney_cc0_2d/action/25b20037f1c08a6a_facialHair_blonde_13_.png,civilian,androgynous,unknown,clean_pixel,kenney_cc0_2d,https://github.com/shorepine/kenney,CC0,action,42x30,False,25b20037f1c08a6a51a30accffee81119b22330282b46c62d487a9460a67f48b,2d/Character Pack Facial Hair/Facial hair/Blonde/facialHair_blonde (13).png,2d
03d2d632d2de77f7,images/civilian/androgynous/clean_pixel/unknown/kenney_cc0_2d/action/03d2d632d2de77f7_facialHair_blonde_14_.png,civilian,androgynous,unknown,clean_pixel,kenney_cc0_2d,https://github.com/shorepine/kenney,CC0,action,30x15,False,03d2d632d2de77f712ece9382c1e0d211c431a0b016830d1a21fb4ff02c74143,2d/Character Pack Facial Hair/Facial hair/Blonde/facialHair_blonde (14).png,2d
d7ed53f7c848af65,images/civilian/androgynous/clean_pixel/unknown/kenney_cc0_2d/action/d7ed53f7c848af65_facialHair_blonde_15_.png,civilian,androgynous,unknown,clean_pixel,kenney_cc0_2d,https://github.com/shorepine/kenney,CC0,action,29x8,False,d7ed53f7c848af652446c6d4cf9646bd2f3decc6eead9051d9b492410fd5d4b0,2d/Character Pack Facial Hair/Facial hair/Blonde/facialHair_blonde (15).png,2d
5dad02648e1e5f7e,images/civilian/androgynous/clean_pixel/unknown/kenney_cc0_2d/action/5dad02648e1e5f7e_facialHair_blonde_16_.png,civilian,androgynous,unknown,clean_pixel,kenney_cc0_2d,https://github.com/shorepine/kenney,CC0,action,6x8,False,5dad02648e1e5f7eea3b9c30f80a87cf4d811b3c41ef01b6f824fe8739821e80,2d/Character Pack Facial Hair/Facial hair/Blonde/facialHair_blonde (16).png,2d
3218df12a34f30cf,images/civilian/androgynous/clean_pixel/unknown/kenney_cc0_2d/action/3218df12a34f30cf_facialHair_blonde_2_.png,civilian,androgynous,unknown,clean_pixel,kenney_cc0_2d,https://github.com/shorepine/kenney,CC0,action,22x7,False,3218df12a34f30cf72bbef815abd087f37f1ebf61d441668a3a3c0ee69f4075b,2d/Character Pack Facial Hair/Facial hair/Blonde/facialHair_blonde (2).png,2d
ef5849170bae199c,images/civilian/androgynous/clean_pixel/unknown/kenney_cc0_2d/action/ef5849170bae199c_facialHair_blonde_3_.png,civilian,androgynous,unknown,clean_pixel,kenney_cc0_2d,https://github.com/shorepine/kenney,CC0,action,16x23,False,ef5849170bae199c4b199bc8d56f9500c8b0219f4357ebbbb20d27aec25d21e0,2d/Character Pack Facial Hair/Facial hair/Blonde/facialHair_blonde (3).png,2d
7d61aa3abdfbeace,images/civilian/androgynous/clean_pixel/unknown/kenney_cc0_2d/action/7d61aa3abdfbeace_facialHair_blonde_4_.png,civilian,androgynous,unknown,clean_pixel,kenney_cc0_2d,https://github.com/shorepine/kenney,CC0,action,48x24,False,7d61aa3abdfbeace9968874eb2346f881b7a52d73f8b718a479f6766bc3c1649,2d/Character Pack Facial Hair/Facial hair/Blonde/facialHair_blonde (4).png,2d
9d6b35f299f96de9,images/civilian/androgynous/clean_pixel/unknown/kenney_cc0_2d/action/9d6b35f299f96de9_facialHair_blonde_5_.png,civilian,androgynous,unknown,clean_pixel,kenney_cc0_2d,https://github.com/shorepine/kenney,CC0,action,24x42,False,9d6b35f299f96de9c8016bd632b2e8594ff2c7a0645ddfd1a8394b2230a7b3be,2d/Character Pack Facial Hair/Facial hair/Blonde/facialHair_blonde (5).png,2d
8c161dfd3766cdb1,images/civilian/androgynous/clean_pixel/unknown/kenney_cc0_2d/action/8c161dfd3766cdb1_facialHair_blonde_6_.png,civilian,androgynous,unknown,clean_pixel,kenney_cc0_2d,https://github.com/shorepine/kenney,CC0,action,48x30,False,8c161dfd3766cdb1e906ee7f89853a6ee8f1b73b44d61098f5774056badac5cc,2d/Character Pack Facial Hair/Facial hair/Blonde/facialHair_blonde (6).png,2d
e34614fa3e97cdae,images/civilian/androgynous/clean_pixel/unknown/kenney_cc0_2d/action/e34614fa3e97cdae_facialHair_blonde_7_.png,civilian,androgynous,unknown,clean_pixel,kenney_cc0_2d,https://github.com/shorepine/kenney,CC0,action,55x57,False,e34614fa3e97cdae0005dc674f146a20a25b87393147f45a59924506a9e2a8b9,2d/Character Pack Facial Hair/Facial hair/Blonde/facialHair_blonde (7).png,2d
7e85d76b1e8418da,images/civilian/androgynous/clean_pixel/unknown/kenney_cc0_2d/action/7e85d76b1e8418da_facialHair_blonde_8_.png,civilian,androgynous,unknown,clean_pixel,kenney_cc0_2d,https://github.com/shorepine/kenney,CC0,action,33x68,False,7e85d76b1e8418daf9f1fdfaa5ee8c98da5d00a726323b78a83096997495c6e1,2d/Character Pack Facial Hair/Facial hair/Blonde/facialHair_blonde (8).png,2d
c4296361e8c39e7e,images/civilian/androgynous/clean_pixel/unknown/kenney_cc0_2d/action/c4296361e8c39e7e_facialHair_blonde_9_.png,civilian,androgynous,unknown,clean_pixel,kenney_cc0_2d,https://github.com/shorepine/kenney,CC0,action,56x58,False,c4296361e8c39e7ef0c99b31b17dcd92c7210bf141d87d30030791f31778c104,2d/Character Pack Facial Hair/Facial hair/Blonde/facialHair_blonde (9).png,2d
c25a84a3e2216af7,images/civilian/androgynous/clean_pixel/unknown/kenney_cc0_2d/action/c25a84a3e2216af7_facialHair_brown_1_.png,civilian,androgynous,unknown,clean_pixel,kenney_cc0_2d,https://github.com/shorepine/kenney,CC0,action,41x12,False,c25a84a3e2216af75a56b9b1e5c316930b050419e6702c4fef447817198431af,2d/Character Pack Facial Hair/Facial hair/Brown 1/facialHair_brown (1).png,2d
5e5200b329bfd519,images/civilian/androgynous/clean_pixel/unknown/kenney_cc0_2d/action/5e5200b329bfd519_facialHair_brown_10_.png,civilian,androgynous,unknown,clean_pixel,kenney_cc0_2d,https://github.com/shorepine/kenney,CC0,action,45x36,False,5e5200b329bfd5191701b6479564302ff9699500465151e8d16af8cec4b6a6b7,2d/Character Pack Facial Hair/Facial hair/Brown 1/facialHair_brown (10).png,2d
3870da95f49fcc62,images/civilian/androgynous/clean_pixel/unknown/kenney_cc0_2d/action/3870da95f49fcc62_facialHair_brown_11_.png,civilian,androgynous,unknown,clean_pixel,kenney_cc0_2d,https://github.com/shorepine/kenney,CC0,action,42x18,False,3870da95f49fcc6229f7e1f9ee143e4b5f58bfc96f9e9f8c3c4bb9a8659efe4e,2d/Character Pack Facial Hair/Facial hair/Brown 1/facialHair_brown (11).png,2d
0a8a64a2cac06d3c,images/civilian/androgynous/clean_pixel/unknown/kenney_cc0_2d/action/0a8a64a2cac06d3c_facialHair_brown_12_.png,civilian,androgynous,unknown,clean_pixel,kenney_cc0_2d,https://github.com/shorepine/kenney,CC0,action,42x48,False,0a8a64a2cac06d3c3032c0ddf740121bb1a2213de1d7c71ad9c5880fb3072fc0,2d/Character Pack Facial Hair/Facial hair/Brown 1/facialHair_brown (12).png,2d
2aa20b787c462670,images/civilian/androgynous/clean_pixel/unknown/kenney_cc0_2d/action/2aa20b787c462670_facialHair_brown_13_.png,civilian,androgynous,unknown,clean_pixel,kenney_cc0_2d,https://github.com/shorepine/kenney,CC0,action,42x30,False,2aa20b787c4626701febb5329c4cff3d6f659c32f047ed368efd70f31c311d37,2d/Character Pack Facial Hair/Facial hair/Brown 1/facialHair_brown (13).png,2d
1ab9997a01f38ab3,images/civilian/androgynous/clean_pixel/unknown/kenney_cc0_2d/action/1ab9997a01f38ab3_facialHair_brown_14_.png,civilian,androgynous,unknown,clean_pixel,kenney_cc0_2d,https://github.com/shorepine/kenney,CC0,action,30x15,False,1ab9997a01f38ab3325134aa59209b60b3c243a9481b5abd8f0bb65911b2de87,2d/Character Pack Facial Hair/Facial hair/Brown 1/facialHair_brown (14).png,2d
cbe36273336a7e95,images/civilian/androgynous/clean_pixel/unknown/kenney_cc0_2d/action/cbe36273336a7e95_facialHair_brown_15_.png,civilian,androgynous,unknown,clean_pixel,kenney_cc0_2d,https://github.com/shorepine/kenney,CC0,action,29x8,False,cbe36273336a7e9599a7da7409cc44f0fe386fe9f1df55edc7ef76b680eb4113,2d/Character Pack Facial Hair/Facial hair/Brown 1/facialHair_brown (15).png,2d
c2f4d32093b719df,images/civilian/androgynous/clean_pixel/unknown/kenney_cc0_2d/action/c2f4d32093b719df_facialHair_brown_16_.png,civilian,androgynous,unknown,clean_pixel,kenney_cc0_2d,https://github.com/shorepine/kenney,CC0,action,6x8,False,c2f4d32093b719df41463b11e600c2ee971ca8f7852938e5f095faf3c11acaef,2d/Character Pack Facial Hair/Facial hair/Brown 1/facialHair_brown (16).png,2d
a3bf8d53f75ceae9,images/civilian/androgynous/clean_pixel/unknown/kenney_cc0_2d/action/a3bf8d53f75ceae9_facialHair_brown_2_.png,civilian,androgynous,unknown,clean_pixel,kenney_cc0_2d,https://github.com/shorepine/kenney,CC0,action,22x7,False,a3bf8d53f75ceae9002d3bac44687925d45d11ce7796797e24ac91d4be85d053,2d/Character Pack Facial Hair/Facial hair/Brown 1/facialHair_brown (2).png,2d
84eb5e05c3ae70cd,images/civilian/androgynous/clean_pixel/unknown/kenney_cc0_2d/action/84eb5e05c3ae70cd_facialHair_brown_3_.png,civilian,androgynous,unknown,clean_pixel,kenney_cc0_2d,https://github.com/shorepine/kenney,CC0,action,16x23,False,84eb5e05c3ae70cddd39a0cf568a6f58bfc32dc253f5430631266608ef376c0f,2d/Character Pack Facial Hair/Facial hair/Brown 1/facialHair_brown (3).png,2d
ea2170a36cbf1944,images/civilian/androgynous/clean_pixel/unknown/kenney_cc0_2d/action/ea2170a36cbf1944_facialHair_brown_4_.png,civilian,androgynous,unknown,clean_pixel,kenney_cc0_2d,https://github.com/shorepine/kenney,CC0,action,48x24,False,ea2170a36cbf19449766cf1a46129e07b0a23b5d0cd12a7b3742c3a70dc901ea,2d/Character Pack Facial Hair/Facial hair/Brown 1/facialHair_brown (4).png,2d
ec706cdb87dce640,images/civilian/androgynous/clean_pixel/unknown/kenney_cc0_2d/action/ec706cdb87dce640_facialHair_brown_5_.png,civilian,androgynous,unknown,clean_pixel,kenney_cc0_2d,https://github.com/shorepine/kenney,CC0,action,24x42,False,ec706cdb87dce6400cdcf48998af65990b244a5446a84630d6d17752258a4512,2d/Character Pack Facial Hair/Facial hair/Brown 1/facialHair_brown (5).png,2d
f77a9c8b5a670cd6,images/civilian/androgynous/clean_pixel/unknown/kenney_cc0_2d/action/f77a9c8b5a670cd6_facialHair_brown_6_.png,civilian,androgynous,unknown,clean_pixel,kenney_cc0_2d,https://github.com/shorepine/kenney,CC0,action,48x30,False,f77a9c8b5a670cd619738a3a8a5d51536c3cc9de1d1989f1c76e519cc620a790,2d/Character Pack Facial Hair/Facial hair/Brown 1/facialHair_brown (6).png,2d
c2029978073189e2,images/civilian/androgynous/clean_pixel/unknown/kenney_cc0_2d/action/c2029978073189e2_facialHair_brown_7_.png,civilian,androgynous,unknown,clean_pixel,kenney_cc0_2d,https://github.com/shorepine/kenney,CC0,action,55x57,False,c2029978073189e2501b53a5b6f60e156c1312b99b7b20de4c0aa05b71363448,2d/Character Pack Facial Hair/Facial hair/Brown 1/facialHair_brown (7).png,2d
db7e5e9c59add6c5,images/civilian/androgynous/clean_pixel/unknown/kenney_cc0_2d/action/db7e5e9c59add6c5_facialHair_brown_8_.png,civilian,androgynous,unknown,clean_pixel,kenney_cc0_2d,https://github.com/shorepine/kenney,CC0,action,33x68,False,db7e5e9c59add6c58b75fb61b9368d7b300393a22c3fd14e5077e15abd385bc5,2d/Character Pack Facial Hair/Facial hair/Brown 1/facialHair_brown (8).png,2d
dab22c631ec0011f,images/civilian/androgynous/clean_pixel/unknown/kenney_cc0_2d/action/dab22c631ec0011f_facialHair_brown_9_.png,civilian,androgynous,unknown,clean_pixel,kenney_cc0_2d,https://github.com/shorepine/kenney,CC0,action,56x58,False,dab22c631ec0011f89acebae86ce16812d1da614c1d353b4aeb705b9e060e463,2d/Character Pack Facial Hair/Facial hair/Brown 1/facialHair_brown (9).png,2d
d97cd812f99a2543,images/civilian/androgynous/clean_pixel/unknown/kenney_cc0_2d/action/d97cd812f99a2543_facialHair_brownAlt_1_.png,civilian,androgynous,unknown,clean_pixel,kenney_cc0_2d,https://github.com/shorepine/kenney,CC0,action,41x12,False,d97cd812f99a2543ac72990e6e3a1d5cc847053f8d5d62b69e856f15c991e09b,2d/Character Pack Facial Hair/Facial hair/Brown 2/facialHair_brownAlt (1).png,2d
5115e8431848c331,images/civilian/androgynous/clean_pixel/unknown/kenney_cc0_2d/action/5115e8431848c331_facialHair_brownAlt_10_.png,civilian,androgynous,unknown,clean_pixel,kenney_cc0_2d,https://github.com/shorepine/kenney,CC0,action,45x36,False,5115e8431848c33128f9ff9afe6becdd66b6d325cd79971318c7ee849d35f050,2d/Character Pack Facial Hair/Facial hair/Brown 2/facialHair_brownAlt (10).png,2d
d20015a66b5cf4f2,images/civilian/androgynous/clean_pixel/unknown/kenney_cc0_2d/action/d20015a66b5cf4f2_facialHair_brownAlt_11_.png,civilian,androgynous,unknown,clean_pixel,kenney_cc0_2d,https://github.com/shorepine/kenney,CC0,action,42x18,False,d20015a66b5cf4f2e86daff11386bae96d941e5341a776ed14307cb74cd55165,2d/Character Pack Facial Hair/Facial hair/Brown 2/facialHair_brownAlt (11).png,2d
698f15bff44a39ce,images/civilian/androgynous/clean_pixel/unknown/kenney_cc0_2d/action/698f15bff44a39ce_facialHair_brownAlt_12_.png,civilian,androgynous,unknown,clean_pixel,kenney_cc0_2d,https://github.com/shorepine/kenney,CC0,action,42x48,False,698f15bff44a39ce29200adad6988471096ad233255d3571aab695dcfa25ad72,2d/Character Pack Facial Hair/Facial hair/Brown 2/facialHair_brownAlt (12).png,2d
29a4f198dc8cb70e,images/civilian/androgynous/clean_pixel/unknown/kenney_cc0_2d/action/29a4f198dc8cb70e_facialHair_brownAlt_13_.png,civilian,androgynous,unknown,clean_pixel,kenney_cc0_2d,https://github.com/shorepine/kenney,CC0,action,42x30,False,29a4f198dc8cb70ee99208c9499f909a6427e44ac305659a100096e09fcf7afc,2d/Character Pack Facial Hair/Facial hair/Brown 2/facialHair_brownAlt (13).png,2d
179052babb29b0f5,images/civilian/androgynous/clean_pixel/unknown/kenney_cc0_2d/action/179052babb29b0f5_facialHair_brownAlt_14_.png,civilian,androgynous,unknown,clean_pixel,kenney_cc0_2d,https://github.com/shorepine/kenney,CC0,action,30x15,False,179052babb29b0f5d348e48e39cde9c3364aacb78f5fa63c67d8d45fac58341c,2d/Character Pack Facial Hair/Facial hair/Brown 2/facialHair_brownAlt (14).png,2d
2ac57599e5fd4a2e,images/civilian/androgynous/clean_pixel/unknown/kenney_cc0_2d/action/2ac57599e5fd4a2e_facialHair_brownAlt_15_.png,civilian,androgynous,unknown,clean_pixel,kenney_cc0_2d,https://github.com/shorepine/kenney,CC0,action,29x8,False,2ac57599e5fd4a2e5cc5deb2c056b8d350668c25151686e4c534d7bbe864ddc2,2d/Character Pack Facial Hair/Facial hair/Brown 2/facialHair_brownAlt (15).png,2d
9ad58dff277b28d0,images/civilian/androgynous/clean_pixel/unknown/kenney_cc0_2d/action/9ad58dff277b28d0_facialHair_brownAlt_16_.png,civilian,androgynous,unknown,clean_pixel,kenney_cc0_2d,https://github.com/shorepine/kenney,CC0,action,6x8,False,9ad58dff277b28d0ceacbbbaee33ff9a1012048eb8cf238e5d7d8ce42cea5b93,2d/Character Pack Facial Hair/Facial hair/Brown 2/facialHair_brownAlt (16).png,2d
fc834f32ce427065,images/civilian/androgynous/clean_pixel/unknown/kenney_cc0_2d/action/fc834f32ce427065_facialHair_brownAlt_2_.png,civilian,androgynous,unknown,clean_pixel,kenney_cc0_2d,https://github.com/shorepine/kenney,CC0,action,22x7,False,fc834f32ce42706576ec2c5288cffe146e6e463c728746aaddfb337454c2ecae,2d/Character Pack Facial Hair/Facial hair/Brown 2/facialHair_brownAlt (2).png,2d
3c9c560a56509a11,images/civilian/androgynous/clean_pixel/unknown/kenney_cc0_2d/action/3c9c560a56509a11_facialHair_brownAlt_3_.png,civilian,androgynous,unknown,clean_pixel,kenney_cc0_2d,https://github.com/shorepine/kenney,CC0,action,16x23,False,3c9c560a56509a1101630bb00047c1d16ba765ca3066d6d8bbb92ab738f0468b,2d/Character Pack Facial Hair/Facial hair/Brown 2/facialHair_brownAlt (3).png,2d
579dbdc9d2d9c0da,images/civilian/androgynous/clean_pixel/unknown/kenney_cc0_2d/action/579dbdc9d2d9c0da_facialHair_brownAlt_4_.png,civilian,androgynous,unknown,clean_pixel,kenney_cc0_2d,https://github.com/shorepine/kenney,CC0,action,48x24,False,579dbdc9d2d9c0da59817ab3eae441ce059f000581ac946e2a551410f225c21a,2d/Character Pack Facial Hair/Facial hair/Brown 2/facialHair_brownAlt (4).png,2d
a70b2c51cc7b637b,images/civilian/androgynous/clean_pixel/unknown/kenney_cc0_2d/action/a70b2c51cc7b637b_facialHair_brownAlt_5_.png,civilian,androgynous,unknown,clean_pixel,kenney_cc0_2d,https://github.com/shorepine/kenney,CC0,action,24x42,False,a70b2c51cc7b637b2fd9f742dab38c356d9d23eeb4e6374c16c7893f7e216d75,2d/Character Pack Facial Hair/Facial hair/Brown 2/facialHair_brownAlt (5).png,2d
2a4298378cc147bc,images/civilian/androgynous/clean_pixel/unknown/kenney_cc0_2d/action/2a4298378cc147bc_facialHair_brownAlt_6_.png,civilian,androgynous,unknown,clean_pixel,kenney_cc0_2d,https://github.com/shorepine/kenney,CC0,action,48x30,False,2a4298378cc147bcee32aa12bb5b5564749f8f878e77d08d7c3731531bf161ea,2d/Character Pack Facial Hair/Facial hair/Brown 2/facialHair_brownAlt (6).png,2d
45ab7cbd2e08be81,images/civilian/androgynous/clean_pixel/unknown/kenney_cc0_2d/action/45ab7cbd2e08be81_facialHair_brownAlt_7_.png,civilian,androgynous,unknown,clean_pixel,kenney_cc0_2d,https://github.com/shorepine/kenney,CC0,action,55x57,False,45ab7cbd2e08be81b17bc131d22a6f7131f43d69f727d71b0e2ad3e35364abdc,2d/Character Pack Facial Hair/Facial hair/Brown 2/facialHair_brownAlt (7).png,2d
691a5730622e39d1,images/civilian/androgynous/clean_pixel/unknown/kenney_cc0_2d/action/691a5730622e39d1_facialHair_brownAlt_8_.png,civilian,androgynous,unknown,clean_pixel,kenney_cc0_2d,https://github.com/shorepine/kenney,CC0,action,33x68,False,691a5730622e39d1f61887c46aed787faf8296ddc87ce6ad4df9d5ea04ea8fe7,2d/Character Pack Facial Hair/Facial hair/Brown 2/facialHair_brownAlt (8).png,2d
067e17734b8e2059,images/civilian/androgynous/clean_pixel/unknown/kenney_cc0_2d/action/067e17734b8e2059_facialHair_brownAlt_9_.png,civilian,androgynous,unknown,clean_pixel,kenney_cc0_2d,https://github.com/shorepine/kenney,CC0,action,56x58,False,067e17734b8e2059e635e2b35df923601879fb83b0d25cdfb84d9b19e93a5d9c,2d/Character Pack Facial Hair/Facial hair/Brown 2/facialHair_brownAlt (9).png,2d
8a7b74674386fa72,images/civilian/androgynous/clean_pixel/unknown/kenney_cc0_2d/action/8a7b74674386fa72_facialHair_grey_1_.png,civilian,androgynous,unknown,clean_pixel,kenney_cc0_2d,https://github.com/shorepine/kenney,CC0,action,24x42,False,8a7b74674386fa72f4a06ba819ad6dfdd38cad0f0927bc085eef06266bd93720,2d/Character Pack Facial Hair/Facial hair/Grey/facialHair_grey (1).png,2d
056bdecb8573d78d,images/civilian/androgynous/clean_pixel/unknown/kenney_cc0_2d/action/056bdecb8573d78d_facialHair_grey_10_.png,civilian,androgynous,unknown,clean_pixel,kenney_cc0_2d,https://github.com/shorepine/kenney,CC0,action,30x15,False,056bdecb8573d78dcbb6c09497060ab8fd750ca7dbc91625f4bb989476cf7b66,2d/Character Pack Facial Hair/Facial hair/Grey/facialHair_grey (10).png,2d
fce93e7f8fbb7fb7,images/civilian/androgynous/clean_pixel/unknown/kenney_cc0_2d/action/fce93e7f8fbb7fb7_facialHair_grey_11_.png,civilian,androgynous,unknown,clean_pixel,kenney_cc0_2d,https://github.com/shorepine/kenney,CC0,action,29x8,False,fce93e7f8fbb7fb72d887ff342ef0ed17b03bdbdabc042da65740696f70dc9be,2d/Character Pack Facial Hair/Facial hair/Grey/facialHair_grey (11).png,2d
3d819fbc5c8e4e83,images/civilian/androgynous/clean_pixel/unknown/kenney_cc0_2d/action/3d819fbc5c8e4e83_facialHair_grey_12_.png,civilian,androgynous,unknown,clean_pixel,kenney_cc0_2d,https://github.com/shorepine/kenney,CC0,action,6x8,False,3d819fbc5c8e4e8364653ba97378d796adf272500ac9b34a7e47bb86af87b0ce,2d/Character Pack Facial Hair/Facial hair/Grey/facialHair_grey (12).png,2d
a592d6f3a8eac0cd,images/civilian/androgynous/clean_pixel/unknown/kenney_cc0_2d/action/a592d6f3a8eac0cd_facialHair_grey_13_.png,civilian,androgynous,unknown,clean_pixel,kenney_cc0_2d,https://github.com/shorepine/kenney,CC0,action,41x12,False,a592d6f3a8eac0cd03d1d982a03d78420bad8f670cefb6929fd5994e026ecb38,2d/Character Pack Facial Hair/Facial hair/Grey/facialHair_grey (13).png,2d
348a1ad1d343a24d,images/civilian/androgynous/clean_pixel/unknown/kenney_cc0_2d/action/348a1ad1d343a24d_facialHair_grey_14_.png,civilian,androgynous,unknown,clean_pixel,kenney_cc0_2d,https://github.com/shorepine/kenney,CC0,action,22x7,False,348a1ad1d343a24dbb4523cdc59e629590e5b3675596c59e5b89c713a314a596,2d/Character Pack Facial Hair/Facial hair/Grey/facialHair_grey (14).png,2d
075eaaca2759db89,images/civilian/androgynous/clean_pixel/unknown/kenney_cc0_2d/action/075eaaca2759db89_facialHair_grey_15_.png,civilian,androgynous,unknown,clean_pixel,kenney_cc0_2d,https://github.com/shorepine/kenney,CC0,action,16x23,False,075eaaca2759db8941070e3a2a72a54c808fdb89b111f55abba548dbeb5badc0,2d/Character Pack Facial Hair/Facial hair/Grey/facialHair_grey (15).png,2d
fd506080487a9915,images/civilian/androgynous/clean_pixel/unknown/kenney_cc0_2d/action/fd506080487a9915_facialHair_grey_16_.png,civilian,androgynous,unknown,clean_pixel,kenney_cc0_2d,https://github.com/shorepine/kenney,CC0,action,48x24,False,fd506080487a991521fd161f30e6cd5abdc49ea21ccea450952069efa965a73e,2d/Character Pack Facial Hair/Facial hair/Grey/facialHair_grey (16).png,2d
8fd8f46aa0a9ff24,images/civilian/androgynous/clean_pixel/unknown/kenney_cc0_2d/action/8fd8f46aa0a9ff24_facialHair_grey_2_.png,civilian,androgynous,unknown,clean_pixel,kenney_cc0_2d,https://github.com/shorepine/kenney,CC0,action,48x30,False,8fd8f46aa0a9ff24e9debf546ffd902b36da77f6c4e31dc43717f21705a61c94,2d/Character Pack Facial Hair/Facial hair/Grey/facialHair_grey (2).png,2d
66afea9b814fe946,images/civilian/androgynous/clean_pixel/unknown/kenney_cc0_2d/action/66afea9b814fe946_facialHair_grey_3_.png,civilian,androgynous,unknown,clean_pixel,kenney_cc0_2d,https://github.com/shorepine/kenney,CC0,action,55x57,False,66afea9b814fe946dd209518685fc1a6bc8e7b4ef6549d22115103e0d5cb464f,2d/Character Pack Facial Hair/Facial hair/Grey/facialHair_grey (3).png,2d
0478482239b1b53a,images/civilian/androgynous/clean_pixel/unknown/kenney_cc0_2d/action/0478482239b1b53a_facialHair_grey_4_.png,civilian,androgynous,unknown,clean_pixel,kenney_cc0_2d,https://github.com/shorepine/kenney,CC0,action,33x68,False,0478482239b1b53ac5042da9e9abd2194e501b8b76f27ed3df144377699f2e89,2d/Character Pack Facial Hair/Facial hair/Grey/facialHair_grey (4).png,2d
a06c3292e0b29ca2,images/civilian/androgynous/clean_pixel/unknown/kenney_cc0_2d/action/a06c3292e0b29ca2_facialHair_grey_5_.png,civilian,androgynous,unknown,clean_pixel,kenney_cc0_2d,https://github.com/shorepine/kenney,CC0,action,56x58,False,a06c3292e0b29ca206e210f4c622a4c9ae2f9ebb37abcb278f2fa9f6f6e38e5a,2d/Character Pack Facial Hair/Facial hair/Grey/facialHair_grey (5).png,2d
6118715899e70289,images/civilian/androgynous/clean_pixel/unknown/kenney_cc0_2d/action/6118715899e70289_facialHair_grey_6_.png,civilian,androgynous,unknown,clean_pixel,kenney_cc0_2d,https://github.com/shorepine/kenney,CC0,action,45x36,False,6118715899e702892d8c9fb4c8accaf31ae5b4ed59d69c1725280ecdf33d3279,2d/Character Pack Facial Hair/Facial hair/Grey/facialHair_grey (6).png,2d
8f0ea4024d6da395,images/civilian/androgynous/clean_pixel/unknown/kenney_cc0_2d/action/8f0ea4024d6da395_facialHair_grey_7_.png,civilian,androgynous,unknown,clean_pixel,kenney_cc0_2d,https://github.com/shorepine/kenney,CC0,action,42x18,False,8f0ea4024d6da395577b75786f107ea50748a5197055a1ad408a6dc1e1bbc34c,2d/Character Pack Facial Hair/Facial hair/Grey/facialHair_grey (7).png,2d
e4fd300c07ffd49b,images/civilian/androgynous/clean_pixel/unknown/kenney_cc0_2d/action/e4fd300c07ffd49b_facialHair_grey_8_.png,civilian,androgynous,unknown,clean_pixel,kenney_cc0_2d,https://github.com/shorepine/kenney,CC0,action,42x48,False,e4fd300c07ffd49bc794517327a6a48139bb1599f9d5b6e6784d52660fa714c6,2d/Character Pack Facial Hair/Facial hair/Grey/facialHair_grey (8).png,2d
d7baeb428ad68668,images/civilian/androgynous/clean_pixel/unknown/kenney_cc0_2d/action/d7baeb428ad68668_facialHair_grey_9_.png,civilian,androgynous,unknown,clean_pixel,kenney_cc0_2d,https://github.com/shorepine/kenney,CC0,action,42x30,False,d7baeb428ad68668c1d1bd3d6431f6ca408782875c3110de7ae9f61c4c3a9b70,2d/Character Pack Facial Hair/Facial hair/Grey/facialHair_grey (9).png,2d
1b93e4c8f10fdb60,images/civilian/androgynous/clean_pixel/unknown/kenney_cc0_2d/action/1b93e4c8f10fdb60_facialHair_red_1_.png,civilian,androgynous,unknown,clean_pixel,kenney_cc0_2d,https://github.com/shorepine/kenney,CC0,action,41x12,False,1b93e4c8f10fdb6003f1aab766c7535d22847460b4739f3f19c1758f7f9775e1,2d/Character Pack Facial Hair/Facial hair/Red/facialHair_red (1).png,2d
b61a7cf57e1bac66,images/civilian/androgynous/clean_pixel/unknown/kenney_cc0_2d/action/b61a7cf57e1bac66_facialHair_red_10_.png,civilian,androgynous,unknown,clean_pixel,kenney_cc0_2d,https://github.com/shorepine/kenney,CC0,action,45x36,False,b61a7cf57e1bac6686ab34859ca96b4d97f484ac9fc7fd73a900c5f0b1ef9126,2d/Character Pack Facial Hair/Facial hair/Red/facialHair_red (10).png,2d
085f8a965026cb08,images/civilian/androgynous/clean_pixel/unknown/kenney_cc0_2d/action/085f8a965026cb08_facialHair_red_11_.png,civilian,androgynous,unknown,clean_pixel,kenney_cc0_2d,https://github.com/shorepine/kenney,CC0,action,42x18,False,085f8a965026cb08efaed299987a77ec9e2e976984864587f704c20fdbdf9a8f,2d/Character Pack Facial Hair/Facial hair/Red/facialHair_red (11).png,2d
8219e4784400fc71,images/civilian/androgynous/clean_pixel/unknown/kenney_cc0_2d/action/8219e4784400fc71_facialHair_red_12_.png,civilian,androgynous,unknown,clean_pixel,kenney_cc0_2d,https://github.com/shorepine/kenney,CC0,action,42x48,False,8219e4784400fc716884101c310bf8e70d2afd74bcf0bdec6a1b34511a3b5e5e,2d/Character Pack Facial Hair/Facial hair/Red/facialHair_red (12).png,2d
a61709f530a90a6f,images/civilian/androgynous/clean_pixel/unknown/kenney_cc0_2d/action/a61709f530a90a6f_facialHair_red_13_.png,civilian,androgynous,unknown,clean_pixel,kenney_cc0_2d,https://github.com/shorepine/kenney,CC0,action,42x30,False,a61709f530a90a6f9475fcd4c28759cf560f01237c510295c831570f31e59481,2d/Character Pack Facial Hair/Facial hair/Red/facialHair_red (13).png,2d
e9b3a7f7d9527e3b,images/civilian/androgynous/clean_pixel/unknown/kenney_cc0_2d/action/e9b3a7f7d9527e3b_facialHair_red_14_.png,civilian,androgynous,unknown,clean_pixel,kenney_cc0_2d,https://github.com/shorepine/kenney,CC0,action,30x15,False,e9b3a7f7d9527e3bf2cdd3b12463019ad4e8045b1ba3c3eeda91688caf13f243,2d/Character Pack Facial Hair/Facial hair/Red/facialHair_red (14).png,2d
68a3e0d9b3880121,images/civilian/androgynous/clean_pixel/unknown/kenney_cc0_2d/action/68a3e0d9b3880121_facialHair_red_15_.png,civilian,androgynous,unknown,clean_pixel,kenney_cc0_2d,https://github.com/shorepine/kenney,CC0,action,29x8,False,68a3e0d9b3880121e705092d251423f2603b14d51da58b19f85738c2bb40b172,2d/Character Pack Facial Hair/Facial hair/Red/facialHair_red (15).png,2d
81ff58070820a743,images/civilian/androgynous/clean_pixel/unknown/kenney_cc0_2d/action/81ff58070820a743_facialHair_red_16_.png,civilian,androgynous,unknown,clean_pixel,kenney_cc0_2d,https://github.com/shorepine/kenney,CC0,action,6x8,False,81ff58070820a743ad7eae82fc86e6792091d2e93ead6dddc28b607264106d3d,2d/Character Pack Facial Hair/Facial hair/Red/facialHair_red (16).png,2d
2da043b21208369a,images/civilian/androgynous/clean_pixel/unknown/kenney_cc0_2d/action/2da043b21208369a_facialHair_red_2_.png,civilian,androgynous,unknown,clean_pixel,kenney_cc0_2d,https://github.com/shorepine/kenney,CC0,action,22x7,False,2da043b21208369ad4f053a3eac18e78b56f54197c269047d23be221df686714,2d/Character Pack Facial Hair/Facial hair/Red/facialHair_red (2).png,2d
bd5331dda32aa237,images/civilian/androgynous/clean_pixel/unknown/kenney_cc0_2d/action/bd5331dda32aa237_facialHair_red_3_.png,civilian,androgynous,unknown,clean_pixel,kenney_cc0_2d,https://github.com/shorepine/kenney,CC0,action,16x23,False,bd5331dda32aa237e0f05699df6692c7aef94aa7bc82645bd9ef44a724700a3a,2d/Character Pack Facial Hair/Facial hair/Red/facialHair_red (3).png,2d
348507613142e8c5,images/civilian/androgynous/clean_pixel/unknown/kenney_cc0_2d/action/348507613142e8c5_facialHair_red_4_.png,civilian,androgynous,unknown,clean_pixel,kenney_cc0_2d,https://github.com/shorepine/kenney,CC0,action,48x24,False,348507613142e8c50a9a4428ab1d5ee56fc27cba0c7e80c32a173d295d6a1633,2d/Character Pack Facial Hair/Facial hair/Red/facialHair_red (4).png,2d
75f488c63fafc19d,images/civilian/androgynous/clean_pixel/unknown/kenney_cc0_2d/action/75f488c63fafc19d_facialHair_red_5_.png,civilian,androgynous,unknown,clean_pixel,kenney_cc0_2d,https://github.com/shorepine/kenney,CC0,action,24x42,False,75f488c63fafc19dfa783f4f47c20e6efe7fbef1f62ce4487dd1ae8607e4217d,2d/Character Pack Facial Hair/Facial hair/Red/facialHair_red (5).png,2d
40b549740473f7f2,images/civilian/androgynous/clean_pixel/unknown/kenney_cc0_2d/action/40b549740473f7f2_facialHair_red_6_.png,civilian,androgynous,unknown,clean_pixel,kenney_cc0_2d,https://github.com/shorepine/kenney,CC0,action,48x30,False,40b549740473f7f25a41bf766c5391e915e49bf5c6a50ab43ad86b1c4ddb3e31,2d/Character Pack Facial Hair/Facial hair/Red/facialHair_red (6).png,2d
6c3a2e05bd7e4a46,images/civilian/androgynous/clean_pixel/unknown/kenney_cc0_2d/action/6c3a2e05bd7e4a46_facialHair_red_7_.png,civilian,androgynous,unknown,clean_pixel,kenney_cc0_2d,https://github.com/shorepine/kenney,CC0,action,55x57,False,6c3a2e05bd7e4a46c242c46fd9a6a8120f9c2cdf839a0c618d17eca0dec6b641,2d/Character Pack Facial Hair/Facial hair/Red/facialHair_red (7).png,2d
bbd0e8268a5abf32,images/civilian/androgynous/clean_pixel/unknown/kenney_cc0_2d/action/bbd0e8268a5abf32_facialHair_red_8_.png,civilian,androgynous,unknown,clean_pixel,kenney_cc0_2d,https://github.com/shorepine/kenney,CC0,action,33x68,False,bbd0e8268a5abf3203ec37e4214212aad20a66e0e1fd45d142d0b91a71ea9269,2d/Character Pack Facial Hair/Facial hair/Red/facialHair_red (8).png,2d
921001b5ca4ba973,images/civilian/androgynous/clean_pixel/unknown/kenney_cc0_2d/action/921001b5ca4ba973_facialHair_red_9_.png,civilian,androgynous,unknown,clean_pixel,kenney_cc0_2d,https://github.com/shorepine/kenney,CC0,action,56x58,False,921001b5ca4ba973f48b3a273ee50abacfc8db87ac714f2935c239f73d298398,2d/Character Pack Facial Hair/Facial hair/Red/facialHair_red (9).png,2d
c3a689fd5b6d40c4,images/civilian/androgynous/clean_pixel/unknown/kenney_cc0_2d/action/c3a689fd5b6d40c4_facialHair_tan_1_.png,civilian,androgynous,unknown,clean_pixel,kenney_cc0_2d,https://github.com/shorepine/kenney,CC0,action,41x12,False,c3a689fd5b6d40c4197ded995a4198c135d117a5d4df2d5d5de8c925699070d2,2d/Character Pack Facial Hair/Facial hair/Tan/facialHair_tan (1).png,2d
6572b8a630726dee,images/civilian/androgynous/clean_pixel/unknown/kenney_cc0_2d/action/6572b8a630726dee_facialHair_tan_10_.png,civilian,androgynous,unknown,clean_pixel,kenney_cc0_2d,https://github.com/shorepine/kenney,CC0,action,45x36,False,6572b8a630726deeeb701321b822dd4838bf8a1ddd4621d95628531233c39d6b,2d/Character Pack Facial Hair/Facial hair/Tan/facialHair_tan (10).png,2d
bc4c8bf6a70e2734,images/civilian/androgynous/clean_pixel/unknown/kenney_cc0_2d/action/bc4c8bf6a70e2734_facialHair_tan_11_.png,civilian,androgynous,unknown,clean_pixel,kenney_cc0_2d,https://github.com/shorepine/kenney,CC0,action,42x18,False,bc4c8bf6a70e27340da08edd55ceda32a0bce36b4c00a40c803d7bc4fa8e500c,2d/Character Pack Facial Hair/Facial hair/Tan/facialHair_tan (11).png,2d
a766f02637f4cddc,images/civilian/androgynous/clean_pixel/unknown/kenney_cc0_2d/action/a766f02637f4cddc_facialHair_tan_12_.png,civilian,androgynous,unknown,clean_pixel,kenney_cc0_2d,https://github.com/shorepine/kenney,CC0,action,42x48,False,a766f02637f4cddcc860235956aba423d993959e73f1243441818594bf775f58,2d/Character Pack Facial Hair/Facial hair/Tan/facialHair_tan (12).png,2d
0d0b85b8aeecbed8,images/civilian/androgynous/clean_pixel/unknown/kenney_cc0_2d/action/0d0b85b8aeecbed8_facialHair_tan_13_.png,civilian,androgynous,unknown,clean_pixel,kenney_cc0_2d,https://github.com/shorepine/kenney,CC0,action,42x30,False,0d0b85b8aeecbed8bc1fe8e6852f6632d8082db7cf4ecbcac29eeb9283ae15c4,2d/Character Pack Facial Hair/Facial hair/Tan/facialHair_tan (13).png,2d
2191d1a8517686fc,images/civilian/androgynous/clean_pixel/unknown/kenney_cc0_2d/action/2191d1a8517686fc_facialHair_tan_14_.png,civilian,androgynous,unknown,clean_pixel,kenney_cc0_2d,https://github.com/shorepine/kenney,CC0,action,30x15,False,2191d1a8517686fc16a09e61df708592b8c2d92be00ad92815ba9b4133e721a2,2d/Character Pack Facial Hair/Facial hair/Tan/facialHair_tan (14).png,2d
4c94e5c36710d6ab,images/civilian/androgynous/clean_pixel/unknown/kenney_cc0_2d/action/4c94e5c36710d6ab_facialHair_tan_15_.png,civilian,androgynous,unknown,clean_pixel,kenney_cc0_2d,https://github.com/shorepine/kenney,CC0,action,29x8,False,4c94e5c36710d6ab95b930f700d569495052ff6c75b569a2c27fb5a9ce99e6a0,2d/Character Pack Facial Hair/Facial hair/Tan/facialHair_tan (15).png,2d
c051415c1375eb6e,images/civilian/androgynous/clean_pixel/unknown/kenney_cc0_2d/action/c051415c1375eb6e_facialHair_tan_16_.png,civilian,androgynous,unknown,clean_pixel,kenney_cc0_2d,https://github.com/shorepine/kenney,CC0,action,6x8,False,c051415c1375eb6e927cd7c5fc3f016d1bad9e2761dea0431c7152ff3bdaf37c,2d/Character Pack Facial Hair/Facial hair/Tan/facialHair_tan (16).png,2d
facc7de05e3b57f7,images/civilian/androgynous/clean_pixel/unknown/kenney_cc0_2d/action/facc7de05e3b57f7_facialHair_tan_2_.png,civilian,androgynous,unknown,clean_pixel,kenney_cc0_2d,https://github.com/shorepine/kenney,CC0,action,22x7,False,facc7de05e3b57f79fb55b9566dccc26ec04aad6db2ade8bee99e14530a2ace8,2d/Character Pack Facial Hair/Facial hair/Tan/facialHair_tan (2).png,2d
38f677af5fed77b6,images/civilian/androgynous/clean_pixel/unknown/kenney_cc0_2d/action/38f677af5fed77b6_facialHair_tan_3_.png,civilian,androgynous,unknown,clean_pixel,kenney_cc0_2d,https://github.com/shorepine/kenney,CC0,action,16x23,False,38f677af5fed77b6d380fc1c1a42a945ce7cac4b0eecfcd421a1255cff324520,2d/Character Pack Facial Hair/Facial hair/Tan/facialHair_tan (3).png,2d
22c5716ef7223386,images/civilian/androgynous/clean_pixel/unknown/kenney_cc0_2d/action/22c5716ef7223386_facialHair_tan_4_.png,civilian,androgynous,unknown,clean_pixel,kenney_cc0_2d,https://github.com/shorepine/kenney,CC0,action,48x24,False,22c5716ef7223386aecf3aef16eede75e64c500d68203d241fa1fda1a526f9ab,2d/Character Pack Facial Hair/Facial hair/Tan/facialHair_tan (4).png,2d
5c76eb160cfb9f41,images/civilian/androgynous/clean_pixel/unknown/kenney_cc0_2d/action/5c76eb160cfb9f41_facialHair_tan_5_.png,civilian,androgynous,unknown,clean_pixel,kenney_cc0_2d,https://github.com/shorepine/kenney,CC0,action,24x42,False,5c76eb160cfb9f41bb263fc648f462fac927e9e01c77379b5e4d8ecb6fab09de,2d/Character Pack Facial Hair/Facial hair/Tan/facialHair_tan (5).png,2d
a01d2c6742512553,images/civilian/androgynous/clean_pixel/unknown/kenney_cc0_2d/action/a01d2c6742512553_facialHair_tan_6_.png,civilian,androgynous,unknown,clean_pixel,kenney_cc0_2d,https://github.com/shorepine/kenney,CC0,action,48x30,False,a01d2c67425125530cc7766f09ec543e7e46cbb5d14198509e29fedf2bdbea7f,2d/Character Pack Facial Hair/Facial hair/Tan/facialHair_tan (6).png,2d
ace6761ff9a8dc0a,images/civilian/androgynous/clean_pixel/unknown/kenney_cc0_2d/action/ace6761ff9a8dc0a_facialHair_tan_7_.png,civilian,androgynous,unknown,clean_pixel,kenney_cc0_2d,https://github.com/shorepine/kenney,CC0,action,55x57,False,ace6761ff9a8dc0a4cef123e840b781de95b428123a0c10abc0f4e6b7c755ff9,2d/Character Pack Facial Hair/Facial hair/Tan/facialHair_tan (7).png,2d
cd26a698b3dc0754,images/civilian/androgynous/clean_pixel/unknown/kenney_cc0_2d/action/cd26a698b3dc0754_facialHair_tan_8_.png,civilian,androgynous,unknown,clean_pixel,kenney_cc0_2d,https://github.com/shorepine/kenney,CC0,action,33x68,False,cd26a698b3dc0754571689e0df906d4aa05967068b7b4d87835f7bd4882f07fa,2d/Character Pack Facial Hair/Facial hair/Tan/facialHair_tan (8).png,2d
2c97f318643a7e20,images/civilian/androgynous/clean_pixel/unknown/kenney_cc0_2d/action/2c97f318643a7e20_facialHair_tan_9_.png,civilian,androgynous,unknown,clean_pixel,kenney_cc0_2d,https://github.com/shorepine/kenney,CC0,action,56x58,False,2c97f318643a7e2025d712509419108ad41871751946cd836b4d613a4ad45b4d,2d/Character Pack Facial Hair/Facial hair/Tan/facialHair_tan (9).png,2d
18914ec02a6e69f1,images/civilian/androgynous/clean_pixel/unknown/kenney_cc0_2d/action/18914ec02a6e69f1_facialHair_white_1_.png,civilian,androgynous,unknown,clean_pixel,kenney_cc0_2d,https://github.com/shorepine/kenney,CC0,action,41x12,False,18914ec02a6e69f11522c4d112b60ec72cc108bf53c416350b2ee1a234cdafb4,2d/Character Pack Facial Hair/Facial hair/White/facialHair_white (1).png,2d
34e0af8f2f995c60,images/civilian/androgynous/clean_pixel/unknown/kenney_cc0_2d/action/34e0af8f2f995c60_facialHair_white_10_.png,civilian,androgynous,unknown,clean_pixel,kenney_cc0_2d,https://github.com/shorepine/kenney,CC0,action,45x36,False,34e0af8f2f995c60dfb708f107b3ccdf6fe6e6862c86e5898fc5c0151f1159c8,2d/Character Pack Facial Hair/Facial hair/White/facialHair_white (10).png,2d
37c86a32257179c8,images/civilian/androgynous/clean_pixel/unknown/kenney_cc0_2d/action/37c86a32257179c8_facialHair_white_11_.png,civilian,androgynous,unknown,clean_pixel,kenney_cc0_2d,https://github.com/shorepine/kenney,CC0,action,42x18,False,37c86a32257179c820f30e62e98a4eee3e63ad4b03f0fc6c80c6980d04897b38,2d/Character Pack Facial Hair/Facial hair/White/facialHair_white (11).png,2d
6304ad5950fe6f3d,images/civilian/androgynous/clean_pixel/unknown/kenney_cc0_2d/action/6304ad5950fe6f3d_facialHair_white_12_.png,civilian,androgynous,unknown,clean_pixel,kenney_cc0_2d,https://github.com/shorepine/kenney,CC0,action,42x48,False,6304ad5950fe6f3d0607e3f5588529766c948b5dd78b2e10be1b7c0a8098dc17,2d/Character Pack Facial Hair/Facial hair/White/facialHair_white (12).png,2d
48b1abe5f533d355,images/civilian/androgynous/clean_pixel/unknown/kenney_cc0_2d/action/48b1abe5f533d355_facialHair_white_13_.png,civilian,androgynous,unknown,clean_pixel,kenney_cc0_2d,https://github.com/shorepine/kenney,CC0,action,42x30,False,48b1abe5f533d355bc119947c971a54c627b6cb8a0dabfe00f79e4d5474f2fd1,2d/Character Pack Facial Hair/Facial hair/White/facialHair_white (13).png,2d
0d0bf72ec95603b1,images/civilian/androgynous/clean_pixel/unknown/kenney_cc0_2d/action/0d0bf72ec95603b1_facialHair_white_14_.png,civilian,androgynous,unknown,clean_pixel,kenney_cc0_2d,https://github.com/shorepine/kenney,CC0,action,30x15,False,0d0bf72ec95603b19c21778913b7726bf0eed0c63fac2149a53b729fee44468f,2d/Character Pack Facial Hair/Facial hair/White/facialHair_white (14).png,2d
65fa6cfabd448e8f,images/civilian/androgynous/clean_pixel/unknown/kenney_cc0_2d/action/65fa6cfabd448e8f_facialHair_white_15_.png,civilian,androgynous,unknown,clean_pixel,kenney_cc0_2d,https://github.com/shorepine/kenney,CC0,action,29x8,False,65fa6cfabd448e8fe5a9c3e6fe8a29364f7bfcc3f27eb8df3c71c1c9f442a8a2,2d/Character Pack Facial Hair/Facial hair/White/facialHair_white (15).png,2d
53d70626b4b07382,images/civilian/androgynous/clean_pixel/unknown/kenney_cc0_2d/action/53d70626b4b07382_facialHair_white_16_.png,civilian,androgynous,unknown,clean_pixel,kenney_cc0_2d,https://github.com/shorepine/kenney,CC0,action,6x8,False,53d70626b4b07382b28b7d87a4af70289b2900c0310f26e1afc79023a51231bc,2d/Character Pack Facial Hair/Facial hair/White/facialHair_white (16).png,2d
3228a57c7fedcf44,images/civilian/androgynous/clean_pixel/unknown/kenney_cc0_2d/action/3228a57c7fedcf44_facialHair_white_2_.png,civilian,androgynous,unknown,clean_pixel,kenney_cc0_2d,https://github.com/shorepine/kenney,CC0,action,22x7,False,3228a57c7fedcf44d291c62a55de603a6a3fa4a95a19bffa8aa6c55de231d5b6,2d/Character Pack Facial Hair/Facial hair/White/facialHair_white (2).png,2d
b2c47f08cf115ab8,images/civilian/androgynous/clean_pixel/unknown/kenney_cc0_2d/action/b2c47f08cf115ab8_facialHair_white_3_.png,civilian,androgynous,unknown,clean_pixel,kenney_cc0_2d,https://github.com/shorepine/kenney,CC0,action,16x23,False,b2c47f08cf115ab8c2e85b495f5b58b6488ea2a4ac76f23daa04a05484d9d280,2d/Character Pack Facial Hair/Facial hair/White/facialHair_white (3).png,2d
da6da1ae41f19d6b,images/civilian/androgynous/clean_pixel/unknown/kenney_cc0_2d/action/da6da1ae41f19d6b_facialHair_white_4_.png,civilian,androgynous,unknown,clean_pixel,kenney_cc0_2d,https://github.com/shorepine/kenney,CC0,action,48x24,False,da6da1ae41f19d6bbf33df2a9592717edc89677f2b042f69970e960c37a3b1c3,2d/Character Pack Facial Hair/Facial hair/White/facialHair_white (4).png,2d
0d2dc7ed69463e77,images/civilian/androgynous/clean_pixel/unknown/kenney_cc0_2d/action/0d2dc7ed69463e77_facialHair_white_5_.png,civilian,androgynous,unknown,clean_pixel,kenney_cc0_2d,https://github.com/shorepine/kenney,CC0,action,24x42,False,0d2dc7ed69463e7751462b415c876b18599f1889f57128cb2749cf1884b2210d,2d/Character Pack Facial Hair/Facial hair/White/facialHair_white (5).png,2d
fc8f3fbcd6c408b8,images/civilian/androgynous/clean_pixel/unknown/kenney_cc0_2d/action/fc8f3fbcd6c408b8_facialHair_white_6_.png,civilian,androgynous,unknown,clean_pixel,kenney_cc0_2d,https://github.com/shorepine/kenney,CC0,action,48x30,False,fc8f3fbcd6c408b8898d14e112e6bccefa89401964dd0d0e091a010c7a46bc0a,2d/Character Pack Facial Hair/Facial hair/White/facialHair_white (6).png,2d
6ecf6f27d0bb05cc,images/civilian/androgynous/clean_pixel/unknown/kenney_cc0_2d/action/6ecf6f27d0bb05cc_facialHair_white_7_.png,civilian,androgynous,unknown,clean_pixel,kenney_cc0_2d,https://github.com/shorepine/kenney,CC0,action,55x57,False,6ecf6f27d0bb05cc3ffb7390f16925d091bb786be4f0a0cc9aba9b54ac66f86a,2d/Character Pack Facial Hair/Facial hair/White/facialHair_white (7).png,2d
6841ea1d1e267d32,images/civilian/androgynous/clean_pixel/unknown/kenney_cc0_2d/action/6841ea1d1e267d32_facialHair_white_8_.png,civilian,androgynous,unknown,clean_pixel,kenney_cc0_2d,https://github.com/shorepine/kenney,CC0,action,33x68,False,6841ea1d1e267d32d36a6c0754532e65e800ca80e135899357d0faf7eef08cc8,2d/Character Pack Facial Hair/Facial hair/White/facialHair_white (8).png,2d
be9a3e3610af6402,images/civilian/androgynous/clean_pixel/unknown/kenney_cc0_2d/action/be9a3e3610af6402_facialHair_white_9_.png,civilian,androgynous,unknown,clean_pixel,kenney_cc0_2d,https://github.com/shorepine/kenney,CC0,action,56x58,False,be9a3e3610af64020ea1fdf632603ef4fb8325e9ef840a911617f55d729f565c,2d/Character Pack Facial Hair/Facial hair/White/facialHair_white (9).png,2d
88383b4c638eefa0,images/civilian/androgynous/clean_pixel/unknown/kenney_cc0_2d/action/88383b4c638eefa0_face1.png,civilian,androgynous,unknown,clean_pixel,kenney_cc0_2d,https://github.com/shorepine/kenney,CC0,action,100x101,False,88383b4c638eefa071b6fdf9df24bd59530db4a97d25fd78d90d0ad192afe6ec,2d/Character Pack/Face/Completes/face1.png,2d
236a91c4b2a15109,images/civilian/androgynous/clean_pixel/unknown/kenney_cc0_2d/action/236a91c4b2a15109_face2.png,civilian,androgynous,unknown,clean_pixel,kenney_cc0_2d,https://github.com/shorepine/kenney,CC0,action,98x108,False,236a91c4b2a1510920be08316daa0b1e20377b16b9e7df8f9eadb7a7c3979fa0,2d/Character Pack/Face/Completes/face2.png,2d
1e7542c5a1d107d6,images/civilian/androgynous/clean_pixel/unknown/kenney_cc0_2d/action/1e7542c5a1d107d6_face3.png,civilian,androgynous,unknown,clean_pixel,kenney_cc0_2d,https://github.com/shorepine/kenney,CC0,action,112x65,False,1e7542c5a1d107d689cba0dfaaaa85611acd4bdd9a4a650ffbc354cc9e38affe,2d/Character Pack/Face/Completes/face3.png,2d
ed696f578cf37d17,images/civilian/androgynous/clean_pixel/unknown/kenney_cc0_2d/action/ed696f578cf37d17_face4.png,civilian,androgynous,unknown,clean_pixel,kenney_cc0_2d,https://github.com/shorepine/kenney,CC0,action,111x87,False,ed696f578cf37d171c8c6d08ef48e3f8776e1b7e84d61762d1fa0551457e2fa5,2d/Character Pack/Face/Completes/face4.png,2d
a6e59d21680050a5,images/civilian/androgynous/clean_pixel/unknown/kenney_cc0_2d/action/a6e59d21680050a5_blackBrow1.png,civilian,androgynous,unknown,clean_pixel,kenney_cc0_2d,https://github.com/shorepine/kenney,CC0,action,40x17,False,a6e59d21680050a50feced495d79a095b65e4a25df18670bfc78f071b0815e10,2d/Character Pack/Face/Eyebrows/blackBrow1.png,2d
762d29ed78a229f1,images/civilian/androgynous/clean_pixel/unknown/kenney_cc0_2d/action/762d29ed78a229f1_blackBrow2.png,civilian,androgynous,unknown,clean_pixel,kenney_cc0_2d,https://github.com/shorepine/kenney,CC0,action,41x11,False,762d29ed78a229f19b8877a88aba864aabc64cc9288d3c211c3e7dd855598255,2d/Character Pack/Face/Eyebrows/blackBrow2.png,2d
8f11180df228aa8c,images/civilian/androgynous/clean_pixel/unknown/kenney_cc0_2d/action/8f11180df228aa8c_blackBrow3.png,civilian,androgynous,unknown,clean_pixel,kenney_cc0_2d,https://github.com/shorepine/kenney,CC0,action,40x17,False,8f11180df228aa8c0c5d1ff1fb111a979518cd46d03d9a2cf36aca380d910b8f,2d/Character Pack/Face/Eyebrows/blackBrow3.png,2d
73ffe6dfd8fbcf7a,images/civilian/androgynous/clean_pixel/unknown/kenney_cc0_2d/action/73ffe6dfd8fbcf7a_blondeBrow1.png,civilian,androgynous,unknown,clean_pixel,kenney_cc0_2d,https://github.com/shorepine/kenney,CC0,action,40x17,False,73ffe6dfd8fbcf7a600852758703309b75adadd64fa9eec6760ad9617813254c,2d/Character Pack/Face/Eyebrows/blondeBrow1.png,2d
6d8974d2140bb1c8,images/civilian/androgynous/clean_pixel/unknown/kenney_cc0_2d/action/6d8974d2140bb1c8_blondeBrow2.png,civilian,androgynous,unknown,clean_pixel,kenney_cc0_2d,https://github.com/shorepine/kenney,CC0,action,41x11,False,6d8974d2140bb1c82888ef2ab81ee04ce95360aae91ba1ab371f75d0f9eb96e4,2d/Character Pack/Face/Eyebrows/blondeBrow2.png,2d
8af4ac5e5f404488,images/civilian/androgynous/clean_pixel/unknown/kenney_cc0_2d/action/8af4ac5e5f404488_blondeBrow3.png,civilian,androgynous,unknown,clean_pixel,kenney_cc0_2d,https://github.com/shorepine/kenney,CC0,action,40x17,False,8af4ac5e5f4044886a8536ccacc52493b73cf8aa651a1f2b31739c7885d5fa77,2d/Character Pack/Face/Eyebrows/blondeBrow3.png,2d
9d96acb1033c18c1,images/civilian/androgynous/clean_pixel/unknown/kenney_cc0_2d/action/9d96acb1033c18c1_brown1Brow1.png,civilian,androgynous,unknown,clean_pixel,kenney_cc0_2d,https://github.com/shorepine/kenney,CC0,action,40x17,False,9d96acb1033c18c1066d4ea8b4c9604c780182d4eeee41b2d2686963a3b4a3a0,2d/Character Pack/Face/Eyebrows/brown1Brow1.png,2d
8183434645eba7c3,images/civilian/androgynous/clean_pixel/unknown/kenney_cc0_2d/action/8183434645eba7c3_brown1Brow2.png,civilian,androgynous,unknown,clean_pixel,kenney_cc0_2d,https://github.com/shorepine/kenney,CC0,action,41x11,False,8183434645eba7c3fc50e1b19403fa0891583da45f82bca8b28cde16c2742fa4,2d/Character Pack/Face/Eyebrows/brown1Brow2.png,2d
1bd217b73c0c773e,images/civilian/androgynous/clean_pixel/unknown/kenney_cc0_2d/action/1bd217b73c0c773e_brown1Brow3.png,civilian,androgynous,unknown,clean_pixel,kenney_cc0_2d,https://github.com/shorepine/kenney,CC0,action,40x17,False,1bd217b73c0c773e4c2251d1595f4c6582b1525b2d7d4ab5bec5ebfe0d651350,2d/Character Pack/Face/Eyebrows/brown1Brow3.png,2d
2d5ea9c7baaa30c2,images/civilian/androgynous/clean_pixel/unknown/kenney_cc0_2d/action/2d5ea9c7baaa30c2_brown2Brow1.png,civilian,androgynous,unknown,clean_pixel,kenney_cc0_2d,https://github.com/shorepine/kenney,CC0,action,40x17,False,2d5ea9c7baaa30c2f4c530d039b9b2201e9830e21ef8f3a65cdac55d722a6b45,2d/Character Pack/Face/Eyebrows/brown2Brow1.png,2d
11fc655f0d819823,images/civilian/androgynous/clean_pixel/unknown/kenney_cc0_2d/action/11fc655f0d819823_brown2Brow2.png,civilian,androgynous,unknown,clean_pixel,kenney_cc0_2d,https://github.com/shorepine/kenney,CC0,action,41x11,False,11fc655f0d8198236ab5697b31848cbeccd5e83eb7a08db32174811209af73ea,2d/Character Pack/Face/Eyebrows/brown2Brow2.png,2d
e363c01892200e16,images/civilian/androgynous/clean_pixel/unknown/kenney_cc0_2d/action/e363c01892200e16_brown2Brow3.png,civilian,androgynous,unknown,clean_pixel,kenney_cc0_2d,https://github.com/shorepine/kenney,CC0,action,40x17,False,e363c01892200e16a9aeb05af047c4796a9e764e9bc1248d659cd1a504953e2c,2d/Character Pack/Face/Eyebrows/brown2Brow3.png,2d
36446b80f8253a14,images/civilian/androgynous/clean_pixel/unknown/kenney_cc0_2d/action/36446b80f8253a14_greyBrow1.png,civilian,androgynous,unknown,clean_pixel,kenney_cc0_2d,https://github.com/shorepine/kenney,CC0,action,40x17,False,36446b80f8253a140b55ac97d0fd1a14dd9a132829b6c1bf75380c55f7a5acd3,2d/Character Pack/Face/Eyebrows/greyBrow1.png,2d
a9f84db2a49fc892,images/civilian/androgynous/clean_pixel/unknown/kenney_cc0_2d/action/a9f84db2a49fc892_greyBrow2.png,civilian,androgynous,unknown,clean_pixel,kenney_cc0_2d,https://github.com/shorepine/kenney,CC0,action,41x11,False,a9f84db2a49fc8926b352687d9d78b01d5d642fce554d48078d17657f56f1781,2d/Character Pack/Face/Eyebrows/greyBrow2.png,2d
28c294f1fa8558b4,images/civilian/androgynous/clean_pixel/unknown/kenney_cc0_2d/action/28c294f1fa8558b4_greyBrow3.png,civilian,androgynous,unknown,clean_pixel,kenney_cc0_2d,https://github.com/shorepine/kenney,CC0,action,40x17,False,28c294f1fa8558b449c548ab46fd5ca550e1abfed8504363d8ed2172a8e5f940,2d/Character Pack/Face/Eyebrows/greyBrow3.png,2d
7f48f976fa863463,images/civilian/androgynous/clean_pixel/unknown/kenney_cc0_2d/action/7f48f976fa863463_redBrow1.png,civilian,androgynous,unknown,clean_pixel,kenney_cc0_2d,https://github.com/shorepine/kenney,CC0,action,40x17,False,7f48f976fa863463edd0196092592c8b095f13be9389655bf12152cdebfd1d8b,2d/Character Pack/Face/Eyebrows/redBrow1.png,2d
7dc9bdc4bd757373,images/civilian/androgynous/clean_pixel/unknown/kenney_cc0_2d/action/7dc9bdc4bd757373_redBrow2.png,civilian,androgynous,unknown,clean_pixel,kenney_cc0_2d,https://github.com/shorepine/kenney,CC0,action,41x11,False,7dc9bdc4bd757373ea2520f51436f8bce710d642a91781d57abfb840778ef4a4,2d/Character Pack/Face/Eyebrows/redBrow2.png,2d
f1fe07cbd4191397,images/civilian/androgynous/clean_pixel/unknown/kenney_cc0_2d/action/f1fe07cbd4191397_redBrow3.png,civilian,androgynous,unknown,clean_pixel,kenney_cc0_2d,https://github.com/shorepine/kenney,CC0,action,40x17,False,f1fe07cbd4191397d574f06aba05afdeecc0278697e4989c84de0fea1faa9bf7,2d/Character Pack/Face/Eyebrows/redBrow3.png,2d
aa267759bd8cd913,images/civilian/androgynous/clean_pixel/unknown/kenney_cc0_2d/action/aa267759bd8cd913_tanBrow1.png,civilian,androgynous,unknown,clean_pixel,kenney_cc0_2d,https://github.com/shorepine/kenney,CC0,action,40x17,False,aa267759bd8cd9130f965770b7038dbf30e969d639b11718945457a3ba0fd274,2d/Character Pack/Face/Eyebrows/tanBrow1.png,2d
dcec74359fdc7000,images/civilian/androgynous/clean_pixel/unknown/kenney_cc0_2d/action/dcec74359fdc7000_tanBrow2.png,civilian,androgynous,unknown,clean_pixel,kenney_cc0_2d,https://github.com/shorepine/kenney,CC0,action,41x11,False,dcec74359fdc7000468a6462392cb71d79458e1df4ef4c9b561a6b6a2ca30929,2d/Character Pack/Face/Eyebrows/tanBrow2.png,2d
aac17dd4682e988c,images/civilian/androgynous/clean_pixel/unknown/kenney_cc0_2d/action/aac17dd4682e988c_tanBrow3.png,civilian,androgynous,unknown,clean_pixel,kenney_cc0_2d,https://github.com/shorepine/kenney,CC0,action,40x17,False,aac17dd4682e988c77e84499562e98acd924bf6644b0701920667f604eb572f8,2d/Character Pack/Face/Eyebrows/tanBrow3.png,2d
b5e855de3a8ec2b5,images/civilian/androgynous/clean_pixel/unknown/kenney_cc0_2d/action/b5e855de3a8ec2b5_whiteBrow1.png,civilian,androgynous,unknown,clean_pixel,kenney_cc0_2d,https://github.com/shorepine/kenney,CC0,action,40x17,False,b5e855de3a8ec2b51e86f0f1d4f5e7ea5e28d495905222e75fcb9b3d431d9235,2d/Character Pack/Face/Eyebrows/whiteBrow1.png,2d
094847b5fe8b3a5e,images/civilian/androgynous/clean_pixel/unknown/kenney_cc0_2d/action/094847b5fe8b3a5e_whiteBrow2.png,civilian,androgynous,unknown,clean_pixel,kenney_cc0_2d,https://github.com/shorepine/kenney,CC0,action,41x11,False,094847b5fe8b3a5ec745618591b4ca29ec31cc5027c036521e85a5314ee9c71c,2d/Character Pack/Face/Eyebrows/whiteBrow2.png,2d
bd48ab6301d461ce,images/civilian/androgynous/clean_pixel/unknown/kenney_cc0_2d/action/bd48ab6301d461ce_whiteBrow3.png,civilian,androgynous,unknown,clean_pixel,kenney_cc0_2d,https://github.com/shorepine/kenney,CC0,action,40x17,False,bd48ab6301d461cedaa8ee7c97f5d884eee35f82b6953e2ba4ff82deaa96ee1b,2d/Character Pack/Face/Eyebrows/whiteBrow3.png,2d
18b5769b6ea23370,images/civilian/androgynous/clean_pixel/unknown/kenney_cc0_2d/action/18b5769b6ea23370_eyeBlack_large.png,civilian,androgynous,unknown,clean_pixel,kenney_cc0_2d,https://github.com/shorepine/kenney,CC0,action,21x21,False,18b5769b6ea233704bfb608e1cac9086dd4582b554712fe506bf3393b070e7d3,2d/Character Pack/Face/Eyes/eyeBlack_large.png,2d
9e5fa9420be9252e,images/civilian/androgynous/clean_pixel/unknown/kenney_cc0_2d/action/9e5fa9420be9252e_eyeBlack_small.png,civilian,androgynous,unknown,clean_pixel,kenney_cc0_2d,https://github.com/shorepine/kenney,CC0,action,15x16,False,9e5fa9420be9252e76a20bf70600731ca147d4c881af59a26f373227e7c3d1eb,2d/Character Pack/Face/Eyes/eyeBlack_small.png,2d
689d1caa31373c67,images/civilian/androgynous/clean_pixel/unknown/kenney_cc0_2d/action/689d1caa31373c67_eyeBlue_large.png,civilian,androgynous,unknown,clean_pixel,kenney_cc0_2d,https://github.com/shorepine/kenney,CC0,action,21x21,False,689d1caa31373c671f05584f775117bf9ba7a5bf13feebc8f6a94df26584d34b,2d/Character Pack/Face/Eyes/eyeBlue_large.png,2d
0e5166a116478fe6,images/civilian/androgynous/clean_pixel/unknown/kenney_cc0_2d/action/0e5166a116478fe6_eyeBlue_small.png,civilian,androgynous,unknown,clean_pixel,kenney_cc0_2d,https://github.com/shorepine/kenney,CC0,action,15x16,False,0e5166a116478fe6cc0c39d780267964fb94bd1364688b90bd02d84b8ace7168,2d/Character Pack/Face/Eyes/eyeBlue_small.png,2d
bcbb52f6dbe4734f,images/civilian/androgynous/clean_pixel/unknown/kenney_cc0_2d/action/bcbb52f6dbe4734f_eyeBrown_large.png,civilian,androgynous,unknown,clean_pixel,kenney_cc0_2d,https://github.com/shorepine/kenney,CC0,action,21x21,False,bcbb52f6dbe4734fdeebeeaef1124444230dc4614bdddbd589b645788a87effd,2d/Character Pack/Face/Eyes/eyeBrown_large.png,2d
aecec0b9fb0fab11,images/civilian/androgynous/clean_pixel/unknown/kenney_cc0_2d/action/aecec0b9fb0fab11_eyeBrown_small.png,civilian,androgynous,unknown,clean_pixel,kenney_cc0_2d,https://github.com/shorepine/kenney,CC0,action,15x16,False,aecec0b9fb0fab1139f6f9950ed21b2b609b757e8e2af372987abfe82be8c8b7,2d/Character Pack/Face/Eyes/eyeBrown_small.png,2d
d0fb16d61637c7d4,images/civilian/androgynous/clean_pixel/unknown/kenney_cc0_2d/action/d0fb16d61637c7d4_eyeGreen_large.png,civilian,androgynous,unknown,clean_pixel,kenney_cc0_2d,https://github.com/shorepine/kenney,CC0,action,21x21,False,d0fb16d61637c7d4bf2e8c83e292d7cdbbb10e008978939fb7feba10c62b67f4,2d/Character Pack/Face/Eyes/eyeGreen_large.png,2d
0f786d7906c7d762,images/civilian/androgynous/clean_pixel/unknown/kenney_cc0_2d/action/0f786d7906c7d762_eyeGreen_small.png,civilian,androgynous,unknown,clean_pixel,kenney_cc0_2d,https://github.com/shorepine/kenney,CC0,action,15x16,False,0f786d7906c7d762a1d302d310a39f990d9ef4f991b824c735d141b01512dc5c,2d/Character Pack/Face/Eyes/eyeGreen_small.png,2d
791f917cb06774b2,images/civilian/androgynous/clean_pixel/unknown/kenney_cc0_2d/action/791f917cb06774b2_eyePine_large.png,civilian,androgynous,unknown,clean_pixel,kenney_cc0_2d,https://github.com/shorepine/kenney,CC0,action,21x21,False,791f917cb06774b239fb9245250f1fac22617df0f593e05c5ef9f2b418d0b958,2d/Character Pack/Face/Eyes/eyePine_large.png,2d
a449867f50a1a9c5,images/civilian/androgynous/clean_pixel/unknown/kenney_cc0_2d/action/a449867f50a1a9c5_eyePine_small.png,civilian,androgynous,unknown,clean_pixel,kenney_cc0_2d,https://github.com/shorepine/kenney,CC0,action,15x16,False,a449867f50a1a9c57e43e175804158476db08cf70b870264eac72780e9905d8c,2d/Character Pack/Face/Eyes/eyePine_small.png,2d
3ce54465289ac8c9,images/civilian/androgynous/clean_pixel/unknown/kenney_cc0_2d/action/3ce54465289ac8c9_mouth_glad.png,civilian,androgynous,unknown,clean_pixel,kenney_cc0_2d,https://github.com/shorepine/kenney,CC0,action,34x13,False,3ce54465289ac8c95c54013e568a37254c2ddd7484d5958f3848e7b18d7c9bb5,2d/Character Pack/Face/Mouth/mouth_glad.png,2d
6776ecd5fa4d2e3a,images/civilian/androgynous/clean_pixel/unknown/kenney_cc0_2d/action/6776ecd5fa4d2e3a_mouth_happy.png,civilian,androgynous,unknown,clean_pixel,kenney_cc0_2d,https://github.com/shorepine/kenney,CC0,action,34x13,False,6776ecd5fa4d2e3ad7cb5c48382ed38b1bbed9c521a833e315c91d2ed40c9eb4,2d/Character Pack/Face/Mouth/mouth_happy.png,2d
2a076afa94afb6d5,images/civilian/androgynous/clean_pixel/unknown/kenney_cc0_2d/action/2a076afa94afb6d5_mouth_oh.png,civilian,androgynous,unknown,clean_pixel,kenney_cc0_2d,https://github.com/shorepine/kenney,CC0,action,15x15,False,2a076afa94afb6d533744d14048874b229d9f1e93a800dc62c605d1c57d0cc2a,2d/Character Pack/Face/Mouth/mouth_oh.png,2d
a8906354af58caf9,images/civilian/androgynous/clean_pixel/unknown/kenney_cc0_2d/action/a8906354af58caf9_mouth_sad.png,civilian,androgynous,unknown,clean_pixel,kenney_cc0_2d,https://github.com/shorepine/kenney,CC0,action,34x13,False,a8906354af58caf97529288bb2efd7349b4b1108f9c74f97d00d8e2bc54fcba6,2d/Character Pack/Face/Mouth/mouth_sad.png,2d
54eed7b36695b6e2,images/civilian/androgynous/clean_pixel/unknown/kenney_cc0_2d/action/54eed7b36695b6e2_mouth_straight.png,civilian,androgynous,unknown,clean_pixel,kenney_cc0_2d,https://github.com/shorepine/kenney,CC0,action,36x6,False,54eed7b36695b6e28215007110ff0a60dfb5c7a9d1486a9f185395af701d695a,2d/Character Pack/Face/Mouth/mouth_straight.png,2d
8daec17cb3c7e7f7,images/civilian/androgynous/clean_pixel/unknown/kenney_cc0_2d/action/8daec17cb3c7e7f7_mouth_teethLower.png,civilian,androgynous,unknown,clean_pixel,kenney_cc0_2d,https://github.com/shorepine/kenney,CC0,action,34x13,False,8daec17cb3c7e7f7cb01d0c1e93774f8712b607a2a9515a5ff3df524198ceb9e,2d/Character Pack/Face/Mouth/mouth_teethLower.png,2d
73c6f8724c3a95fb,images/civilian/androgynous/clean_pixel/unknown/kenney_cc0_2d/action/73c6f8724c3a95fb_mouth_teethUpper.png,civilian,androgynous,unknown,clean_pixel,kenney_cc0_2d,https://github.com/shorepine/kenney,CC0,action,34x13,False,73c6f8724c3a95fb262c8fa82d977029197d1b039dd7f072056b6dbcdee0bc25,2d/Character Pack/Face/Mouth/mouth_teethUpper.png,2d
ad0d2400e73a26ae,images/civilian/androgynous/clean_pixel/unknown/kenney_cc0_2d/action/ad0d2400e73a26ae_tint1Nose1.png,civilian,androgynous,unknown,clean_pixel,kenney_cc0_2d,https://github.com/shorepine/kenney,CC0,action,31x21,False,ad0d2400e73a26ae8f29e1ee381399463564b225ef41d01309d8f73818a67984,2d/Character Pack/Face/Nose/Tint 1/tint1Nose1.png,2d
912779d5df2c8453,images/civilian/androgynous/clean_pixel/unknown/kenney_cc0_2d/action/912779d5df2c8453_tint1Nose2.png,civilian,androgynous,unknown,clean_pixel,kenney_cc0_2d,https://github.com/shorepine/kenney,CC0,action,24x24,False,912779d5df2c84530ec8f2cc2a87b273b19628b34078d9575f48a209cf0121e7,2d/Character Pack/Face/Nose/Tint 1/tint1Nose2.png,2d
f67c385064cc3810,images/civilian/androgynous/clean_pixel/unknown/kenney_cc0_2d/action/f67c385064cc3810_tint1Nose3.png,civilian,androgynous,unknown,clean_pixel,kenney_cc0_2d,https://github.com/shorepine/kenney,CC0,action,22x15,False,f67c385064cc3810138f98b4b3db20e4259bc1c03c6fc101741ee99c38d34cc1,2d/Character Pack/Face/Nose/Tint 1/tint1Nose3.png,2d
e0eaf1c0026e4811,images/civilian/androgynous/clean_pixel/unknown/kenney_cc0_2d/action/e0eaf1c0026e4811_tint2Nose1.png,civilian,androgynous,unknown,clean_pixel,kenney_cc0_2d,https://github.com/shorepine/kenney,CC0,action,31x21,False,e0eaf1c0026e48111df07c4352ab14e0f71f03bcf5d2103eba19a15c3fb2754f,2d/Character Pack/Face/Nose/Tint 2/tint2Nose1.png,2d
cf8399cf8a9fa886,images/civilian/androgynous/clean_pixel/unknown/kenney_cc0_2d/action/cf8399cf8a9fa886_tint2Nose2.png,civilian,androgynous,unknown,clean_pixel,kenney_cc0_2d,https://github.com/shorepine/kenney,CC0,action,24x24,False,cf8399cf8a9fa886e144d385f6d78438778bff1f2a6bd9c42ce9d9bf06694108,2d/Character Pack/Face/Nose/Tint 2/tint2Nose2.png,2d
edc4fbdc959e7094,images/civilian/androgynous/clean_pixel/unknown/kenney_cc0_2d/action/edc4fbdc959e7094_tint2Nose3.png,civilian,androgynous,unknown,clean_pixel,kenney_cc0_2d,https://github.com/shorepine/kenney,CC0,action,22x15,False,edc4fbdc959e70946f34ac4b8753ed4be0d6ac62ad3171bc3bdca5dd0d7d1e2f,2d/Character Pack/Face/Nose/Tint 2/tint2Nose3.png,2d
41caf4ff1ca6df32,images/civilian/androgynous/clean_pixel/unknown/kenney_cc0_2d/action/41caf4ff1ca6df32_tint3Nose1.png,civilian,androgynous,unknown,clean_pixel,kenney_cc0_2d,https://github.com/shorepine/kenney,CC0,action,31x21,False,41caf4ff1ca6df32f333751df463a1b9697ae5676c988aec4a6bb6ec87deb304,2d/Character Pack/Face/Nose/Tint 3/tint3Nose1.png,2d
e9c7c67e0603fd6b,images/civilian/androgynous/clean_pixel/unknown/kenney_cc0_2d/action/e9c7c67e0603fd6b_tint3Nose2.png,civilian,androgynous,unknown,clean_pixel,kenney_cc0_2d,https://github.com/shorepine/kenney,CC0,action,24x24,False,e9c7c67e0603fd6b3dbfcd17196aea78830c1fc5c16caffcc9428e1682272e15,2d/Character Pack/Face/Nose/Tint 3/tint3Nose2.png,2d
03e8047910ea7cda,images/civilian/androgynous/clean_pixel/unknown/kenney_cc0_2d/action/03e8047910ea7cda_tint3Nose3.png,civilian,androgynous,unknown,clean_pixel,kenney_cc0_2d,https://github.com/shorepine/kenney,CC0,action,22x15,False,03e8047910ea7cdab79df105900d8949a194b16670731017be2c06e72f62c5fd,2d/Character Pack/Face/Nose/Tint 3/tint3Nose3.png,2d
2f21baaf133e98c2,images/civilian/androgynous/clean_pixel/unknown/kenney_cc0_2d/action/2f21baaf133e98c2_tint4Nose1.png,civilian,androgynous,unknown,clean_pixel,kenney_cc0_2d,https://github.com/shorepine/kenney,CC0,action,31x21,False,2f21baaf133e98c2f554dbcda5a72473c23c263091b3e9fdff6bd01811c95c18,2d/Character Pack/Face/Nose/Tint 4/tint4Nose1.png,2d
9c10c1e7d39b9118,images/civilian/androgynous/clean_pixel/unknown/kenney_cc0_2d/action/9c10c1e7d39b9118_tint4Nose2.png,civilian,androgynous,unknown,clean_pixel,kenney_cc0_2d,https://github.com/shorepine/kenney,CC0,action,24x24,False,9c10c1e7d39b9118d9ff32561d76407666706f297b87d80963f05c9614912eca,2d/Character Pack/Face/Nose/Tint 4/tint4Nose2.png,2d
74d548a8000c1dbe,images/civilian/androgynous/clean_pixel/unknown/kenney_cc0_2d/action/74d548a8000c1dbe_tint4Nose3.png,civilian,androgynous,unknown,clean_pixel,kenney_cc0_2d,https://github.com/shorepine/kenney,CC0,action,22x15,False,74d548a8000c1dbe641f342ea346c90a7993fba0f0cea770c6892d58741c55ba,2d/Character Pack/Face/Nose/Tint 4/tint4Nose3.png,2d
00917e0912ce6789,images/civilian/androgynous/clean_pixel/unknown/kenney_cc0_2d/action/00917e0912ce6789_tint5Nose1.png,civilian,androgynous,unknown,clean_pixel,kenney_cc0_2d,https://github.com/shorepine/kenney,CC0,action,31x21,False,00917e0912ce6789d106f04d535c66cb561194a55edc074c55d293bf1088c5bf,2d/Character Pack/Face/Nose/Tint 5/tint5Nose1.png,2d
7fb03e250a7783e4,images/civilian/androgynous/clean_pixel/unknown/kenney_cc0_2d/action/7fb03e250a7783e4_tint5Nose2.png,civilian,androgynous,unknown,clean_pixel,kenney_cc0_2d,https://github.com/shorepine/kenney,CC0,action,24x24,False,7fb03e250a7783e4b53a2dedf74b0d1c8d0a3d306aa7a7796b5a0c4ad4b45ded,2d/Character Pack/Face/Nose/Tint 5/tint5Nose2.png,2d
39e0373cbd10af40,images/civilian/androgynous/clean_pixel/unknown/kenney_cc0_2d/action/39e0373cbd10af40_tint5Nose3.png,civilian,androgynous,unknown,clean_pixel,kenney_cc0_2d,https://github.com/shorepine/kenney,CC0,action,22x15,False,39e0373cbd10af4060b808e1728b99807b8247aa4b6b90f5c6093a586c095998,2d/Character Pack/Face/Nose/Tint 5/tint5Nose3.png,2d
7540f917fc1b4811,images/civilian/androgynous/clean_pixel/unknown/kenney_cc0_2d/action/7540f917fc1b4811_tint6Nose1.png,civilian,androgynous,unknown,clean_pixel,kenney_cc0_2d,https://github.com/shorepine/kenney,CC0,action,31x21,False,7540f917fc1b4811614f5c19a4d03bd34316b21919c19be3ab15c71c7f7ad63f,2d/Character Pack/Face/Nose/Tint 6/tint6Nose1.png,2d
ba3f3a59035a5351,images/civilian/androgynous/clean_pixel/unknown/kenney_cc0_2d/action/ba3f3a59035a5351_tint6Nose2.png,civilian,androgynous,unknown,clean_pixel,kenney_cc0_2d,https://github.com/shorepine/kenney,CC0,action,24x24,False,ba3f3a59035a535104cdf44ed41c763d1c04a907a5f31b0bd746ecc05e91ab7a,2d/Character Pack/Face/Nose/Tint 6/tint6Nose2.png,2d
99b4e23cafbf21b8,images/civilian/androgynous/clean_pixel/unknown/kenney_cc0_2d/action/99b4e23cafbf21b8_tint6Nose3.png,civilian,androgynous,unknown,clean_pixel,kenney_cc0_2d,https://github.com/shorepine/kenney,CC0,action,22x15,False,99b4e23cafbf21b8d353dfdf6ba8c388d2c6218241d2d07ef43df78721a08504,2d/Character Pack/Face/Nose/Tint 6/tint6Nose3.png,2d
50cab2ddbf6b456b,images/civilian/androgynous/clean_pixel/unknown/kenney_cc0_2d/action/50cab2ddbf6b456b_tint7Nose1.png,civilian,androgynous,unknown,clean_pixel,kenney_cc0_2d,https://github.com/shorepine/kenney,CC0,action,31x21,False,50cab2ddbf6b456bad73a5e5de09c8d9ada91c6f30bbf5b4abc2bd5a4fadba15,2d/Character Pack/Face/Nose/Tint 7/tint7Nose1.png,2d
d12aefe1eaf64689,images/civilian/androgynous/clean_pixel/unknown/kenney_cc0_2d/action/d12aefe1eaf64689_tint7Nose2.png,civilian,androgynous,unknown,clean_pixel,kenney_cc0_2d,https://github.com/shorepine/kenney,CC0,action,24x24,False,d12aefe1eaf6468986ef69e97518efb3106218baa97dbd3002bd54f2e1b5409c,2d/Character Pack/Face/Nose/Tint 7/tint7Nose2.png,2d
0860d975db22318d,images/civilian/androgynous/clean_pixel/unknown/kenney_cc0_2d/action/0860d975db22318d_tint7Nose3.png,civilian,androgynous,unknown,clean_pixel,kenney_cc0_2d,https://github.com/shorepine/kenney,CC0,action,22x15,False,0860d975db22318d7b94a275ac7e2252fbd8071908a9c8d64ba011771942dd06,2d/Character Pack/Face/Nose/Tint 7/tint7Nose3.png,2d
085030a88518ec87,images/civilian/androgynous/clean_pixel/unknown/kenney_cc0_2d/action/085030a88518ec87_tint8Nose1.png,civilian,androgynous,unknown,clean_pixel,kenney_cc0_2d,https://github.com/shorepine/kenney,CC0,action,31x21,False,085030a88518ec87f024dee302d0ec51e6ea2a15c4297254d9b022b04d56f593,2d/Character Pack/Face/Nose/Tint 8/tint8Nose1.png,2d
79d709aa4c92c6e9,images/civilian/androgynous/clean_pixel/unknown/kenney_cc0_2d/action/79d709aa4c92c6e9_tint8Nose2.png,civilian,androgynous,unknown,clean_pixel,kenney_cc0_2d,https://github.com/shorepine/kenney,CC0,action,24x24,False,79d709aa4c92c6e94c2a95ec69071c7d20d19f07e7913a3786e7667bcbb9fa71,2d/Character Pack/Face/Nose/Tint 8/tint8Nose2.png,2d
8d60be3785a84d9c,images/civilian/androgynous/clean_pixel/unknown/kenney_cc0_2d/action/8d60be3785a84d9c_tint8Nose3.png,civilian,androgynous,unknown,clean_pixel,kenney_cc0_2d,https://github.com/shorepine/kenney,CC0,action,22x15,False,8d60be3785a84d9c697895182ea92f16b7cc564bbc79e07eab5b7e29fc2cd689,2d/Character Pack/Face/Nose/Tint 8/tint8Nose3.png,2d
1589d481f4b3dba6,images/civilian/male/clean_pixel/unknown/kenney_cc0_2d/action/1589d481f4b3dba6_blackMan1.png,civilian,male,unknown,clean_pixel,kenney_cc0_2d,https://github.com/shorepine/kenney,CC0,action,158x119,False,1589d481f4b3dba6a7ab2b93bd20e57275044161f6167c0a18c7e7bb5bb1c42e,2d/Character Pack/Hair/Black/blackMan1.png,2d
f23d7d879a67eb23,images/civilian/male/clean_pixel/unknown/kenney_cc0_2d/action/f23d7d879a67eb23_blackMan2.png,civilian,male,unknown,clean_pixel,kenney_cc0_2d,https://github.com/shorepine/kenney,CC0,action,158x138,False,f23d7d879a67eb23c025cd4f5617299266b3b85e6154df878afa420abc30287a,2d/Character Pack/Hair/Black/blackMan2.png,2d
a394ff818aeae4ca,images/civilian/male/clean_pixel/unknown/kenney_cc0_2d/action/a394ff818aeae4ca_blackMan3.png,civilian,male,unknown,clean_pixel,kenney_cc0_2d,https://github.com/shorepine/kenney,CC0,action,158x119,False,a394ff818aeae4ca5a5a871a11a659b4a71d9a3b558a1affa1971586827eaf9c,2d/Character Pack/Hair/Black/blackMan3.png,2d
77db236ef23f43a7,images/civilian/male/clean_pixel/unknown/kenney_cc0_2d/action/77db236ef23f43a7_blackMan4.png,civilian,male,unknown,clean_pixel,kenney_cc0_2d,https://github.com/shorepine/kenney,CC0,action,158x119,False,77db236ef23f43a7e220bd8b653cffa24c681a65c03aa7d53dbefdba0154dae8,2d/Character Pack/Hair/Black/blackMan4.png,2d
9b8bf34991b303f0,images/civilian/male/clean_pixel/unknown/kenney_cc0_2d/action/9b8bf34991b303f0_blackMan5.png,civilian,male,unknown,clean_pixel,kenney_cc0_2d,https://github.com/shorepine/kenney,CC0,action,171x130,False,9b8bf34991b303f09aebcf75d6745f33a0376d3e4d5ceda6fb94bc3327f6b06f,2d/Character Pack/Hair/Black/blackMan5.png,2d
1b8f113ae8528feb,images/civilian/male/clean_pixel/unknown/kenney_cc0_2d/action/1b8f113ae8528feb_blackMan6.png,civilian,male,unknown,clean_pixel,kenney_cc0_2d,https://github.com/shorepine/kenney,CC0,action,158x119,False,1b8f113ae8528febf8521e7a520f759073c81ff052b5686fec404d560c15cb69,2d/Character Pack/Hair/Black/blackMan6.png,2d
ca93d702aacbe4e9,images/civilian/male/clean_pixel/unknown/kenney_cc0_2d/action/ca93d702aacbe4e9_blackMan7.png,civilian,male,unknown,clean_pixel,kenney_cc0_2d,https://github.com/shorepine/kenney,CC0,action,158x119,False,ca93d702aacbe4e9f05fc6a9ae4f7d60258a10ffb27c548fddb760c75c89389d,2d/Character Pack/Hair/Black/blackMan7.png,2d
33511fa948d7246e,images/civilian/male/clean_pixel/unknown/kenney_cc0_2d/action/33511fa948d7246e_blackMan8.png,civilian,male,unknown,clean_pixel,kenney_cc0_2d,https://github.com/shorepine/kenney,CC0,action,158x47,False,33511fa948d7246e8e5d540dd93d6de2e3c74d26c70724e060113d1896215a07,2d/Character Pack/Hair/Black/blackMan8.png,2d
878b96b2f5f3c827,images/civilian/female/clean_pixel/unknown/kenney_cc0_2d/action/878b96b2f5f3c827_blackWoman1.png,civilian,female,unknown,clean_pixel,kenney_cc0_2d,https://github.com/shorepine/kenney,CC0,action,165x227,False,878b96b2f5f3c82709962179816bb736edf0d53be93c57d97c8f144b682c6bd4,2d/Character Pack/Hair/Black/blackWoman1.png,2d
4d2794d8c5de2d82,images/civilian/female/clean_pixel/unknown/kenney_cc0_2d/action/4d2794d8c5de2d82_blackWoman2.png,civilian,female,unknown,clean_pixel,kenney_cc0_2d,https://github.com/shorepine/kenney,CC0,action,158x285,False,4d2794d8c5de2d8241708df6d57c6ed3a766bfc87096d22ee8d0e87a13bb67b6,2d/Character Pack/Hair/Black/blackWoman2.png,2d
48f6fd9b9fd8f556,images/civilian/female/clean_pixel/unknown/kenney_cc0_2d/action/48f6fd9b9fd8f556_blackWoman3.png,civilian,female,unknown,clean_pixel,kenney_cc0_2d,https://github.com/shorepine/kenney,CC0,action,160x227,False,48f6fd9b9fd8f556ddd44e27a8e27102d7d7756231bff35dd33eedc1874372ff,2d/Character Pack/Hair/Black/blackWoman3.png,2d
97070bf898535f0a,images/civilian/female/clean_pixel/unknown/kenney_cc0_2d/action/97070bf898535f0a_blackWoman4.png,civilian,female,unknown,clean_pixel,kenney_cc0_2d,https://github.com/shorepine/kenney,CC0,action,158x286,False,97070bf898535f0a4e3d627949dc4f73e64c2aae8d6b6d1a3216e97ad1f57bee,2d/Character Pack/Hair/Black/blackWoman4.png,2d
a3bcf87391352f91,images/civilian/female/clean_pixel/unknown/kenney_cc0_2d/action/a3bcf87391352f91_blackWoman5.png,civilian,female,unknown,clean_pixel,kenney_cc0_2d,https://github.com/shorepine/kenney,CC0,action,168x213,False,a3bcf87391352f914650349cf1fcea19ee66d56347080b19e79a9cd6737246cd,2d/Character Pack/Hair/Black/blackWoman5.png,2d
bc3c91a3834dc4da,images/civilian/female/clean_pixel/unknown/kenney_cc0_2d/action/bc3c91a3834dc4da_blackWoman6.png,civilian,female,unknown,clean_pixel,kenney_cc0_2d,https://github.com/shorepine/kenney,CC0,action,164x213,False,bc3c91a3834dc4da5d831c96f7c2ebd70c8e8efc5c4fb78296daa7be90c493bb,2d/Character Pack/Hair/Black/blackWoman6.png,2d
e1d5f67e4244ad85,images/civilian/male/clean_pixel/unknown/kenney_cc0_2d/action/e1d5f67e4244ad85_blondeMan1.png,civilian,male,unknown,clean_pixel,kenney_cc0_2d,https://github.com/shorepine/kenney,CC0,action,159x119,False,e1d5f67e4244ad8501dfab3101b9b6f1f2650892fd54fc823f5a2ec797f5e637,2d/Character Pack/Hair/Blonde/blondeMan1.png,2d
1be3d84c91251418,images/civilian/male/clean_pixel/unknown/kenney_cc0_2d/action/1be3d84c91251418_blondeMan2.png,civilian,male,unknown,clean_pixel,kenney_cc0_2d,https://github.com/shorepine/kenney,CC0,action,159x138,False,1be3d84c9125141848eaea3a92ced971dfdd6fd70263c81053f197a8ba297793,2d/Character Pack/Hair/Blonde/blondeMan2.png,2d
a6b2c3dcd236ef78,images/civilian/male/clean_pixel/unknown/kenney_cc0_2d/action/a6b2c3dcd236ef78_blondeMan3.png,civilian,male,unknown,clean_pixel,kenney_cc0_2d,https://github.com/shorepine/kenney,CC0,action,159x119,False,a6b2c3dcd236ef78d39a5720db362e5189784bf636f2a5552e8a334a8f3e0d17,2d/Character Pack/Hair/Blonde/blondeMan3.png,2d
c29608d84cd211d5,images/civilian/male/clean_pixel/unknown/kenney_cc0_2d/action/c29608d84cd211d5_blondeMan4.png,civilian,male,unknown,clean_pixel,kenney_cc0_2d,https://github.com/shorepine/kenney,CC0,action,159x119,False,c29608d84cd211d5e9bc47de50aab47e5f9e9411841baefe82c9a8ae6f9c4673,2d/Character Pack/Hair/Blonde/blondeMan4.png,2d
dbe43025ec2e736a,images/civilian/male/clean_pixel/unknown/kenney_cc0_2d/action/dbe43025ec2e736a_blondeMan5.png,civilian,male,unknown,clean_pixel,kenney_cc0_2d,https://github.com/shorepine/kenney,CC0,action,171x130,False,dbe43025ec2e736ac8b84aa4e44a6f0b6a2a6b9c8a8ccbe412fcaa1c045086f4,2d/Character Pack/Hair/Blonde/blondeMan5.png,2d
7d8a1dfc95204edd,images/civilian/male/clean_pixel/unknown/kenney_cc0_2d/action/7d8a1dfc95204edd_blondeMan6.png,civilian,male,unknown,clean_pixel,kenney_cc0_2d,https://github.com/shorepine/kenney,CC0,action,159x119,False,7d8a1dfc95204edd6eb8d81c1905aba23c571477a00f0adfc193cb1103e1007e,2d/Character Pack/Hair/Blonde/blondeMan6.png,2d
f4d22848c1a5cc2e,images/civilian/male/clean_pixel/unknown/kenney_cc0_2d/action/f4d22848c1a5cc2e_blondeMan7.png,civilian,male,unknown,clean_pixel,kenney_cc0_2d,https://github.com/shorepine/kenney,CC0,action,159x119,False,f4d22848c1a5cc2eab34afbbc28d84185a003772a33f30b25808adc4284f97d6,2d/Character Pack/Hair/Blonde/blondeMan7.png,2d
6bb815256b075df2,images/civilian/male/clean_pixel/unknown/kenney_cc0_2d/action/6bb815256b075df2_blondeMan8.png,civilian,male,unknown,clean_pixel,kenney_cc0_2d,https://github.com/shorepine/kenney,CC0,action,158x47,False,6bb815256b075df2ff49b0af6ad8d0707af93c62f27f0d208c64313918668b07,2d/Character Pack/Hair/Blonde/blondeMan8.png,2d
a296e03e33fb23a0,images/civilian/female/clean_pixel/unknown/kenney_cc0_2d/action/a296e03e33fb23a0_blondeWoman1.png,civilian,female,unknown,clean_pixel,kenney_cc0_2d,https://github.com/shorepine/kenney,CC0,action,158x285,False,a296e03e33fb23a075d4bf7c9058b14c22968c65b3540cccbd8c6afd0a16842b,2d/Character Pack/Hair/Blonde/blondeWoman1.png,2d
12cbf8b8c09e3528,images/civilian/female/clean_pixel/unknown/kenney_cc0_2d/action/12cbf8b8c09e3528_blondeWoman2.png,civilian,female,unknown,clean_pixel,kenney_cc0_2d,https://github.com/shorepine/kenney,CC0,action,160x227,False,12cbf8b8c09e352894ecd840484e60574bc23c3a844e345f71001f38d57feddd,2d/Character Pack/Hair/Blonde/blondeWoman2.png,2d
2c2f1a17ab4534d0,images/civilian/female/clean_pixel/unknown/kenney_cc0_2d/action/2c2f1a17ab4534d0_blondeWoman3.png,civilian,female,unknown,clean_pixel,kenney_cc0_2d,https://github.com/shorepine/kenney,CC0,action,158x286,False,2c2f1a17ab4534d0179493bcba72fbeb5ced94e7d7788889194f2f0366e98ca6,2d/Character Pack/Hair/Blonde/blondeWoman3.png,2d
7c1a66f529e5b8f8,images/civilian/female/clean_pixel/unknown/kenney_cc0_2d/action/7c1a66f529e5b8f8_blondeWoman4.png,civilian,female,unknown,clean_pixel,kenney_cc0_2d,https://github.com/shorepine/kenney,CC0,action,165x227,False,7c1a66f529e5b8f80c9f67570271da3d65db1d57174ea724c465f312b7185cc4,2d/Character Pack/Hair/Blonde/blondeWoman4.png,2d
2c7450870f6378f6,images/civilian/female/clean_pixel/unknown/kenney_cc0_2d/action/2c7450870f6378f6_blondeWoman5.png,civilian,female,unknown,clean_pixel,kenney_cc0_2d,https://github.com/shorepine/kenney,CC0,action,164x213,False,2c7450870f6378f640d66c0471315756c20d8dc97e9d567acb2f42ed94ef69e0,2d/Character Pack/Hair/Blonde/blondeWoman5.png,2d
a6406f63cf57a1ae,images/civilian/female/clean_pixel/unknown/kenney_cc0_2d/action/a6406f63cf57a1ae_blondeWoman6.png,civilian,female,unknown,clean_pixel,kenney_cc0_2d,https://github.com/shorepine/kenney,CC0,action,168x213,False,a6406f63cf57a1ae5cc76637dcf5d7154b8ea3e984b9fda6f6ff27a200c5d076,2d/Character Pack/Hair/Blonde/blondeWoman6.png,2d
d6f16345f159b6c3,images/civilian/male/clean_pixel/unknown/kenney_cc0_2d/action/d6f16345f159b6c3_brown1Man1.png,civilian,male,unknown,clean_pixel,kenney_cc0_2d,https://github.com/shorepine/kenney,CC0,action,158x119,False,d6f16345f159b6c3f2bacdd820dd0d72f8c5cde82bb214ce334812892d62cef9,2d/Character Pack/Hair/Brown 1/brown1Man1.png,2d
ecb8333aedb64e42,images/civilian/male/clean_pixel/unknown/kenney_cc0_2d/action/ecb8333aedb64e42_brown1Man2.png,civilian,male,unknown,clean_pixel,kenney_cc0_2d,https://github.com/shorepine/kenney,CC0,action,158x138,False,ecb8333aedb64e427579eafd225179ed27b9f00bcd54f288033dbc80308adc3e,2d/Character Pack/Hair/Brown 1/brown1Man2.png,2d
b4c70cadac8f3780,images/civilian/male/clean_pixel/unknown/kenney_cc0_2d/action/b4c70cadac8f3780_brown1Man3.png,civilian,male,unknown,clean_pixel,kenney_cc0_2d,https://github.com/shorepine/kenney,CC0,action,158x119,False,b4c70cadac8f37800b66993c937e9c6c40b1592fc0baea637d71113ba4ebf7be,2d/Character Pack/Hair/Brown 1/brown1Man3.png,2d
1126e9da7be54182,images/civilian/male/clean_pixel/unknown/kenney_cc0_2d/action/1126e9da7be54182_brown1Man4.png,civilian,male,unknown,clean_pixel,kenney_cc0_2d,https://github.com/shorepine/kenney,CC0,action,158x119,False,1126e9da7be54182d92f9fc384f0db128bd8589b2ced84fc4154300f46cb89f8,2d/Character Pack/Hair/Brown 1/brown1Man4.png,2d
efa3a2d74d716ad9,images/civilian/male/clean_pixel/unknown/kenney_cc0_2d/action/efa3a2d74d716ad9_brown1Man5.png,civilian,male,unknown,clean_pixel,kenney_cc0_2d,https://github.com/shorepine/kenney,CC0,action,171x130,False,efa3a2d74d716ad9d89cd33920e0c49c3d00a6091a306597faa25e9597a921f1,2d/Character Pack/Hair/Brown 1/brown1Man5.png,2d
f1802d9bba7b2771,images/civilian/male/clean_pixel/unknown/kenney_cc0_2d/action/f1802d9bba7b2771_brown1Man6.png,civilian,male,unknown,clean_pixel,kenney_cc0_2d,https://github.com/shorepine/kenney,CC0,action,158x119,False,f1802d9bba7b2771ad109621445cb7927a9505f981bbd1220544024739612a6e,2d/Character Pack/Hair/Brown 1/brown1Man6.png,2d
a6aaa2d871ed3cbd,images/civilian/male/clean_pixel/unknown/kenney_cc0_2d/action/a6aaa2d871ed3cbd_brown1Man7.png,civilian,male,unknown,clean_pixel,kenney_cc0_2d,https://github.com/shorepine/kenney,CC0,action,158x119,False,a6aaa2d871ed3cbd6ecb0db3225606ce8fd773d482da910c752e592341f26795,2d/Character Pack/Hair/Brown 1/brown1Man7.png,2d
94dc23603f5dc929,images/civilian/male/clean_pixel/unknown/kenney_cc0_2d/action/94dc23603f5dc929_brown1Man8.png,civilian,male,unknown,clean_pixel,kenney_cc0_2d,https://github.com/shorepine/kenney,CC0,action,158x47,False,94dc23603f5dc9299ee99a1d8a6e43383fb19c5f077079ebb5838c7ae2e592db,2d/Character Pack/Hair/Brown 1/brown1Man8.png,2d
77c73d57fea9e6b4,images/civilian/female/clean_pixel/unknown/kenney_cc0_2d/action/77c73d57fea9e6b4_brown1Woman1.png,civilian,female,unknown,clean_pixel,kenney_cc0_2d,https://github.com/shorepine/kenney,CC0,action,158x285,False,77c73d57fea9e6b411ca4d08e3a47598efa0c2e30ebe1e7f71c1cd4354469170,2d/Character Pack/Hair/Brown 1/brown1Woman1.png,2d
4079523b809fafc2,images/civilian/female/clean_pixel/unknown/kenney_cc0_2d/action/4079523b809fafc2_brown1Woman2.png,civilian,female,unknown,clean_pixel,kenney_cc0_2d,https://github.com/shorepine/kenney,CC0,action,160x227,False,4079523b809fafc2ba8be9d830becfb664b3c191ce7e2b26ab5aab72080f5b06,2d/Character Pack/Hair/Brown 1/brown1Woman2.png,2d
943ec892eaee79f0,images/civilian/female/clean_pixel/unknown/kenney_cc0_2d/action/943ec892eaee79f0_brown1Woman3.png,civilian,female,unknown,clean_pixel,kenney_cc0_2d,https://github.com/shorepine/kenney,CC0,action,158x286,False,943ec892eaee79f04b6adbb2e8dc2a2fc86c77ebb1d6613af51d187a3773883e,2d/Character Pack/Hair/Brown 1/brown1Woman3.png,2d
1002d67639ba7732,images/civilian/female/clean_pixel/unknown/kenney_cc0_2d/action/1002d67639ba7732_brown1Woman4.png,civilian,female,unknown,clean_pixel,kenney_cc0_2d,https://github.com/shorepine/kenney,CC0,action,165x227,False,1002d67639ba7732412249ebb8176779c062919adfae9c8be0166b67bd0f273e,2d/Character Pack/Hair/Brown 1/brown1Woman4.png,2d
66cb1b2dbffbc03e,images/civilian/female/clean_pixel/unknown/kenney_cc0_2d/action/66cb1b2dbffbc03e_brown1Woman5.png,civilian,female,unknown,clean_pixel,kenney_cc0_2d,https://github.com/shorepine/kenney,CC0,action,164x213,False,66cb1b2dbffbc03e8de4f8b71bf0e2056197b205a642bc9168b7bd23d84b610c,2d/Character Pack/Hair/Brown 1/brown1Woman5.png,2d
a695eb4532176cef,images/civilian/female/clean_pixel/unknown/kenney_cc0_2d/action/a695eb4532176cef_brown1Woman6.png,civilian,female,unknown,clean_pixel,kenney_cc0_2d,https://github.com/shorepine/kenney,CC0,action,168x213,False,a695eb4532176cefd68411d64427bc5b0c6bd0fcf3d2c4d9f26248ae190b3837,2d/Character Pack/Hair/Brown 1/brown1Woman6.png,2d
b0e8bc4bcc3e1ac2,images/civilian/male/clean_pixel/unknown/kenney_cc0_2d/action/b0e8bc4bcc3e1ac2_brown2Man1.png,civilian,male,unknown,clean_pixel,kenney_cc0_2d,https://github.com/shorepine/kenney,CC0,action,158x119,False,b0e8bc4bcc3e1ac200da2c832f52c0988903e58d26054838ce5ce8831ae881a8,2d/Character Pack/Hair/Brown 2/brown2Man1.png,2d
2d85c14e7d9e3375,images/civilian/male/clean_pixel/unknown/kenney_cc0_2d/action/2d85c14e7d9e3375_brown2Man2.png,civilian,male,unknown,clean_pixel,kenney_cc0_2d,https://github.com/shorepine/kenney,CC0,action,158x138,False,2d85c14e7d9e33751276d97b2a73105a55f2942c43dfce2c6db1d9fac9c6e9ac,2d/Character Pack/Hair/Brown 2/brown2Man2.png,2d
db396bcf407df0f3,images/civilian/male/clean_pixel/unknown/kenney_cc0_2d/action/db396bcf407df0f3_brown2Man3.png,civilian,male,unknown,clean_pixel,kenney_cc0_2d,https://github.com/shorepine/kenney,CC0,action,158x119,False,db396bcf407df0f31181a668058b2540bad6ef66af812bb02f23cc91dfc5a1ce,2d/Character Pack/Hair/Brown 2/brown2Man3.png,2d
719902db656ed11b,images/civilian/male/clean_pixel/unknown/kenney_cc0_2d/action/719902db656ed11b_brown2Man4.png,civilian,male,unknown,clean_pixel,kenney_cc0_2d,https://github.com/shorepine/kenney,CC0,action,158x119,False,719902db656ed11b866e44bbd278f61dea660b143d0601de4b07d068643c4a8b,2d/Character Pack/Hair/Brown 2/brown2Man4.png,2d
5e5a0707f545e1eb,images/civilian/male/clean_pixel/unknown/kenney_cc0_2d/action/5e5a0707f545e1eb_brown2Man5.png,civilian,male,unknown,clean_pixel,kenney_cc0_2d,https://github.com/shorepine/kenney,CC0,action,171x130,False,5e5a0707f545e1ebaa56b2bc701c8d6b5cc58656ee1ecd29316fe4c1ddedeb37,2d/Character Pack/Hair/Brown 2/brown2Man5.png,2d
bbdd6457f5514141,images/civilian/male/clean_pixel/unknown/kenney_cc0_2d/action/bbdd6457f5514141_brown2Man6.png,civilian,male,unknown,clean_pixel,kenney_cc0_2d,https://github.com/shorepine/kenney,CC0,action,158x119,False,bbdd6457f55141414e5039d0f2aca9947d07ce73ce8f5e6dc569c4e02e610cdd,2d/Character Pack/Hair/Brown 2/brown2Man6.png,2d
779a4795b1b15365,images/civilian/male/clean_pixel/unknown/kenney_cc0_2d/action/779a4795b1b15365_brown2Man7.png,civilian,male,unknown,clean_pixel,kenney_cc0_2d,https://github.com/shorepine/kenney,CC0,action,158x119,False,779a4795b1b15365f4ef3f9ba61f85455bb022aa875e628925963a3dd7f5682a,2d/Character Pack/Hair/Brown 2/brown2Man7.png,2d
8b8f2fddac895c14,images/civilian/male/clean_pixel/unknown/kenney_cc0_2d/action/8b8f2fddac895c14_brown2Man8.png,civilian,male,unknown,clean_pixel,kenney_cc0_2d,https://github.com/shorepine/kenney,CC0,action,158x47,False,8b8f2fddac895c1488dd294fd910e5b850b1cce9d8ab447edda105a357c9144a,2d/Character Pack/Hair/Brown 2/brown2Man8.png,2d
dbd0ef5dde1eeaa9,images/civilian/female/clean_pixel/unknown/kenney_cc0_2d/action/dbd0ef5dde1eeaa9_brown2Woman1.png,civilian,female,unknown,clean_pixel,kenney_cc0_2d,https://github.com/shorepine/kenney,CC0,action,158x285,False,dbd0ef5dde1eeaa90df74d4933fe6c0385bda3d8992899ea76035af1492f0eeb,2d/Character Pack/Hair/Brown 2/brown2Woman1.png,2d
4f29d50b5409de5f,images/civilian/female/clean_pixel/unknown/kenney_cc0_2d/action/4f29d50b5409de5f_brown2Woman2.png,civilian,female,unknown,clean_pixel,kenney_cc0_2d,https://github.com/shorepine/kenney,CC0,action,160x227,False,4f29d50b5409de5fcfc12239f6b735fcb73548f89ca9298c09b5ff5bf0ba02ae,2d/Character Pack/Hair/Brown 2/brown2Woman2.png,2d
d6b70a256f274319,images/civilian/female/clean_pixel/unknown/kenney_cc0_2d/action/d6b70a256f274319_brown2Woman3.png,civilian,female,unknown,clean_pixel,kenney_cc0_2d,https://github.com/shorepine/kenney,CC0,action,158x286,False,d6b70a256f274319a630a1974250a9d87791216fa8975e64f090fa3b66838a5a,2d/Character Pack/Hair/Brown 2/brown2Woman3.png,2d
dd00221552013537,images/civilian/female/clean_pixel/unknown/kenney_cc0_2d/action/dd00221552013537_brown2Woman4.png,civilian,female,unknown,clean_pixel,kenney_cc0_2d,https://github.com/shorepine/kenney,CC0,action,165x227,False,dd00221552013537ad0bd4251147d76f2995aa04461b6c3fef374434c647e8b1,2d/Character Pack/Hair/Brown 2/brown2Woman4.png,2d
11e27a27044215a7,images/civilian/female/clean_pixel/unknown/kenney_cc0_2d/action/11e27a27044215a7_brown2Woman5.png,civilian,female,unknown,clean_pixel,kenney_cc0_2d,https://github.com/shorepine/kenney,CC0,action,164x213,False,11e27a27044215a7307b69b29deb35caf73948766e65ad2a6b9ea6a9e4fa2573,2d/Character Pack/Hair/Brown 2/brown2Woman5.png,2d
5d40ee9f642ae41f,images/civilian/female/clean_pixel/unknown/kenney_cc0_2d/action/5d40ee9f642ae41f_brown2Woman6.png,civilian,female,unknown,clean_pixel,kenney_cc0_2d,https://github.com/shorepine/kenney,CC0,action,168x213,False,5d40ee9f642ae41ff9f89af655f510573816149c00ea65b9d9e3a99bd5bef6e7,2d/Character Pack/Hair/Brown 2/brown2Woman6.png,2d
9793481bbd8f33c6,images/civilian/male/clean_pixel/unknown/kenney_cc0_2d/action/9793481bbd8f33c6_greyMan1.png,civilian,male,unknown,clean_pixel,kenney_cc0_2d,https://github.com/shorepine/kenney,CC0,action,159x119,False,9793481bbd8f33c6f931ebf72edc8172999563ae668348698a89f9dd391815ef,2d/Character Pack/Hair/Grey/greyMan1.png,2d
8fcc10da18b8d27b,images/civilian/male/clean_pixel/unknown/kenney_cc0_2d/action/8fcc10da18b8d27b_greyMan2.png,civilian,male,unknown,clean_pixel,kenney_cc0_2d,https://github.com/shorepine/kenney,CC0,action,159x138,False,8fcc10da18b8d27b0c3919eff3e6d16060bfc8178a0537f5ef77197d98b85f06,2d/Character Pack/Hair/Grey/greyMan2.png,2d
1bff2fc4f6780aec,images/civilian/male/clean_pixel/unknown/kenney_cc0_2d/action/1bff2fc4f6780aec_greyMan3.png,civilian,male,unknown,clean_pixel,kenney_cc0_2d,https://github.com/shorepine/kenney,CC0,action,159x119,False,1bff2fc4f6780aec35825af1fed9c90031f66b616c7ea8a97b083957be5684a5,2d/Character Pack/Hair/Grey/greyMan3.png,2d
f46637bce37c6291,images/civilian/male/clean_pixel/unknown/kenney_cc0_2d/action/f46637bce37c6291_greyMan4.png,civilian,male,unknown,clean_pixel,kenney_cc0_2d,https://github.com/shorepine/kenney,CC0,action,159x119,False,f46637bce37c629197a985ee5516cebe331c309912833ab877e1323b9605e81e,2d/Character Pack/Hair/Grey/greyMan4.png,2d
c059961490329c89,images/civilian/male/clean_pixel/unknown/kenney_cc0_2d/action/c059961490329c89_greyMan5.png,civilian,male,unknown,clean_pixel,kenney_cc0_2d,https://github.com/shorepine/kenney,CC0,action,171x130,False,c059961490329c896217f47d203bfe76f41d7d9e1fba8188aaafac89f2da48a4,2d/Character Pack/Hair/Grey/greyMan5.png,2d
45839b6528034fd0,images/civilian/male/clean_pixel/unknown/kenney_cc0_2d/action/45839b6528034fd0_greyMan6.png,civilian,male,unknown,clean_pixel,kenney_cc0_2d,https://github.com/shorepine/kenney,CC0,action,159x119,False,45839b6528034fd043562000872373461777c6e565ba0d908a441dd908d7b67b,2d/Character Pack/Hair/Grey/greyMan6.png,2d
cef05c37162ac975,images/civilian/male/clean_pixel/unknown/kenney_cc0_2d/action/cef05c37162ac975_greyMan7.png,civilian,male,unknown,clean_pixel,kenney_cc0_2d,https://github.com/shorepine/kenney,CC0,action,159x119,False,cef05c37162ac9752e585d329c718a852025a2ec238ea0663df63c4d431538da,2d/Character Pack/Hair/Grey/greyMan7.png,2d
67d4fded38c99421,images/civilian/male/clean_pixel/unknown/kenney_cc0_2d/action/67d4fded38c99421_greyMan8.png,civilian,male,unknown,clean_pixel,kenney_cc0_2d,https://github.com/shorepine/kenney,CC0,action,158x47,False,67d4fded38c9942162eebf607fd08f577a4189f9dcc48cc4d49b7162df076465,2d/Character Pack/Hair/Grey/greyMan8.png,2d
eb8f1b0bb4304f99,images/civilian/female/clean_pixel/unknown/kenney_cc0_2d/action/eb8f1b0bb4304f99_greyWoman1.png,civilian,female,unknown,clean_pixel,kenney_cc0_2d,https://github.com/shorepine/kenney,CC0,action,158x285,False,eb8f1b0bb4304f995d0fe3efdd2c6f3716510aab72b4f1c23e79635719b8a269,2d/Character Pack/Hair/Grey/greyWoman1.png,2d
0b7c8733c5a6e192,images/civilian/female/clean_pixel/unknown/kenney_cc0_2d/action/0b7c8733c5a6e192_greyWoman2.png,civilian,female,unknown,clean_pixel,kenney_cc0_2d,https://github.com/shorepine/kenney,CC0,action,160x227,False,0b7c8733c5a6e192d2cb66fdbbc165a9531318c50465aad948a106cb93a9d278,2d/Character Pack/Hair/Grey/greyWoman2.png,2d
f27e1fc5c1e52f84,images/civilian/female/clean_pixel/unknown/kenney_cc0_2d/action/f27e1fc5c1e52f84_greyWoman3.png,civilian,female,unknown,clean_pixel,kenney_cc0_2d,https://github.com/shorepine/kenney,CC0,action,158x286,False,f27e1fc5c1e52f844902bfb9ecbc9bb23b78293733688eb0cf78f2fc9d83e201,2d/Character Pack/Hair/Grey/greyWoman3.png,2d
db56cf1f9f21e289,images/civilian/female/clean_pixel/unknown/kenney_cc0_2d/action/db56cf1f9f21e289_greyWoman4.png,civilian,female,unknown,clean_pixel,kenney_cc0_2d,https://github.com/shorepine/kenney,CC0,action,165x227,False,db56cf1f9f21e28930770193ab06a03859f817fd026078ee708a75c73b4dc7d3,2d/Character Pack/Hair/Grey/greyWoman4.png,2d
0ace6feed62fd23e,images/civilian/female/clean_pixel/unknown/kenney_cc0_2d/action/0ace6feed62fd23e_greyWoman5.png,civilian,female,unknown,clean_pixel,kenney_cc0_2d,https://github.com/shorepine/kenney,CC0,action,164x213,False,0ace6feed62fd23efff957caca40ce693447c85b6c5ea5b74e78c0cf4f183b06,2d/Character Pack/Hair/Grey/greyWoman5.png,2d
ebce71316f62c437,images/civilian/female/clean_pixel/unknown/kenney_cc0_2d/action/ebce71316f62c437_greyWoman6.png,civilian,female,unknown,clean_pixel,kenney_cc0_2d,https://github.com/shorepine/kenney,CC0,action,168x213,False,ebce71316f62c437222ce16328ed453174cda74ecc72486cb26199ce2f3d024e,2d/Character Pack/Hair/Grey/greyWoman6.png,2d
92a927191bbaead4,images/civilian/male/clean_pixel/unknown/kenney_cc0_2d/action/92a927191bbaead4_redMan1.png,civilian,male,unknown,clean_pixel,kenney_cc0_2d,https://github.com/shorepine/kenney,CC0,action,159x119,False,92a927191bbaead40c1a7108453bd143bd8df2e6a8508607f245aca979e42ba8,2d/Character Pack/Hair/Red/redMan1.png,2d
a2f063f2bea3e9a8,images/civilian/male/clean_pixel/unknown/kenney_cc0_2d/action/a2f063f2bea3e9a8_redMan2.png,civilian,male,unknown,clean_pixel,kenney_cc0_2d,https://github.com/shorepine/kenney,CC0,action,159x138,False,a2f063f2bea3e9a8aeb319ca141ecc12028ad526ac654b871b881a480afe93dc,2d/Character Pack/Hair/Red/redMan2.png,2d
97acd63dbfa6c297,images/civilian/male/clean_pixel/unknown/kenney_cc0_2d/action/97acd63dbfa6c297_redMan3.png,civilian,male,unknown,clean_pixel,kenney_cc0_2d,https://github.com/shorepine/kenney,CC0,action,159x119,False,97acd63dbfa6c29794530af05868c443366b04cb704990eaac2d5d2724545d60,2d/Character Pack/Hair/Red/redMan3.png,2d
ee13cf2d6d5c49c1,images/civilian/male/clean_pixel/unknown/kenney_cc0_2d/action/ee13cf2d6d5c49c1_redMan4.png,civilian,male,unknown,clean_pixel,kenney_cc0_2d,https://github.com/shorepine/kenney,CC0,action,159x119,False,ee13cf2d6d5c49c1b3468185e1a1b119196a89549ca777737427d513f08a6d07,2d/Character Pack/Hair/Red/redMan4.png,2d
2337eccf08fdc408,images/civilian/male/clean_pixel/unknown/kenney_cc0_2d/action/2337eccf08fdc408_redMan5.png,civilian,male,unknown,clean_pixel,kenney_cc0_2d,https://github.com/shorepine/kenney,CC0,action,171x130,False,2337eccf08fdc408303b18d77d68539bafad624ff495311479306ac4e46afe95,2d/Character Pack/Hair/Red/redMan5.png,2d
730e7d2c4a3d1c38,images/civilian/male/clean_pixel/unknown/kenney_cc0_2d/action/730e7d2c4a3d1c38_redMan6.png,civilian,male,unknown,clean_pixel,kenney_cc0_2d,https://github.com/shorepine/kenney,CC0,action,159x119,False,730e7d2c4a3d1c386ddf3dcf2b6d60df1ae65dc720c6795200a1ee4613e9cc7b,2d/Character Pack/Hair/Red/redMan6.png,2d
a865b5c761361bbb,images/civilian/male/clean_pixel/unknown/kenney_cc0_2d/action/a865b5c761361bbb_redMan7.png,civilian,male,unknown,clean_pixel,kenney_cc0_2d,https://github.com/shorepine/kenney,CC0,action,159x119,False,a865b5c761361bbb74b49101274efd6eb16f5d4af4f412a16ea7d993c2d59e41,2d/Character Pack/Hair/Red/redMan7.png,2d
1475b5bc9f2e9bbe,images/civilian/male/clean_pixel/unknown/kenney_cc0_2d/action/1475b5bc9f2e9bbe_redMan8.png,civilian,male,unknown,clean_pixel,kenney_cc0_2d,https://github.com/shorepine/kenney,CC0,action,158x47,False,1475b5bc9f2e9bbe27fd03ce7c90992b5d641373067d4725bd6737abd2938775,2d/Character Pack/Hair/Red/redMan8.png,2d
e8606ac1671ae73b,images/civilian/female/clean_pixel/unknown/kenney_cc0_2d/action/e8606ac1671ae73b_redWoman1.png,civilian,female,unknown,clean_pixel,kenney_cc0_2d,https://github.com/shorepine/kenney,CC0,action,159x285,False,e8606ac1671ae73b1ef7764992a737f42d4388c0c0c3deecaa37a3bcbb179904,2d/Character Pack/Hair/Red/redWoman1.png,2d
d468c432e8e1c041,images/civilian/female/clean_pixel/unknown/kenney_cc0_2d/action/d468c432e8e1c041_redWoman2.png,civilian,female,unknown,clean_pixel,kenney_cc0_2d,https://github.com/shorepine/kenney,CC0,action,161x227,False,d468c432e8e1c0419e72aa94ddf2e338dee3c97d6556f671c65cd0223dcf74c2,2d/Character Pack/Hair/Red/redWoman2.png,2d
8afba71b80c6ed31,images/civilian/female/clean_pixel/unknown/kenney_cc0_2d/action/8afba71b80c6ed31_redWoman3.png,civilian,female,unknown,clean_pixel,kenney_cc0_2d,https://github.com/shorepine/kenney,CC0,action,159x286,False,8afba71b80c6ed314c9c9df5e28e270f9220331f33c9f6fcf07dbe921023e54b,2d/Character Pack/Hair/Red/redWoman3.png,2d
9b737063b355cc20,images/civilian/female/clean_pixel/unknown/kenney_cc0_2d/action/9b737063b355cc20_redWoman4.png,civilian,female,unknown,clean_pixel,kenney_cc0_2d,https://github.com/shorepine/kenney,CC0,action,165x227,False,9b737063b355cc20f248694af370a549e7a2f524643d17623aa43bf538a3cd53,2d/Character Pack/Hair/Red/redWoman4.png,2d
d89ac29df0f3ec12,images/civilian/female/clean_pixel/unknown/kenney_cc0_2d/action/d89ac29df0f3ec12_redWoman5.png,civilian,female,unknown,clean_pixel,kenney_cc0_2d,https://github.com/shorepine/kenney,CC0,action,164x213,False,d89ac29df0f3ec120179557ffc7d3a89ccf6dac2560833f305260bd1589cce3d,2d/Character Pack/Hair/Red/redWoman5.png,2d
a96fac468dd25b4e,images/civilian/female/clean_pixel/unknown/kenney_cc0_2d/action/a96fac468dd25b4e_redWoman6.png,civilian,female,unknown,clean_pixel,kenney_cc0_2d,https://github.com/shorepine/kenney,CC0,action,168x213,False,a96fac468dd25b4e1b2fd5391ba33adc3c4e7f4a62714ce80d6a5a2de7c8657a,2d/Character Pack/Hair/Red/redWoman6.png,2d
8f6cef6f55c3fce1,images/civilian/male/clean_pixel/unknown/kenney_cc0_2d/action/8f6cef6f55c3fce1_tanMan1.png,civilian,male,unknown,clean_pixel,kenney_cc0_2d,https://github.com/shorepine/kenney,CC0,action,158x119,False,8f6cef6f55c3fce1d6bd311301432328b4625ae384e8e4205ba116432540e882,2d/Character Pack/Hair/Tan/tanMan1.png,2d
f2437e1f5450bd27,images/civilian/male/clean_pixel/unknown/kenney_cc0_2d/action/f2437e1f5450bd27_tanMan2.png,civilian,male,unknown,clean_pixel,kenney_cc0_2d,https://github.com/shorepine/kenney,CC0,action,158x138,False,f2437e1f5450bd2702f01630373ab4c5d9d747234e9c23a82accfa9597c66a98,2d/Character Pack/Hair/Tan/tanMan2.png,2d
6ead0156684c800c,images/civilian/male/clean_pixel/unknown/kenney_cc0_2d/action/6ead0156684c800c_tanMan3.png,civilian,male,unknown,clean_pixel,kenney_cc0_2d,https://github.com/shorepine/kenney,CC0,action,158x119,False,6ead0156684c800c89827d149d380ca2e835c613642ac6a234ba708b840cf546,2d/Character Pack/Hair/Tan/tanMan3.png,2d
7d7d92fe819f4470,images/civilian/male/clean_pixel/unknown/kenney_cc0_2d/action/7d7d92fe819f4470_tanMan4.png,civilian,male,unknown,clean_pixel,kenney_cc0_2d,https://github.com/shorepine/kenney,CC0,action,158x119,False,7d7d92fe819f447020876c828799bd51daaae437f4b084ca7089fef23a2f7642,2d/Character Pack/Hair/Tan/tanMan4.png,2d
1fee43c224d5ebd7,images/civilian/male/clean_pixel/unknown/kenney_cc0_2d/action/1fee43c224d5ebd7_tanMan5.png,civilian,male,unknown,clean_pixel,kenney_cc0_2d,https://github.com/shorepine/kenney,CC0,action,171x130,False,1fee43c224d5ebd7a32ebdf5b732ca38700ea342dcb2981dc955f0868815c7dc,2d/Character Pack/Hair/Tan/tanMan5.png,2d
234eb3ac666b9da8,images/civilian/male/clean_pixel/unknown/kenney_cc0_2d/action/234eb3ac666b9da8_tanMan6.png,civilian,male,unknown,clean_pixel,kenney_cc0_2d,https://github.com/shorepine/kenney,CC0,action,158x119,False,234eb3ac666b9da8735b1fb79bb3a19b13702ecd07b191567457ab84bd6597bb,2d/Character Pack/Hair/Tan/tanMan6.png,2d
4851beaaedb62971,images/civilian/male/clean_pixel/unknown/kenney_cc0_2d/action/4851beaaedb62971_tanMan7.png,civilian,male,unknown,clean_pixel,kenney_cc0_2d,https://github.com/shorepine/kenney,CC0,action,158x119,False,4851beaaedb62971f2ff3b22909777bc3ee96cbbd06349e13fad64d186d2ef1d,2d/Character Pack/Hair/Tan/tanMan7.png,2d
81bd31634e5c9350,images/civilian/male/clean_pixel/unknown/kenney_cc0_2d/action/81bd31634e5c9350_tanMan8.png,civilian,male,unknown,clean_pixel,kenney_cc0_2d,https://github.com/shorepine/kenney,CC0,action,158x47,False,81bd31634e5c9350c3817372e481201520c178ec10e8d44b5dd964c3d9208db5,2d/Character Pack/Hair/Tan/tanMan8.png,2d
3ab0b498dd87ea5f,images/civilian/female/clean_pixel/unknown/kenney_cc0_2d/action/3ab0b498dd87ea5f_tanWoman1.png,civilian,female,unknown,clean_pixel,kenney_cc0_2d,https://github.com/shorepine/kenney,CC0,action,158x285,False,3ab0b498dd87ea5faeda58d74564f5dc01e1d512b55c3930aff9df4c4dcbea79,2d/Character Pack/Hair/Tan/tanWoman1.png,2d
4cd1aa00dce98db5,images/civilian/female/clean_pixel/unknown/kenney_cc0_2d/action/4cd1aa00dce98db5_tanWoman2.png,civilian,female,unknown,clean_pixel,kenney_cc0_2d,https://github.com/shorepine/kenney,CC0,action,160x227,False,4cd1aa00dce98db58925d09c37c612c71e73cbd76cb2c6f95321c3ce9172bfe1,2d/Character Pack/Hair/Tan/tanWoman2.png,2d
f0f90a1a26147a00,images/civilian/female/clean_pixel/unknown/kenney_cc0_2d/action/f0f90a1a26147a00_tanWoman3.png,civilian,female,unknown,clean_pixel,kenney_cc0_2d,https://github.com/shorepine/kenney,CC0,action,168x213,False,f0f90a1a26147a0069b948e0c2f6dfd26475cb12b0bde03577cfd25dd74adf0e,2d/Character Pack/Hair/Tan/tanWoman3.png,2d
9969745124147f27,images/civilian/female/clean_pixel/unknown/kenney_cc0_2d/action/9969745124147f27_tanWoman4.png,civilian,female,unknown,clean_pixel,kenney_cc0_2d,https://github.com/shorepine/kenney,CC0,action,158x286,False,9969745124147f279d003d507070e7d0f203adcbb3745f3fcdb8b30750735008,2d/Character Pack/Hair/Tan/tanWoman4.png,2d
78c39fe9276f2a25,images/civilian/female/clean_pixel/unknown/kenney_cc0_2d/action/78c39fe9276f2a25_tanWoman5.png,civilian,female,unknown,clean_pixel,kenney_cc0_2d,https://github.com/shorepine/kenney,CC0,action,165x227,False,78c39fe9276f2a25da177cddb8d015b71c4932a11e9cd02680ce6d448a61a6dd,2d/Character Pack/Hair/Tan/tanWoman5.png,2d
5dd2131e61b7a2d3,images/civilian/female/clean_pixel/unknown/kenney_cc0_2d/action/5dd2131e61b7a2d3_tanWoman6.png,civilian,female,unknown,clean_pixel,kenney_cc0_2d,https://github.com/shorepine/kenney,CC0,action,164x213,False,5dd2131e61b7a2d3840f88f22cac93eb6733377c39201a0ce37e7cda3ac71d0c,2d/Character Pack/Hair/Tan/tanWoman6.png,2d
fc736bd8e8ab737e,images/item/male/clean_pixel/unknown/kenney_cc0_2d/action/fc736bd8e8ab737e_whiteMan1.png,item,male,unknown,clean_pixel,kenney_cc0_2d,https://github.com/shorepine/kenney,CC0,action,159x119,False,fc736bd8e8ab737ede1eb8ce1f59abd29d1fd2563e8c0f6e6516112c76a0c997,2d/Character Pack/Hair/White/whiteMan1.png,2d
71b483be3779e09f,images/item/male/clean_pixel/unknown/kenney_cc0_2d/action/71b483be3779e09f_whiteMan2.png,item,male,unknown,clean_pixel,kenney_cc0_2d,https://github.com/shorepine/kenney,CC0,action,159x138,False,71b483be3779e09f496788c34f9162ee06d29851843cebe391e7c6834a8524b5,2d/Character Pack/Hair/White/whiteMan2.png,2d
46272cca3fa4b163,images/item/male/clean_pixel/unknown/kenney_cc0_2d/action/46272cca3fa4b163_whiteMan3.png,item,male,unknown,clean_pixel,kenney_cc0_2d,https://github.com/shorepine/kenney,CC0,action,159x119,False,46272cca3fa4b1632c0da03d44c71777a3817f859227bcce5a99f17253fc1ecd,2d/Character Pack/Hair/White/whiteMan3.png,2d
52490ae5f6a680c4,images/item/male/clean_pixel/unknown/kenney_cc0_2d/action/52490ae5f6a680c4_whiteMan4.png,item,male,unknown,clean_pixel,kenney_cc0_2d,https://github.com/shorepine/kenney,CC0,action,159x119,False,52490ae5f6a680c4534af05c9cb043b476b4a51e315ad3bf3424e3299ddd86f3,2d/Character Pack/Hair/White/whiteMan4.png,2d
75f44706f1c00fec,images/item/male/clean_pixel/unknown/kenney_cc0_2d/action/75f44706f1c00fec_whiteMan5.png,item,male,unknown,clean_pixel,kenney_cc0_2d,https://github.com/shorepine/kenney,CC0,action,171x130,False,75f44706f1c00fecba6899730f4c205ca2e775e4aa40a3c8b48565808bd32fdb,2d/Character Pack/Hair/White/whiteMan5.png,2d
ba0798329fc84dfe,images/item/male/clean_pixel/unknown/kenney_cc0_2d/action/ba0798329fc84dfe_whiteMan6.png,item,male,unknown,clean_pixel,kenney_cc0_2d,https://github.com/shorepine/kenney,CC0,action,159x119,False,ba0798329fc84dfe1bd55eb6c8e95a7991e1c4467997357586c31b3e833ab500,2d/Character Pack/Hair/White/whiteMan6.png,2d
cdb7b607c478ebc0,images/item/male/clean_pixel/unknown/kenney_cc0_2d/action/cdb7b607c478ebc0_whiteMan7.png,item,male,unknown,clean_pixel,kenney_cc0_2d,https://github.com/shorepine/kenney,CC0,action,159x119,False,cdb7b607c478ebc0c18894cadca9e6905d3f1550bab4fb805a17af473aa25633,2d/Character Pack/Hair/White/whiteMan7.png,2d
e7dd62bba267e059,images/item/male/clean_pixel/unknown/kenney_cc0_2d/action/e7dd62bba267e059_whiteMan8.png,item,male,unknown,clean_pixel,kenney_cc0_2d,https://github.com/shorepine/kenney,CC0,action,158x47,False,e7dd62bba267e05997b2b7920023838ba1a9eafbcf445c098b6611a7bb9f1e5a,2d/Character Pack/Hair/White/whiteMan8.png,2d
41d68b9a21066d80,images/civilian/female/clean_pixel/unknown/kenney_cc0_2d/action/41d68b9a21066d80_whiteWoman1.png,civilian,female,unknown,clean_pixel,kenney_cc0_2d,https://github.com/shorepine/kenney,CC0,action,159x285,False,41d68b9a21066d809cece88ec3caac8d016e96243e6bce3dd26a89d82a45ff5d,2d/Character Pack/Hair/White/whiteWoman1.png,2d
97801b562c22687a,images/civilian/female/clean_pixel/unknown/kenney_cc0_2d/action/97801b562c22687a_whiteWoman2.png,civilian,female,unknown,clean_pixel,kenney_cc0_2d,https://github.com/shorepine/kenney,CC0,action,161x227,False,97801b562c22687a40c1d7622ae80df955608ba3cff0e9f80f64a407b392904b,2d/Character Pack/Hair/White/whiteWoman2.png,2d
39ca305242f8d540,images/civilian/female/clean_pixel/unknown/kenney_cc0_2d/action/39ca305242f8d540_whiteWoman3.png,civilian,female,unknown,clean_pixel,kenney_cc0_2d,https://github.com/shorepine/kenney,CC0,action,159x286,False,39ca305242f8d5407205473caee3e161498ed9421282f411d4a69bdba6e379d1,2d/Character Pack/Hair/White/whiteWoman3.png,2d
62d6226d1de549a3,images/civilian/female/clean_pixel/unknown/kenney_cc0_2d/action/62d6226d1de549a3_whiteWoman4.png,civilian,female,unknown,clean_pixel,kenney_cc0_2d,https://github.com/shorepine/kenney,CC0,action,165x227,False,62d6226d1de549a36bab6cabac9fee5a23639e56a59a863d6bc3e89a1c64f606,2d/Character Pack/Hair/White/whiteWoman4.png,2d
297ab9bd511dd5e7,images/civilian/female/clean_pixel/unknown/kenney_cc0_2d/action/297ab9bd511dd5e7_whiteWoman5.png,civilian,female,unknown,clean_pixel,kenney_cc0_2d,https://github.com/shorepine/kenney,CC0,action,164x213,False,297ab9bd511dd5e7021b523e300e2a27a094adae7ec6b108fb323ab78e517c04,2d/Character Pack/Hair/White/whiteWoman5.png,2d
e3b4c27d78832d17,images/civilian/female/clean_pixel/unknown/kenney_cc0_2d/action/e3b4c27d78832d17_whiteWoman6.png,civilian,female,unknown,clean_pixel,kenney_cc0_2d,https://github.com/shorepine/kenney,CC0,action,168x213,False,e3b4c27d78832d170b40b4ceea3f3ccf578a5129e43ef9cf5b7ed4ed8de806ef,2d/Character Pack/Hair/White/whiteWoman6.png,2d
a9971c80b449d651,images/civilian/androgynous/clean_pixel/unknown/kenney_cc0_2d/action/a9971c80b449d651_Instruction.png,civilian,androgynous,unknown,clean_pixel,kenney_cc0_2d,https://github.com/shorepine/kenney,CC0,action,918x515,False,a9971c80b449d6517231d018766f77299a99af8aadbd8e7a84e33c8a7d66d534,2d/Character Pack/Instruction.png,2d
d0c484ba19d0391c,images/civilian/androgynous/clean_pixel/unknown/kenney_cc0_2d/action/d0c484ba19d0391c_pantsBlue11.png,civilian,androgynous,unknown,clean_pixel,kenney_cc0_2d,https://github.com/shorepine/kenney,CC0,action,153x47,False,d0c484ba19d0391cf9814c8c8ee117e458ceba23839f88d8ed6a6478f4cb835c,2d/Character Pack/Pants/Blue 1/pantsBlue11.png,2d
84d9441d13269661,images/civilian/androgynous/clean_pixel/unknown/kenney_cc0_2d/action/84d9441d13269661_pantsBlue12.png,civilian,androgynous,unknown,clean_pixel,kenney_cc0_2d,https://github.com/shorepine/kenney,CC0,action,153x47,False,84d9441d13269661d6870d3174247d88962174be4c0c031e4ed32c9bac5bc2a9,2d/Character Pack/Pants/Blue 1/pantsBlue12.png,2d
1b5f2d5609318e3e,images/civilian/androgynous/clean_pixel/unknown/kenney_cc0_2d/action/1b5f2d5609318e3e_pantsBlue13.png,civilian,androgynous,unknown,clean_pixel,kenney_cc0_2d,https://github.com/shorepine/kenney,CC0,action,153x47,False,1b5f2d5609318e3e8d5fce9058a2ac7d02bf8fc0548e314b501d68ccf4f042e7,2d/Character Pack/Pants/Blue 1/pantsBlue13.png,2d
e04694802b2aaa7f,images/civilian/androgynous/clean_pixel/unknown/kenney_cc0_2d/action/e04694802b2aaa7f_pantsBlue14.png,civilian,androgynous,unknown,clean_pixel,kenney_cc0_2d,https://github.com/shorepine/kenney,CC0,action,153x47,False,e04694802b2aaa7f871e8c22407c801ffdbd2d59e9cd29cccc6e7eafc5b0d92c,2d/Character Pack/Pants/Blue 1/pantsBlue14.png,2d
c9124d0fff2054c3,images/civilian/androgynous/clean_pixel/unknown/kenney_cc0_2d/action/c9124d0fff2054c3_pantsBlue1_long.png,civilian,androgynous,unknown,clean_pixel,kenney_cc0_2d,https://github.com/shorepine/kenney,CC0,action,111x166,False,c9124d0fff2054c340ac0784e6d42c920938e5be8e4ff0c5127c9a844d0f990f,2d/Character Pack/Pants/Blue 1/pantsBlue1_long.png,2d
52ff7b215b02196d,images/civilian/androgynous/clean_pixel/unknown/kenney_cc0_2d/action/52ff7b215b02196d_pantsBlue1_short.png,civilian,androgynous,unknown,clean_pixel,kenney_cc0_2d,https://github.com/shorepine/kenney,CC0,action,107x118,False,52ff7b215b02196da4b84a8e89fbc23c337974c730130f5155caed576ba80871,2d/Character Pack/Pants/Blue 1/pantsBlue1_short.png,2d
a8b8368bde948901,images/civilian/androgynous/clean_pixel/unknown/kenney_cc0_2d/action/a8b8368bde948901_pantsBlue1_shorter.png,civilian,androgynous,unknown,clean_pixel,kenney_cc0_2d,https://github.com/shorepine/kenney,CC0,action,104x105,False,a8b8368bde948901cf5987bd945fb866aa3b0a736956fc5c3923e66457172923,2d/Character Pack/Pants/Blue 1/pantsBlue1_shorter.png,2d
b1bee41549875c8f,images/civilian/androgynous/clean_pixel/unknown/kenney_cc0_2d/action/b1bee41549875c8f_pantsBlue21.png,civilian,androgynous,unknown,clean_pixel,kenney_cc0_2d,https://github.com/shorepine/kenney,CC0,action,153x47,False,b1bee41549875c8f77bd3582a2761a4069eb580872248194e967975ff9751b3a,2d/Character Pack/Pants/Blue 2/pantsBlue21.png,2d
21f098f16afc8b0c,images/civilian/androgynous/clean_pixel/unknown/kenney_cc0_2d/action/21f098f16afc8b0c_pantsBlue22.png,civilian,androgynous,unknown,clean_pixel,kenney_cc0_2d,https://github.com/shorepine/kenney,CC0,action,153x47,False,21f098f16afc8b0c2f04e5427e5b4e874df3cb0a037a2acb41fd6fb7b7f5d6d5,2d/Character Pack/Pants/Blue 2/pantsBlue22.png,2d
57876e21b3d57d47,images/civilian/androgynous/clean_pixel/unknown/kenney_cc0_2d/action/57876e21b3d57d47_pantsBlue23.png,civilian,androgynous,unknown,clean_pixel,kenney_cc0_2d,https://github.com/shorepine/kenney,CC0,action,153x47,False,57876e21b3d57d47be23982c4ee0ec955fdf546ef0239590f904d73b22941a04,2d/Character Pack/Pants/Blue 2/pantsBlue23.png,2d
0fb9e02e1e88ff98,images/civilian/androgynous/clean_pixel/unknown/kenney_cc0_2d/action/0fb9e02e1e88ff98_pantsBlue24.png,civilian,androgynous,unknown,clean_pixel,kenney_cc0_2d,https://github.com/shorepine/kenney,CC0,action,153x47,False,0fb9e02e1e88ff98b454c93db5beb72f10a6340cee558a68a2e0ef75f3895a22,2d/Character Pack/Pants/Blue 2/pantsBlue24.png,2d
43a7f996527d24bd,images/civilian/androgynous/clean_pixel/unknown/kenney_cc0_2d/action/43a7f996527d24bd_pantsBlue2_long.png,civilian,androgynous,unknown,clean_pixel,kenney_cc0_2d,https://github.com/shorepine/kenney,CC0,action,111x166,False,43a7f996527d24bdfa1489faea959f087167513b3dbe0499fa3ce864cd5ea533,2d/Character Pack/Pants/Blue 2/pantsBlue2_long.png,2d
59f8a61544876b5e,images/civilian/androgynous/clean_pixel/unknown/kenney_cc0_2d/action/59f8a61544876b5e_pantsBlue2_short.png,civilian,androgynous,unknown,clean_pixel,kenney_cc0_2d,https://github.com/shorepine/kenney,CC0,action,107x118,False,59f8a61544876b5e7264a22b106f1fea820d8590adde4b005658d3c72469f089,2d/Character Pack/Pants/Blue 2/pantsBlue2_short.png,2d
ceed98fd51807f0c,images/civilian/androgynous/clean_pixel/unknown/kenney_cc0_2d/action/ceed98fd51807f0c_pantsBlue2_shorter.png,civilian,androgynous,unknown,clean_pixel,kenney_cc0_2d,https://github.com/shorepine/kenney,CC0,action,104x105,False,ceed98fd51807f0caf5ecc0f635bea4f0e8b9800290779760787f1bb30adb386,2d/Character Pack/Pants/Blue 2/pantsBlue2_shorter.png,2d
92b106e9f0ad8fe9,images/civilian/androgynous/clean_pixel/unknown/kenney_cc0_2d/action/92b106e9f0ad8fe9_pantsBrown1.png,civilian,androgynous,unknown,clean_pixel,kenney_cc0_2d,https://github.com/shorepine/kenney,CC0,action,153x47,False,92b106e9f0ad8fe9274d973642cb0e0763b990a5def4bd0d079d391569394a38,2d/Character Pack/Pants/Brown/pantsBrown1.png,2d
bdad23949c050c48,images/civilian/androgynous/clean_pixel/unknown/kenney_cc0_2d/action/bdad23949c050c48_pantsBrown2.png,civilian,androgynous,unknown,clean_pixel,kenney_cc0_2d,https://github.com/shorepine/kenney,CC0,action,153x47,False,bdad23949c050c4809628bfd8866290f7d36665a5e381f75ee10325fb9fc73ad,2d/Character Pack/Pants/Brown/pantsBrown2.png,2d
a220e7420c3eac9a,images/civilian/androgynous/clean_pixel/unknown/kenney_cc0_2d/action/a220e7420c3eac9a_pantsBrown3.png,civilian,androgynous,unknown,clean_pixel,kenney_cc0_2d,https://github.com/shorepine/kenney,CC0,action,153x47,False,a220e7420c3eac9a2b5a113336d2d5a7bf33e3b91caed3bb6ed268a1e31297fd,2d/Character Pack/Pants/Brown/pantsBrown3.png,2d
3398692df06be9a3,images/civilian/androgynous/clean_pixel/unknown/kenney_cc0_2d/action/3398692df06be9a3_pantsBrown4.png,civilian,androgynous,unknown,clean_pixel,kenney_cc0_2d,https://github.com/shorepine/kenney,CC0,action,153x47,False,3398692df06be9a3f682516d644896c49c796b3d9094da20674e56b425329353,2d/Character Pack/Pants/Brown/pantsBrown4.png,2d
dbcdfffb4ce39a18,images/civilian/androgynous/clean_pixel/unknown/kenney_cc0_2d/action/dbcdfffb4ce39a18_pantsBrown_long.png,civilian,androgynous,unknown,clean_pixel,kenney_cc0_2d,https://github.com/shorepine/kenney,CC0,action,111x166,False,dbcdfffb4ce39a18b0cef5de577e816f67129bfbf275ee0c94a48b1f786311c4,2d/Character Pack/Pants/Brown/pantsBrown_long.png,2d
da7eb9811f57e3f3,images/civilian/androgynous/clean_pixel/unknown/kenney_cc0_2d/action/da7eb9811f57e3f3_pantsBrown_short.png,civilian,androgynous,unknown,clean_pixel,kenney_cc0_2d,https://github.com/shorepine/kenney,CC0,action,107x118,False,da7eb9811f57e3f392e99eed6f4904eba1c19e77401f36f0ac26a6d35b686e4f,2d/Character Pack/Pants/Brown/pantsBrown_short.png,2d
04939c02c0373068,images/civilian/androgynous/clean_pixel/unknown/kenney_cc0_2d/action/04939c02c0373068_pantsBrown_shorter.png,civilian,androgynous,unknown,clean_pixel,kenney_cc0_2d,https://github.com/shorepine/kenney,CC0,action,104x105,False,04939c02c03730684a3615ea0aef6afd7e27a59bdb266ad53567da4990d0d195,2d/Character Pack/Pants/Brown/pantsBrown_shorter.png,2d
c8d519ae3c473c1d,images/civilian/androgynous/clean_pixel/unknown/kenney_cc0_2d/action/c8d519ae3c473c1d_pantsGreen1.png,civilian,androgynous,unknown,clean_pixel,kenney_cc0_2d,https://github.com/shorepine/kenney,CC0,action,153x47,False,c8d519ae3c473c1daf5edcc4091ecab868d746eedbb21495218fb27b27fbd517,2d/Character Pack/Pants/Green/pantsGreen1.png,2d
d61bbc9b5e4e65d8,images/civilian/androgynous/clean_pixel/unknown/kenney_cc0_2d/action/d61bbc9b5e4e65d8_pantsGreen2.png,civilian,androgynous,unknown,clean_pixel,kenney_cc0_2d,https://github.com/shorepine/kenney,CC0,action,153x47,False,d61bbc9b5e4e65d894c2c908ed4f97e5076ba019225678eddb03c2205943f4aa,2d/Character Pack/Pants/Green/pantsGreen2.png,2d
25a9f791f01d6259,images/civilian/androgynous/clean_pixel/unknown/kenney_cc0_2d/action/25a9f791f01d6259_pantsGreen3.png,civilian,androgynous,unknown,clean_pixel,kenney_cc0_2d,https://github.com/shorepine/kenney,CC0,action,153x47,False,25a9f791f01d62590ec475cfe09e1ead9b6b7f9c23678755713327f4a930b271,2d/Character Pack/Pants/Green/pantsGreen3.png,2d
fc14f805143af5bf,images/civilian/androgynous/clean_pixel/unknown/kenney_cc0_2d/action/fc14f805143af5bf_pantsGreen4.png,civilian,androgynous,unknown,clean_pixel,kenney_cc0_2d,https://github.com/shorepine/kenney,CC0,action,153x47,False,fc14f805143af5bf280b3c6ba0d5f4a58eac7eb7dca8b1121761eca59d821977,2d/Character Pack/Pants/Green/pantsGreen4.png,2d
8d428e8169334920,images/civilian/androgynous/clean_pixel/unknown/kenney_cc0_2d/action/8d428e8169334920_pantsGreen_long.png,civilian,androgynous,unknown,clean_pixel,kenney_cc0_2d,https://github.com/shorepine/kenney,CC0,action,111x166,False,8d428e8169334920cde18e18870b641c054baed5aa279b24c68ffa3760e839aa,2d/Character Pack/Pants/Green/pantsGreen_long.png,2d
cdb76aced9d22869,images/civilian/androgynous/clean_pixel/unknown/kenney_cc0_2d/action/cdb76aced9d22869_pantsGreen_short.png,civilian,androgynous,unknown,clean_pixel,kenney_cc0_2d,https://github.com/shorepine/kenney,CC0,action,107x118,False,cdb76aced9d22869e69f1de36c80329db5a5e286fee67387fe3e4fc297d0d8bf,2d/Character Pack/Pants/Green/pantsGreen_short.png,2d
6d6399826caae789,images/civilian/androgynous/clean_pixel/unknown/kenney_cc0_2d/action/6d6399826caae789_pantsGreen_shorter.png,civilian,androgynous,unknown,clean_pixel,kenney_cc0_2d,https://github.com/shorepine/kenney,CC0,action,104x105,False,6d6399826caae7890f64218c56d7e4a0b1cc26c6a2b0496eee7a39aa40614d66,2d/Character Pack/Pants/Green/pantsGreen_shorter.png,2d
e3070d1d30399eb1,images/civilian/androgynous/clean_pixel/unknown/kenney_cc0_2d/action/e3070d1d30399eb1_pantsGrey1.png,civilian,androgynous,unknown,clean_pixel,kenney_cc0_2d,https://github.com/shorepine/kenney,CC0,action,153x47,False,e3070d1d30399eb11a8d74f6c056498e7c01c55cade218936d7c88f585815b84,2d/Character Pack/Pants/Grey/pantsGrey1.png,2d
a515090bfd0730dd,images/civilian/androgynous/clean_pixel/unknown/kenney_cc0_2d/action/a515090bfd0730dd_pantsGrey2.png,civilian,androgynous,unknown,clean_pixel,kenney_cc0_2d,https://github.com/shorepine/kenney,CC0,action,153x47,False,a515090bfd0730dd1f15518d96849a2dfe8e1a0f3fa209e1ceb978ef2833c707,2d/Character Pack/Pants/Grey/pantsGrey2.png,2d
56864f8dc22958c0,images/civilian/androgynous/clean_pixel/unknown/kenney_cc0_2d/action/56864f8dc22958c0_pantsGrey3.png,civilian,androgynous,unknown,clean_pixel,kenney_cc0_2d,https://github.com/shorepine/kenney,CC0,action,153x47,False,56864f8dc22958c0b0c22609a00d4c4db00b038da7062173c4efd1b99aae5e68,2d/Character Pack/Pants/Grey/pantsGrey3.png,2d
567383e26748b4b1,images/civilian/androgynous/clean_pixel/unknown/kenney_cc0_2d/action/567383e26748b4b1_pantsGrey4.png,civilian,androgynous,unknown,clean_pixel,kenney_cc0_2d,https://github.com/shorepine/kenney,CC0,action,153x47,False,567383e26748b4b104fdbf72fa0c6315f6ecd01d6027b076e10108b0ff877eda,2d/Character Pack/Pants/Grey/pantsGrey4.png,2d
26cc38e51615f4ea,images/civilian/androgynous/clean_pixel/unknown/kenney_cc0_2d/action/26cc38e51615f4ea_pantsGrey_long.png,civilian,androgynous,unknown,clean_pixel,kenney_cc0_2d,https://github.com/shorepine/kenney,CC0,action,111x166,False,26cc38e51615f4ea0b92c5de4caac221efe3c24b9a6995fe729cf0caa6c8be27,2d/Character Pack/Pants/Grey/pantsGrey_long.png,2d
c701f570943136c5,images/civilian/androgynous/clean_pixel/unknown/kenney_cc0_2d/action/c701f570943136c5_pantsGrey_short.png,civilian,androgynous,unknown,clean_pixel,kenney_cc0_2d,https://github.com/shorepine/kenney,CC0,action,107x118,False,c701f570943136c50a730e534ce61931f84f7a151221dc196cc95f1875390296,2d/Character Pack/Pants/Grey/pantsGrey_short.png,2d
5cc723f7ee5431f2,images/civilian/androgynous/clean_pixel/unknown/kenney_cc0_2d/action/5cc723f7ee5431f2_pantsGrey_shorter.png,civilian,androgynous,unknown,clean_pixel,kenney_cc0_2d,https://github.com/shorepine/kenney,CC0,action,104x105,False,5cc723f7ee5431f235a6ac9b28bbd0be91d7695076b2ecaec3d3ff49e2fccb65,2d/Character Pack/Pants/Grey/pantsGrey_shorter.png,2d
0e9940851a332597,images/civilian/androgynous/clean_pixel/unknown/kenney_cc0_2d/action/0e9940851a332597_pantsLightBlue1.png,civilian,androgynous,unknown,clean_pixel,kenney_cc0_2d,https://github.com/shorepine/kenney,CC0,action,153x47,False,0e9940851a33259737eed77ab16726e9569842c457860440d5d59684e7053d74,2d/Character Pack/Pants/Light Blue/pantsLightBlue1.png,2d
50d51c04ab621b75,images/civilian/androgynous/clean_pixel/unknown/kenney_cc0_2d/action/50d51c04ab621b75_pantsLightBlue2.png,civilian,androgynous,unknown,clean_pixel,kenney_cc0_2d,https://github.com/shorepine/kenney,CC0,action,153x47,False,50d51c04ab621b757648215f66a3cb183b8ff62f8f2d9b9f1577dbe241a620a9,2d/Character Pack/Pants/Light Blue/pantsLightBlue2.png,2d
9b6516de33ef765e,images/civilian/androgynous/clean_pixel/unknown/kenney_cc0_2d/action/9b6516de33ef765e_pantsLightBlue3.png,civilian,androgynous,unknown,clean_pixel,kenney_cc0_2d,https://github.com/shorepine/kenney,CC0,action,153x47,False,9b6516de33ef765efbed82e60f3fe0f4201b441cfe41cd56a468cd7275f0e299,2d/Character Pack/Pants/Light Blue/pantsLightBlue3.png,2d
2b8009ca03e20048,images/civilian/androgynous/clean_pixel/unknown/kenney_cc0_2d/action/2b8009ca03e20048_pantsLightBlue4.png,civilian,androgynous,unknown,clean_pixel,kenney_cc0_2d,https://github.com/shorepine/kenney,CC0,action,153x47,False,2b8009ca03e20048f3f8b8c461ac1799c7346847b068c20fce7f16ec2a2c2fbe,2d/Character Pack/Pants/Light Blue/pantsLightBlue4.png,2d
a0b98403609aa94f,images/civilian/androgynous/clean_pixel/unknown/kenney_cc0_2d/action/a0b98403609aa94f_pantsLightBlue_long.png,civilian,androgynous,unknown,clean_pixel,kenney_cc0_2d,https://github.com/shorepine/kenney,CC0,action,111x166,False,a0b98403609aa94f93f5af304662ec34471d824e10118b48fdbc45209d6f6440,2d/Character Pack/Pants/Light Blue/pantsLightBlue_long.png,2d
fddd52d5df736357,images/civilian/androgynous/clean_pixel/unknown/kenney_cc0_2d/action/fddd52d5df736357_pantsLightBlue_short.png,civilian,androgynous,unknown,clean_pixel,kenney_cc0_2d,https://github.com/shorepine/kenney,CC0,action,107x118,False,fddd52d5df7363570ce3a7af6e861d7f9d9d11e8e931fdec543a0cd759cb1587,2d/Character Pack/Pants/Light Blue/pantsLightBlue_short.png,2d
1f0cc81b87e0cf69,images/civilian/androgynous/clean_pixel/unknown/kenney_cc0_2d/action/1f0cc81b87e0cf69_pantsLightBlue_shorter.png,civilian,androgynous,unknown,clean_pixel,kenney_cc0_2d,https://github.com/shorepine/kenney,CC0,action,104x105,False,1f0cc81b87e0cf696d3a73fd36503f31048a54ae31f25ae1fc020aba486cc094,2d/Character Pack/Pants/Light Blue/pantsLightBlue_shorter.png,2d
09f93c6afd067989,images/civilian/androgynous/clean_pixel/unknown/kenney_cc0_2d/action/09f93c6afd067989_pantsNavy1.png,civilian,androgynous,unknown,clean_pixel,kenney_cc0_2d,https://github.com/shorepine/kenney,CC0,action,153x47,False,09f93c6afd067989d33d29be269cc3ece1da4e287b02fbe8b3fe8df0d7f12259,2d/Character Pack/Pants/Navy/pantsNavy1.png,2d
f7c6be3826a22c08,images/civilian/androgynous/clean_pixel/unknown/kenney_cc0_2d/action/f7c6be3826a22c08_pantsNavy2.png,civilian,androgynous,unknown,clean_pixel,kenney_cc0_2d,https://github.com/shorepine/kenney,CC0,action,153x47,False,f7c6be3826a22c08f4d8cb19e76bd057d92c6504f56d3ac6ec101ac1d4c4b29c,2d/Character Pack/Pants/Navy/pantsNavy2.png,2d
046fdb0f32098c78,images/civilian/androgynous/clean_pixel/unknown/kenney_cc0_2d/action/046fdb0f32098c78_pantsNavy3.png,civilian,androgynous,unknown,clean_pixel,kenney_cc0_2d,https://github.com/shorepine/kenney,CC0,action,153x47,False,046fdb0f32098c78db8013bf07926cc4e147e9a6e60e5ab13b5b5e989d9c2eb5,2d/Character Pack/Pants/Navy/pantsNavy3.png,2d
8cd24a859357f38c,images/civilian/androgynous/clean_pixel/unknown/kenney_cc0_2d/action/8cd24a859357f38c_pantsNavy4.png,civilian,androgynous,unknown,clean_pixel,kenney_cc0_2d,https://github.com/shorepine/kenney,CC0,action,153x47,False,8cd24a859357f38cfbbf323fd382ff828bb24d141e948287471a51804bb7c338,2d/Character Pack/Pants/Navy/pantsNavy4.png,2d
9a4e936ec1b02012,images/civilian/androgynous/clean_pixel/unknown/kenney_cc0_2d/action/9a4e936ec1b02012_pantsNavy_long.png,civilian,androgynous,unknown,clean_pixel,kenney_cc0_2d,https://github.com/shorepine/kenney,CC0,action,111x166,False,9a4e936ec1b020121a17d93cefd2cf4f97db8fa58e8b630313d16f1a40512b1f,2d/Character Pack/Pants/Navy/pantsNavy_long.png,2d
4939d920169dafaa,images/civilian/androgynous/clean_pixel/unknown/kenney_cc0_2d/action/4939d920169dafaa_pantsNavy_short.png,civilian,androgynous,unknown,clean_pixel,kenney_cc0_2d,https://github.com/shorepine/kenney,CC0,action,107x118,False,4939d920169dafaae604f9890ed52203438a696f3c2412a0ffffa74dbd04cad2,2d/Character Pack/Pants/Navy/pantsNavy_short.png,2d
3767b06e6c97b06e,images/civilian/androgynous/clean_pixel/unknown/kenney_cc0_2d/action/3767b06e6c97b06e_pantsNavy_shorter.png,civilian,androgynous,unknown,clean_pixel,kenney_cc0_2d,https://github.com/shorepine/kenney,CC0,action,104x105,False,3767b06e6c97b06ed9d5c214af6c400e197b5b865337c3602e846b5588f084c2,2d/Character Pack/Pants/Navy/pantsNavy_shorter.png,2d
65097b9b4edc65b2,images/civilian/androgynous/clean_pixel/unknown/kenney_cc0_2d/action/65097b9b4edc65b2_pantsPine1.png,civilian,androgynous,unknown,clean_pixel,kenney_cc0_2d,https://github.com/shorepine/kenney,CC0,action,153x47,False,65097b9b4edc65b201bb9a0981ae8c2848a7e7162f27b4fac9a8594ddb5dd773,2d/Character Pack/Pants/Pine/pantsPine1.png,2d
67e02eb26a1957c0,images/civilian/androgynous/clean_pixel/unknown/kenney_cc0_2d/action/67e02eb26a1957c0_pantsPine2.png,civilian,androgynous,unknown,clean_pixel,kenney_cc0_2d,https://github.com/shorepine/kenney,CC0,action,153x47,False,67e02eb26a1957c0b0ddce5f89dfabbb495ae84140283ee7e6ad0df99b6fdbd4,2d/Character Pack/Pants/Pine/pantsPine2.png,2d
c6a0982114828a5a,images/civilian/androgynous/clean_pixel/unknown/kenney_cc0_2d/action/c6a0982114828a5a_pantsPine3.png,civilian,androgynous,unknown,clean_pixel,kenney_cc0_2d,https://github.com/shorepine/kenney,CC0,action,153x47,False,c6a0982114828a5a586d8cf859d8342a27f3175a2d672a8d2de24059d6e510be,2d/Character Pack/Pants/Pine/pantsPine3.png,2d
c25bae2813606cfc,images/civilian/androgynous/clean_pixel/unknown/kenney_cc0_2d/action/c25bae2813606cfc_pantsPine4.png,civilian,androgynous,unknown,clean_pixel,kenney_cc0_2d,https://github.com/shorepine/kenney,CC0,action,153x47,False,c25bae2813606cfcdcbad6d472c4ec2ef8c8513596953a6f11a85abf707b87a9,2d/Character Pack/Pants/Pine/pantsPine4.png,2d
9b72af36534d6067,images/civilian/androgynous/clean_pixel/unknown/kenney_cc0_2d/action/9b72af36534d6067_pantsPine_long.png,civilian,androgynous,unknown,clean_pixel,kenney_cc0_2d,https://github.com/shorepine/kenney,CC0,action,111x166,False,9b72af36534d60676ee9c29acb8bd6ac1d62708ab07a611e7e4e9e268a204e7b,2d/Character Pack/Pants/Pine/pantsPine_long.png,2d
860f56afbad2073e,images/civilian/androgynous/clean_pixel/unknown/kenney_cc0_2d/action/860f56afbad2073e_pantsPine_short.png,civilian,androgynous,unknown,clean_pixel,kenney_cc0_2d,https://github.com/shorepine/kenney,CC0,action,107x118,False,860f56afbad2073e74f04dab895eca3f963c08791898b5bc7d64eaf8b6e52562,2d/Character Pack/Pants/Pine/pantsPine_short.png,2d
15afc227e1c7b3f5,images/civilian/androgynous/clean_pixel/unknown/kenney_cc0_2d/action/15afc227e1c7b3f5_pantsPine_shorter.png,civilian,androgynous,unknown,clean_pixel,kenney_cc0_2d,https://github.com/shorepine/kenney,CC0,action,104x105,False,15afc227e1c7b3f5aaf5cf769946c1399f608684d447bbaa2c5cdc36b5d3de8e,2d/Character Pack/Pants/Pine/pantsPine_shorter.png,2d
3ea571b607f247f8,images/civilian/androgynous/clean_pixel/unknown/kenney_cc0_2d/action/3ea571b607f247f8_pantsRed1.png,civilian,androgynous,unknown,clean_pixel,kenney_cc0_2d,https://github.com/shorepine/kenney,CC0,action,153x47,False,3ea571b607f247f8d77e6e4189bf8a1d46c10ad5a4c434ad48f70d83007fb4ad,2d/Character Pack/Pants/Red/pantsRed1.png,2d
170000315cc9cd02,images/civilian/androgynous/clean_pixel/unknown/kenney_cc0_2d/action/170000315cc9cd02_pantsRed2.png,civilian,androgynous,unknown,clean_pixel,kenney_cc0_2d,https://github.com/shorepine/kenney,CC0,action,153x47,False,170000315cc9cd029c5edd383cc6b84320802a7e0d70f07d9d65223a8b2afcb0,2d/Character Pack/Pants/Red/pantsRed2.png,2d
320744b019853429,images/civilian/androgynous/clean_pixel/unknown/kenney_cc0_2d/action/320744b019853429_pantsRed3.png,civilian,androgynous,unknown,clean_pixel,kenney_cc0_2d,https://github.com/shorepine/kenney,CC0,action,153x47,False,320744b0198534291bcee254e52f22d472bbb8e971a8eef31c41c3c7cc1e0590,2d/Character Pack/Pants/Red/pantsRed3.png,2d
b62d806b15e07410,images/civilian/androgynous/clean_pixel/unknown/kenney_cc0_2d/action/b62d806b15e07410_pantsRed4.png,civilian,androgynous,unknown,clean_pixel,kenney_cc0_2d,https://github.com/shorepine/kenney,CC0,action,153x47,False,b62d806b15e07410800a29756e0522f4a5464afa93a2d46456e48b454839750b,2d/Character Pack/Pants/Red/pantsRed4.png,2d
004ce9fc2c2aacd9,images/civilian/androgynous/clean_pixel/unknown/kenney_cc0_2d/action/004ce9fc2c2aacd9_pantsRed_long.png,civilian,androgynous,unknown,clean_pixel,kenney_cc0_2d,https://github.com/shorepine/kenney,CC0,action,111x166,False,004ce9fc2c2aacd9a5d6b7efb3b38d212d538d9e67294e1eee9017017ea51297,2d/Character Pack/Pants/Red/pantsRed_long.png,2d
614095bdb92d4e36,images/civilian/androgynous/clean_pixel/unknown/kenney_cc0_2d/action/614095bdb92d4e36_pantsRed_short.png,civilian,androgynous,unknown,clean_pixel,kenney_cc0_2d,https://github.com/shorepine/kenney,CC0,action,107x118,False,614095bdb92d4e364d11747993214cacd32b58baebad2174f954e00b05d01fb4,2d/Character Pack/Pants/Red/pantsRed_short.png,2d
0af37cb13230e540,images/civilian/androgynous/clean_pixel/unknown/kenney_cc0_2d/action/0af37cb13230e540_pantsRed_shorter.png,civilian,androgynous,unknown,clean_pixel,kenney_cc0_2d,https://github.com/shorepine/kenney,CC0,action,104x105,False,0af37cb13230e5401955d845d0dec6a33b46850ca12c016e1c16f7004436755c,2d/Character Pack/Pants/Red/pantsRed_shorter.png,2d
e24dfb18889e51f1,images/civilian/androgynous/clean_pixel/unknown/kenney_cc0_2d/action/e24dfb18889e51f1_pantsTan1.png,civilian,androgynous,unknown,clean_pixel,kenney_cc0_2d,https://github.com/shorepine/kenney,CC0,action,153x47,False,e24dfb18889e51f17032ab8e7856114be54944f7b45366950457f6ef9eafdea4,2d/Character Pack/Pants/Tan/pantsTan1.png,2d
8796023b0aa20b68,images/civilian/androgynous/clean_pixel/unknown/kenney_cc0_2d/action/8796023b0aa20b68_pantsTan2.png,civilian,androgynous,unknown,clean_pixel,kenney_cc0_2d,https://github.com/shorepine/kenney,CC0,action,153x47,False,8796023b0aa20b682a2bdd2d6458c237ad7b24421fcc342763fb68579462706e,2d/Character Pack/Pants/Tan/pantsTan2.png,2d
f031422928e30f9d,images/civilian/androgynous/clean_pixel/unknown/kenney_cc0_2d/action/f031422928e30f9d_pantsTan3.png,civilian,androgynous,unknown,clean_pixel,kenney_cc0_2d,https://github.com/shorepine/kenney,CC0,action,153x47,False,f031422928e30f9dd1840be2c0ab9224f269608a5b8613db7fea5371d91df9d6,2d/Character Pack/Pants/Tan/pantsTan3.png,2d
942a87c02b5d2f65,images/civilian/androgynous/clean_pixel/unknown/kenney_cc0_2d/action/942a87c02b5d2f65_pantsTan4.png,civilian,androgynous,unknown,clean_pixel,kenney_cc0_2d,https://github.com/shorepine/kenney,CC0,action,153x47,False,942a87c02b5d2f65501596d706d64f052ed0f1bebe78bf3ae20170c41d119018,2d/Character Pack/Pants/Tan/pantsTan4.png,2d
cdc2ea8cfc96b931,images/civilian/androgynous/clean_pixel/unknown/kenney_cc0_2d/action/cdc2ea8cfc96b931_pantsTan_long.png,civilian,androgynous,unknown,clean_pixel,kenney_cc0_2d,https://github.com/shorepine/kenney,CC0,action,111x166,False,cdc2ea8cfc96b931cc5089fc2541033b3e8f27fb1213b0b68d4dae8cfb1f8263,2d/Character Pack/Pants/Tan/pantsTan_long.png,2d
1a677bcc20379911,images/civilian/androgynous/clean_pixel/unknown/kenney_cc0_2d/action/1a677bcc20379911_pantsTan_short.png,civilian,androgynous,unknown,clean_pixel,kenney_cc0_2d,https://github.com/shorepine/kenney,CC0,action,107x118,False,1a677bcc2037991131a483bccf096765c0ffa45a347e5e53c99c69b6568fa3c2,2d/Character Pack/Pants/Tan/pantsTan_short.png,2d
66ca02985ba2eae0,images/civilian/androgynous/clean_pixel/unknown/kenney_cc0_2d/action/66ca02985ba2eae0_pantsTan_shorter.png,civilian,androgynous,unknown,clean_pixel,kenney_cc0_2d,https://github.com/shorepine/kenney,CC0,action,104x105,False,66ca02985ba2eae01ff2a175c491fa18f8e4d7526c502b0382f151434343f943,2d/Character Pack/Pants/Tan/pantsTan_shorter.png,2d
6a0e93189b3f3ce3,images/civilian/androgynous/clean_pixel/unknown/kenney_cc0_2d/action/6a0e93189b3f3ce3_pantsWhite1.png,civilian,androgynous,unknown,clean_pixel,kenney_cc0_2d,https://github.com/shorepine/kenney,CC0,action,153x47,False,6a0e93189b3f3ce30d9cdfb5906de59b5574c5be14e01cdba4141db531c2599b,2d/Character Pack/Pants/White/pantsWhite1.png,2d
cdfc2e91dde0fa46,images/civilian/androgynous/clean_pixel/unknown/kenney_cc0_2d/action/cdfc2e91dde0fa46_pantsWhite2.png,civilian,androgynous,unknown,clean_pixel,kenney_cc0_2d,https://github.com/shorepine/kenney,CC0,action,153x47,False,cdfc2e91dde0fa4673f56ac8f9aebd704430764fbc74d4243109e8b3b6b67139,2d/Character Pack/Pants/White/pantsWhite2.png,2d
3d21d43343fb09cc,images/civilian/androgynous/clean_pixel/unknown/kenney_cc0_2d/action/3d21d43343fb09cc_pantsWhite3.png,civilian,androgynous,unknown,clean_pixel,kenney_cc0_2d,https://github.com/shorepine/kenney,CC0,action,153x47,False,3d21d43343fb09cc6801d781a9840e6d4ad9f571674eb5ab87d4336ac3fab816,2d/Character Pack/Pants/White/pantsWhite3.png,2d
8dd608b10ea3d2e8,images/civilian/androgynous/clean_pixel/unknown/kenney_cc0_2d/action/8dd608b10ea3d2e8_pantsWhite4.png,civilian,androgynous,unknown,clean_pixel,kenney_cc0_2d,https://github.com/shorepine/kenney,CC0,action,153x47,False,8dd608b10ea3d2e821e2f83f9e310e5a9270eee4e65a6f6755e84102302ec680,2d/Character Pack/Pants/White/pantsWhite4.png,2d
e67b2441ca5e4960,images/civilian/androgynous/clean_pixel/unknown/kenney_cc0_2d/action/e67b2441ca5e4960_pantsWhite_long.png,civilian,androgynous,unknown,clean_pixel,kenney_cc0_2d,https://github.com/shorepine/kenney,CC0,action,111x166,False,e67b2441ca5e49601e2d9deb56b1e53bc2d6fae4f5c11ddca418cc1f10c8586b,2d/Character Pack/Pants/White/pantsWhite_long.png,2d
3c759428e779657e,images/civilian/androgynous/clean_pixel/unknown/kenney_cc0_2d/action/3c759428e779657e_pantsWhite_short.png,civilian,androgynous,unknown,clean_pixel,kenney_cc0_2d,https://github.com/shorepine/kenney,CC0,action,107x118,False,3c759428e779657e0eff2689cce4330994c693649d5a8673821e9c4fe2309361,2d/Character Pack/Pants/White/pantsWhite_short.png,2d
96ea3089163a9ed9,images/civilian/androgynous/clean_pixel/unknown/kenney_cc0_2d/action/96ea3089163a9ed9_pantsWhite_shorter.png,civilian,androgynous,unknown,clean_pixel,kenney_cc0_2d,https://github.com/shorepine/kenney,CC0,action,104x105,False,96ea3089163a9ed9b6024761894c759ea9b70d3f8575c065483322d2c02cecb1,2d/Character Pack/Pants/White/pantsWhite_shorter.png,2d
d41af9336748fc35,images/civilian/androgynous/clean_pixel/unknown/kenney_cc0_2d/action/d41af9336748fc35_legYellow_long.png,civilian,androgynous,unknown,clean_pixel,kenney_cc0_2d,https://github.com/shorepine/kenney,CC0,action,111x166,False,d41af9336748fc3569c54adb7c8417e905e265808686a4d434f697c954af2b49,2d/Character Pack/Pants/Yellow/legYellow_long.png,2d
20607250bb885624,images/civilian/androgynous/clean_pixel/unknown/kenney_cc0_2d/action/20607250bb885624_legYellow_short.png,civilian,androgynous,unknown,clean_pixel,kenney_cc0_2d,https://github.com/shorepine/kenney,CC0,action,107x118,False,20607250bb885624bb70777a221a2ec7d8acbf1712c3b4500d3e9e665146faae,2d/Character Pack/Pants/Yellow/legYellow_short.png,2d
6d42412f6480a87c,images/civilian/androgynous/clean_pixel/unknown/kenney_cc0_2d/action/6d42412f6480a87c_legYellow_shorter.png,civilian,androgynous,unknown,clean_pixel,kenney_cc0_2d,https://github.com/shorepine/kenney,CC0,action,104x105,False,6d42412f6480a87c14e2bd81807756b092a23e78ece696b60e268c59035d50a4,2d/Character Pack/Pants/Yellow/legYellow_shorter.png,2d
d663795d63bfacc0,images/civilian/androgynous/clean_pixel/unknown/kenney_cc0_2d/action/d663795d63bfacc0_pantsYellow1.png,civilian,androgynous,unknown,clean_pixel,kenney_cc0_2d,https://github.com/shorepine/kenney,CC0,action,153x47,False,d663795d63bfacc02f21a077b820366aa9f248b2ea5c80ec2814192e49dcde27,2d/Character Pack/Pants/Yellow/pantsYellow1.png,2d
cb83153ed4655cef,images/civilian/androgynous/clean_pixel/unknown/kenney_cc0_2d/action/cb83153ed4655cef_pantsYellow2.png,civilian,androgynous,unknown,clean_pixel,kenney_cc0_2d,https://github.com/shorepine/kenney,CC0,action,153x47,False,cb83153ed4655ceff91031ff2d7f2807e7406a618f39c58c18309c2e76434ca4,2d/Character Pack/Pants/Yellow/pantsYellow2.png,2d
2c3fd1f167b1a777,images/civilian/androgynous/clean_pixel/unknown/kenney_cc0_2d/action/2c3fd1f167b1a777_pantsYellow3.png,civilian,androgynous,unknown,clean_pixel,kenney_cc0_2d,https://github.com/shorepine/kenney,CC0,action,153x47,False,2c3fd1f167b1a777b3cd362db665538b65dbbe33cff328ac6a8803e52db06603,2d/Character Pack/Pants/Yellow/pantsYellow3.png,2d
ac28d8f45d1028d9,images/civilian/androgynous/clean_pixel/unknown/kenney_cc0_2d/action/ac28d8f45d1028d9_pantsYellow4.png,civilian,androgynous,unknown,clean_pixel,kenney_cc0_2d,https://github.com/shorepine/kenney,CC0,action,153x47,False,ac28d8f45d1028d961a249c5facef4a9949385ea893303777e3c79a243d4157f,2d/Character Pack/Pants/Yellow/pantsYellow4.png,2d
3914e193bf6da88e,images/civilian/androgynous/clean_pixel/unknown/kenney_cc0_2d/action/3914e193bf6da88e_blueArm_long.png,civilian,androgynous,unknown,clean_pixel,kenney_cc0_2d,https://github.com/shorepine/kenney,CC0,action,171x142,False,3914e193bf6da88e25ed35790fe6e2f5c9f1972fd12b2c49065fb66aa52d00c0,2d/Character Pack/Shirts/Blue/blueArm_long.png,2d
3d3dc43fed8425b3,images/civilian/androgynous/clean_pixel/unknown/kenney_cc0_2d/action/3d3dc43fed8425b3_blueArm_short.png,civilian,androgynous,unknown,clean_pixel,kenney_cc0_2d,https://github.com/shorepine/kenney,CC0,action,118x96,False,3d3dc43fed8425b3e12882beb3433af2fcc25f361af4aebe3cad6ab643e14e6b,2d/Character Pack/Shirts/Blue/blueArm_short.png,2d
a4bbb753f7f10cc9,images/civilian/androgynous/clean_pixel/unknown/kenney_cc0_2d/action/a4bbb753f7f10cc9_blueArm_shorter.png,civilian,androgynous,unknown,clean_pixel,kenney_cc0_2d,https://github.com/shorepine/kenney,CC0,action,66x86,False,a4bbb753f7f10cc9e9bbf99e35912f19a529c6f8f218f8814902412c77cb0dca,2d/Character Pack/Shirts/Blue/blueArm_shorter.png,2d
52e032f00e1fe53f,images/civilian/androgynous/clean_pixel/unknown/kenney_cc0_2d/action/52e032f00e1fe53f_blueShirt1.png,civilian,androgynous,unknown,clean_pixel,kenney_cc0_2d,https://github.com/shorepine/kenney,CC0,action,153x174,False,52e032f00e1fe53fae50e590c1204746e915be8cfb17dbb1b3129fb42b0aec5b,2d/Character Pack/Shirts/Blue/blueShirt1.png,2d
7295091ec5bcceb4,images/civilian/androgynous/clean_pixel/unknown/kenney_cc0_2d/action/7295091ec5bcceb4_blueShirt2.png,civilian,androgynous,unknown,clean_pixel,kenney_cc0_2d,https://github.com/shorepine/kenney,CC0,action,153x174,False,7295091ec5bcceb415bcc898b93270b615d3c40d85ee6eee852f06fe76838ecf,2d/Character Pack/Shirts/Blue/blueShirt2.png,2d
f973e005baaef3b7,images/civilian/androgynous/clean_pixel/unknown/kenney_cc0_2d/action/f973e005baaef3b7_blueShirt3.png,civilian,androgynous,unknown,clean_pixel,kenney_cc0_2d,https://github.com/shorepine/kenney,CC0,action,153x174,False,f973e005baaef3b7c505c88e4b25729c8d45c82c27415639a8df10834d365ed7,2d/Character Pack/Shirts/Blue/blueShirt3.png,2d
9831822967e874ad,images/civilian/androgynous/clean_pixel/unknown/kenney_cc0_2d/action/9831822967e874ad_blueShirt4.png,civilian,androgynous,unknown,clean_pixel,kenney_cc0_2d,https://github.com/shorepine/kenney,CC0,action,161x174,False,9831822967e874ada26ecc5aef03805a94fc0606ecebbf9560a622a09adc76a9,2d/Character Pack/Shirts/Blue/blueShirt4.png,2d
c7262ca5fedafde7,images/civilian/androgynous/clean_pixel/unknown/kenney_cc0_2d/action/c7262ca5fedafde7_blueShirt5.png,civilian,androgynous,unknown,clean_pixel,kenney_cc0_2d,https://github.com/shorepine/kenney,CC0,action,153x174,False,c7262ca5fedafde75724791848c99bd2d94fa7aa98ab8e3724c958e0d7ef3d7b,2d/Character Pack/Shirts/Blue/blueShirt5.png,2d
08479d2be7368315,images/civilian/androgynous/clean_pixel/unknown/kenney_cc0_2d/action/08479d2be7368315_blueShirt6.png,civilian,androgynous,unknown,clean_pixel,kenney_cc0_2d,https://github.com/shorepine/kenney,CC0,action,153x174,False,08479d2be73683157401715bb3569613a12f6a30ce0f3137fae216e618d63e48,2d/Character Pack/Shirts/Blue/blueShirt6.png,2d
a4042953d6c131ab,images/civilian/androgynous/clean_pixel/unknown/kenney_cc0_2d/action/a4042953d6c131ab_blueShirt7.png,civilian,androgynous,unknown,clean_pixel,kenney_cc0_2d,https://github.com/shorepine/kenney,CC0,action,153x174,False,a4042953d6c131abe6edb9623be200f2a53b72126e2659d2d189d0a1357dddaa,2d/Character Pack/Shirts/Blue/blueShirt7.png,2d
780cb35e0cc311ee,images/civilian/androgynous/clean_pixel/unknown/kenney_cc0_2d/action/780cb35e0cc311ee_blueShirt8.png,civilian,androgynous,unknown,clean_pixel,kenney_cc0_2d,https://github.com/shorepine/kenney,CC0,action,153x174,False,780cb35e0cc311ee6872d5cd73b91784b8977d2c50592998ba9c08121f195524,2d/Character Pack/Shirts/Blue/blueShirt8.png,2d
c4dac0bd315135da,images/civilian/androgynous/clean_pixel/unknown/kenney_cc0_2d/action/c4dac0bd315135da_greenArm_long.png,civilian,androgynous,unknown,clean_pixel,kenney_cc0_2d,https://github.com/shorepine/kenney,CC0,action,171x142,False,c4dac0bd315135da7aa444ec22a65ad0f2e2f70f7e1dba961ecb75f311c902fb,2d/Character Pack/Shirts/Green/greenArm_long.png,2d
bcc023a2ef9de363,images/civilian/androgynous/clean_pixel/unknown/kenney_cc0_2d/action/bcc023a2ef9de363_greenArm_short.png,civilian,androgynous,unknown,clean_pixel,kenney_cc0_2d,https://github.com/shorepine/kenney,CC0,action,118x96,False,bcc023a2ef9de363bbb97cdb89324bf2bf71ac51d4e1077ecf681ea1880cc84b,2d/Character Pack/Shirts/Green/greenArm_short.png,2d
f088abd125b0474c,images/civilian/androgynous/clean_pixel/unknown/kenney_cc0_2d/action/f088abd125b0474c_greenArm_shorter.png,civilian,androgynous,unknown,clean_pixel,kenney_cc0_2d,https://github.com/shorepine/kenney,CC0,action,67x86,False,f088abd125b0474c91c92ed4e9a29dc73a7785ecbf9c7cbc47c3c6d6b75d0ef9,2d/Character Pack/Shirts/Green/greenArm_shorter.png,2d
a7a2cf7a1df80135,images/civilian/androgynous/clean_pixel/unknown/kenney_cc0_2d/action/a7a2cf7a1df80135_greenShirt1.png,civilian,androgynous,unknown,clean_pixel,kenney_cc0_2d,https://github.com/shorepine/kenney,CC0,action,153x174,False,a7a2cf7a1df80135c61328b4da6383a41a827d69e60da42dc159c3b94c3cb656,2d/Character Pack/Shirts/Green/greenShirt1.png,2d
4641cc4251ab7bdd,images/civilian/androgynous/clean_pixel/unknown/kenney_cc0_2d/action/4641cc4251ab7bdd_greenShirt2.png,civilian,androgynous,unknown,clean_pixel,kenney_cc0_2d,https://github.com/shorepine/kenney,CC0,action,153x174,False,4641cc4251ab7bdd7b63b959901c3695a7b102f64e724a01e1230c31e609611b,2d/Character Pack/Shirts/Green/greenShirt2.png,2d
5e9977eeda1362a4,images/civilian/androgynous/clean_pixel/unknown/kenney_cc0_2d/action/5e9977eeda1362a4_greenShirt3.png,civilian,androgynous,unknown,clean_pixel,kenney_cc0_2d,https://github.com/shorepine/kenney,CC0,action,153x174,False,5e9977eeda1362a4a8d3e56e8384876f8adb1a199a6c103350c053db8d4884ea,2d/Character Pack/Shirts/Green/greenShirt3.png,2d
74c17bf0bc095879,images/civilian/androgynous/clean_pixel/unknown/kenney_cc0_2d/action/74c17bf0bc095879_greenShirt4.png,civilian,androgynous,unknown,clean_pixel,kenney_cc0_2d,https://github.com/shorepine/kenney,CC0,action,161x174,False,74c17bf0bc0958798b4b283b703a9ffcdba20d6399581d2d11d2f598550a34a4,2d/Character Pack/Shirts/Green/greenShirt4.png,2d
3ec81ae9d011b04c,images/civilian/androgynous/clean_pixel/unknown/kenney_cc0_2d/action/3ec81ae9d011b04c_greenShirt5.png,civilian,androgynous,unknown,clean_pixel,kenney_cc0_2d,https://github.com/shorepine/kenney,CC0,action,153x174,False,3ec81ae9d011b04c16cadcb68b94568bb91302224dfc3628cc9d397d53c272b3,2d/Character Pack/Shirts/Green/greenShirt5.png,2d
73acca7ac3c85831,images/civilian/androgynous/clean_pixel/unknown/kenney_cc0_2d/action/73acca7ac3c85831_greenShirt6.png,civilian,androgynous,unknown,clean_pixel,kenney_cc0_2d,https://github.com/shorepine/kenney,CC0,action,153x174,False,73acca7ac3c85831ffb9a5cbd7bbb6dfca7d9c86c974ec5a88cefe07df62b40e,2d/Character Pack/Shirts/Green/greenShirt6.png,2d
b9469b202f6c1448,images/civilian/androgynous/clean_pixel/unknown/kenney_cc0_2d/action/b9469b202f6c1448_greenShirt7.png,civilian,androgynous,unknown,clean_pixel,kenney_cc0_2d,https://github.com/shorepine/kenney,CC0,action,153x174,False,b9469b202f6c14489aea3bbc1ebf44eabd5ddfbd252158aaa2c89507b9db019e,2d/Character Pack/Shirts/Green/greenShirt7.png,2d
dac40494128e454c,images/civilian/androgynous/clean_pixel/unknown/kenney_cc0_2d/action/dac40494128e454c_greenShirt8.png,civilian,androgynous,unknown,clean_pixel,kenney_cc0_2d,https://github.com/shorepine/kenney,CC0,action,153x174,False,dac40494128e454c0623315a87f492c453db4789684ce3f876a04165a4639979,2d/Character Pack/Shirts/Green/greenShirt8.png,2d
9ccd631bd724edff,images/civilian/androgynous/clean_pixel/unknown/kenney_cc0_2d/action/9ccd631bd724edff_greyArm_long.png,civilian,androgynous,unknown,clean_pixel,kenney_cc0_2d,https://github.com/shorepine/kenney,CC0,action,171x142,False,9ccd631bd724edffb7aa622a1967c42f0d567f469e020b84476287ab44561b38,2d/Character Pack/Shirts/Grey/greyArm_long.png,2d
7a68cb7ea5bcb15d,images/civilian/androgynous/clean_pixel/unknown/kenney_cc0_2d/action/7a68cb7ea5bcb15d_greyArm_short.png,civilian,androgynous,unknown,clean_pixel,kenney_cc0_2d,https://github.com/shorepine/kenney,CC0,action,118x96,False,7a68cb7ea5bcb15d7fa2a3013577036c56a9e9f987b215e3bbace7462395cd31,2d/Character Pack/Shirts/Grey/greyArm_short.png,2d
75e56169a696e9d9,images/civilian/androgynous/clean_pixel/unknown/kenney_cc0_2d/action/75e56169a696e9d9_greyArm_shorter.png,civilian,androgynous,unknown,clean_pixel,kenney_cc0_2d,https://github.com/shorepine/kenney,CC0,action,66x86,False,75e56169a696e9d98bbfa33240c4ee2fd17e0901de690cbf7e54fd07589f20a1,2d/Character Pack/Shirts/Grey/greyArm_shorter.png,2d
e0afa99b2d07adb5,images/civilian/androgynous/clean_pixel/unknown/kenney_cc0_2d/action/e0afa99b2d07adb5_greyShirt1.png,civilian,androgynous,unknown,clean_pixel,kenney_cc0_2d,https://github.com/shorepine/kenney,CC0,action,153x174,False,e0afa99b2d07adb570ae42917dcaf4eaca5cc64968fb6a9442822980865377bc,2d/Character Pack/Shirts/Grey/greyShirt1.png,2d
f070519b822d9e85,images/civilian/androgynous/clean_pixel/unknown/kenney_cc0_2d/action/f070519b822d9e85_greyShirt2.png,civilian,androgynous,unknown,clean_pixel,kenney_cc0_2d,https://github.com/shorepine/kenney,CC0,action,153x174,False,f070519b822d9e85234e98ee39327d55b375ba0c8a7cda582ebf97b7b4bb9202,2d/Character Pack/Shirts/Grey/greyShirt2.png,2d
4773e5d1d45a2ff5,images/civilian/androgynous/clean_pixel/unknown/kenney_cc0_2d/action/4773e5d1d45a2ff5_greyShirt3.png,civilian,androgynous,unknown,clean_pixel,kenney_cc0_2d,https://github.com/shorepine/kenney,CC0,action,153x174,False,4773e5d1d45a2ff51a57a36656262f17a789a5c1e22ed346a46e0d6ac2b45280,2d/Character Pack/Shirts/Grey/greyShirt3.png,2d
fe290b7dee42518a,images/civilian/androgynous/clean_pixel/unknown/kenney_cc0_2d/action/fe290b7dee42518a_greyShirt4.png,civilian,androgynous,unknown,clean_pixel,kenney_cc0_2d,https://github.com/shorepine/kenney,CC0,action,161x174,False,fe290b7dee42518a773b0b1d99a97e054d6adc022e57a80ea60fba0353d25378,2d/Character Pack/Shirts/Grey/greyShirt4.png,2d
25526529cdfd1a2d,images/civilian/androgynous/clean_pixel/unknown/kenney_cc0_2d/action/25526529cdfd1a2d_greyShirt5.png,civilian,androgynous,unknown,clean_pixel,kenney_cc0_2d,https://github.com/shorepine/kenney,CC0,action,153x174,False,25526529cdfd1a2dcf8b5a1d51774c23eed852fc8e8d73853704abf93fd2e448,2d/Character Pack/Shirts/Grey/greyShirt5.png,2d
56d9adcbf09041e2,images/civilian/androgynous/clean_pixel/unknown/kenney_cc0_2d/action/56d9adcbf09041e2_greyShirt6.png,civilian,androgynous,unknown,clean_pixel,kenney_cc0_2d,https://github.com/shorepine/kenney,CC0,action,153x174,False,56d9adcbf09041e29034af57dc24289d6e8905a35c3384870fdadb7a0ab27ffd,2d/Character Pack/Shirts/Grey/greyShirt6.png,2d
2ce602af5a153461,images/civilian/androgynous/clean_pixel/unknown/kenney_cc0_2d/action/2ce602af5a153461_greyShirt7.png,civilian,androgynous,unknown,clean_pixel,kenney_cc0_2d,https://github.com/shorepine/kenney,CC0,action,153x174,False,2ce602af5a1534617023d943c05546760084bfb0bccc2b777323a45bda513e29,2d/Character Pack/Shirts/Grey/greyShirt7.png,2d
ebb3be6eb44abc37,images/civilian/androgynous/clean_pixel/unknown/kenney_cc0_2d/action/ebb3be6eb44abc37_greyShirt8.png,civilian,androgynous,unknown,clean_pixel,kenney_cc0_2d,https://github.com/shorepine/kenney,CC0,action,153x174,False,ebb3be6eb44abc37d66888d8ca073a0039dfe7287118df68fcf8fb3e9b75157d,2d/Character Pack/Shirts/Grey/greyShirt8.png,2d
c57fe657fb8dfa96,images/civilian/androgynous/clean_pixel/unknown/kenney_cc0_2d/action/c57fe657fb8dfa96_navyArm_long.png,civilian,androgynous,unknown,clean_pixel,kenney_cc0_2d,https://github.com/shorepine/kenney,CC0,action,171x142,False,c57fe657fb8dfa96ecc997afe3d3d5bcca507ac67dbd089782331646d216409c,2d/Character Pack/Shirts/Navy/navyArm_long.png,2d
80e5419dbb54409d,images/civilian/androgynous/clean_pixel/unknown/kenney_cc0_2d/action/80e5419dbb54409d_navyArm_short.png,civilian,androgynous,unknown,clean_pixel,kenney_cc0_2d,https://github.com/shorepine/kenney,CC0,action,118x96,False,80e5419dbb54409d28779f761a47986f1da22cb76b2fed7ecd0e1ffffef7ba1a,2d/Character Pack/Shirts/Navy/navyArm_short.png,2d
48f33b2c167703ab,images/civilian/androgynous/clean_pixel/unknown/kenney_cc0_2d/action/48f33b2c167703ab_navyArm_shorter.png,civilian,androgynous,unknown,clean_pixel,kenney_cc0_2d,https://github.com/shorepine/kenney,CC0,action,67x86,False,48f33b2c167703abcc14734bb401d7b73bd8b86e4179e35e506d02f4e184de33,2d/Character Pack/Shirts/Navy/navyArm_shorter.png,2d
0edaaffe4c9fd6e1,images/civilian/androgynous/clean_pixel/unknown/kenney_cc0_2d/action/0edaaffe4c9fd6e1_navyShirt1.png,civilian,androgynous,unknown,clean_pixel,kenney_cc0_2d,https://github.com/shorepine/kenney,CC0,action,153x174,False,0edaaffe4c9fd6e1de2f671e63943e437edd6b6b35916cfa791b93d8838afbdb,2d/Character Pack/Shirts/Navy/navyShirt1.png,2d
d0de9533ee1c0714,images/civilian/androgynous/clean_pixel/unknown/kenney_cc0_2d/action/d0de9533ee1c0714_navyShirt2.png,civilian,androgynous,unknown,clean_pixel,kenney_cc0_2d,https://github.com/shorepine/kenney,CC0,action,153x174,False,d0de9533ee1c07144c6ee5186a4c19dcae079ce4ca913b456951f1943f3815aa,2d/Character Pack/Shirts/Navy/navyShirt2.png,2d
531fa4ffe7beda9e,images/civilian/androgynous/clean_pixel/unknown/kenney_cc0_2d/action/531fa4ffe7beda9e_navyShirt3.png,civilian,androgynous,unknown,clean_pixel,kenney_cc0_2d,https://github.com/shorepine/kenney,CC0,action,153x174,False,531fa4ffe7beda9e0b93145d2947964602c1b551de3b3de81a84d33505f5329d,2d/Character Pack/Shirts/Navy/navyShirt3.png,2d
f192767a44df4302,images/civilian/androgynous/clean_pixel/unknown/kenney_cc0_2d/action/f192767a44df4302_navyShirt4.png,civilian,androgynous,unknown,clean_pixel,kenney_cc0_2d,https://github.com/shorepine/kenney,CC0,action,161x174,False,f192767a44df4302c68ea8fbb3f850ac4d7c04fd78f53390c8c02789114445a3,2d/Character Pack/Shirts/Navy/navyShirt4.png,2d
004b7bee5d6f718c,images/civilian/androgynous/clean_pixel/unknown/kenney_cc0_2d/action/004b7bee5d6f718c_navyShirt5.png,civilian,androgynous,unknown,clean_pixel,kenney_cc0_2d,https://github.com/shorepine/kenney,CC0,action,153x174,False,004b7bee5d6f718c1089e865c03b136155bc0e82536ea87302b2b0a55de1f340,2d/Character Pack/Shirts/Navy/navyShirt5.png,2d
72bf1447bbf3a235,images/civilian/androgynous/clean_pixel/unknown/kenney_cc0_2d/action/72bf1447bbf3a235_navyShirt6.png,civilian,androgynous,unknown,clean_pixel,kenney_cc0_2d,https://github.com/shorepine/kenney,CC0,action,153x174,False,72bf1447bbf3a235941a2b2e839120930ca11d6772f0f46724b55e8cf49d29f1,2d/Character Pack/Shirts/Navy/navyShirt6.png,2d
937653301dfed384,images/civilian/androgynous/clean_pixel/unknown/kenney_cc0_2d/action/937653301dfed384_navyShirt7.png,civilian,androgynous,unknown,clean_pixel,kenney_cc0_2d,https://github.com/shorepine/kenney,CC0,action,153x174,False,937653301dfed3840175c6ed710397665cb115e3c7a4da74ec2c9e3a82d869a7,2d/Character Pack/Shirts/Navy/navyShirt7.png,2d
1919393fc5de5940,images/civilian/androgynous/clean_pixel/unknown/kenney_cc0_2d/action/1919393fc5de5940_navyShirt8.png,civilian,androgynous,unknown,clean_pixel,kenney_cc0_2d,https://github.com/shorepine/kenney,CC0,action,153x174,False,1919393fc5de594094132abab2a897af1fb4414e67800413f6673163096e4ba7,2d/Character Pack/Shirts/Navy/navyShirt8.png,2d
9f6681caf1963e90,images/civilian/androgynous/clean_pixel/unknown/kenney_cc0_2d/action/9f6681caf1963e90_pineArm_long.png,civilian,androgynous,unknown,clean_pixel,kenney_cc0_2d,https://github.com/shorepine/kenney,CC0,action,171x142,False,9f6681caf1963e905971b7ec7165c0c173d02acd362320e95de125ae94f3ec15,2d/Character Pack/Shirts/Pine/pineArm_long.png,2d
c70980fa697598c1,images/civilian/androgynous/clean_pixel/unknown/kenney_cc0_2d/action/c70980fa697598c1_pineArm_short.png,civilian,androgynous,unknown,clean_pixel,kenney_cc0_2d,https://github.com/shorepine/kenney,CC0,action,118x96,False,c70980fa697598c10e15185373bff3b696a0704367203024267e43fa2c007e80,2d/Character Pack/Shirts/Pine/pineArm_short.png,2d
ffe1d7eb45e37311,images/civilian/androgynous/clean_pixel/unknown/kenney_cc0_2d/action/ffe1d7eb45e37311_pineArm_shorter.png,civilian,androgynous,unknown,clean_pixel,kenney_cc0_2d,https://github.com/shorepine/kenney,CC0,action,67x86,False,ffe1d7eb45e373119f0a5e679dd6dae63cda03ae5093ea34e55368ae2d980d55,2d/Character Pack/Shirts/Pine/pineArm_shorter.png,2d
f95ff861846de323,images/civilian/androgynous/retro_8bit/unknown/kenney_cc0_2d/action/f95ff861846de323_pineShirt1.png,civilian,androgynous,unknown,retro_8bit,kenney_cc0_2d,https://github.com/shorepine/kenney,CC0,action,153x174,False,f95ff861846de3231895081ca1053f0748b3bd69115b27cce543c80dd9d8c982,2d/Character Pack/Shirts/Pine/pineShirt1.png,2d
93411c54fef02958,images/civilian/androgynous/retro_8bit/unknown/kenney_cc0_2d/action/93411c54fef02958_pineShirt2.png,civilian,androgynous,unknown,retro_8bit,kenney_cc0_2d,https://github.com/shorepine/kenney,CC0,action,153x174,False,93411c54fef02958978c8bf1ad5448710fa3ecf56eef2e097371a8fbdd299fa8,2d/Character Pack/Shirts/Pine/pineShirt2.png,2d
5f89d4298ad17c5f,images/civilian/androgynous/retro_8bit/unknown/kenney_cc0_2d/action/5f89d4298ad17c5f_pineShirt3.png,civilian,androgynous,unknown,retro_8bit,kenney_cc0_2d,https://github.com/shorepine/kenney,CC0,action,153x174,False,5f89d4298ad17c5f2f08f747540e255e2492c2d6f35e18da133b7f1ccee9fe60,2d/Character Pack/Shirts/Pine/pineShirt3.png,2d
db563e6bf705bd1c,images/civilian/androgynous/retro_8bit/unknown/kenney_cc0_2d/action/db563e6bf705bd1c_pineShirt4.png,civilian,androgynous,unknown,retro_8bit,kenney_cc0_2d,https://github.com/shorepine/kenney,CC0,action,161x174,False,db563e6bf705bd1ce4a1b7125183541dea666b397aa8e611957215857ffef044,2d/Character Pack/Shirts/Pine/pineShirt4.png,2d
f6f7312a9d5cd04c,images/civilian/androgynous/retro_8bit/unknown/kenney_cc0_2d/action/f6f7312a9d5cd04c_pineShirt5.png,civilian,androgynous,unknown,retro_8bit,kenney_cc0_2d,https://github.com/shorepine/kenney,CC0,action,153x174,False,f6f7312a9d5cd04c426db9dd1c797c4e7fb7d22b2616d658532bdb8718c86404,2d/Character Pack/Shirts/Pine/pineShirt5.png,2d
b15b46bcb307fef2,images/civilian/androgynous/retro_8bit/unknown/kenney_cc0_2d/action/b15b46bcb307fef2_pineShirt6.png,civilian,androgynous,unknown,retro_8bit,kenney_cc0_2d,https://github.com/shorepine/kenney,CC0,action,153x174,False,b15b46bcb307fef2fc5cc8d5b50181106257dfb1a745b1bbe5ffeb20e8767deb,2d/Character Pack/Shirts/Pine/pineShirt6.png,2d
c423002baacbb894,images/civilian/androgynous/retro_8bit/unknown/kenney_cc0_2d/action/c423002baacbb894_pineShirt7.png,civilian,androgynous,unknown,retro_8bit,kenney_cc0_2d,https://github.com/shorepine/kenney,CC0,action,153x174,False,c423002baacbb894e24cc42c7de853b3849fbfded62dd491ec6521717b191638,2d/Character Pack/Shirts/Pine/pineShirt7.png,2d
1c3ef2b72763c9df,images/civilian/androgynous/retro_8bit/unknown/kenney_cc0_2d/action/1c3ef2b72763c9df_pineShirt8.png,civilian,androgynous,unknown,retro_8bit,kenney_cc0_2d,https://github.com/shorepine/kenney,CC0,action,153x174,False,1c3ef2b72763c9df95a7e42d80189843170f5bf127ec73f346aa54fea26f1932,2d/Character Pack/Shirts/Pine/pineShirt8.png,2d
d0c896310cea7272,images/civilian/androgynous/clean_pixel/unknown/kenney_cc0_2d/action/d0c896310cea7272_redArm_long.png,civilian,androgynous,unknown,clean_pixel,kenney_cc0_2d,https://github.com/shorepine/kenney,CC0,action,171x142,False,d0c896310cea727241c0a607571c37d27745cde066e11525d31875f71ac55ef7,2d/Character Pack/Shirts/Red/redArm_long.png,2d
a2eb52bc5808432a,images/civilian/androgynous/clean_pixel/unknown/kenney_cc0_2d/action/a2eb52bc5808432a_redArm_short.png,civilian,androgynous,unknown,clean_pixel,kenney_cc0_2d,https://github.com/shorepine/kenney,CC0,action,118x96,False,a2eb52bc5808432ae15c2c909bb0c570a7697518e21a2c808529973a3e8de947,2d/Character Pack/Shirts/Red/redArm_short.png,2d
2729fce4534a7446,images/civilian/androgynous/clean_pixel/unknown/kenney_cc0_2d/action/2729fce4534a7446_redArm_shorter.png,civilian,androgynous,unknown,clean_pixel,kenney_cc0_2d,https://github.com/shorepine/kenney,CC0,action,66x86,False,2729fce4534a7446986657aada2f30b1aaf3cbb35d96aea8965f02bd8b47247b,2d/Character Pack/Shirts/Red/redArm_shorter.png,2d
b72770e647558e19,images/civilian/androgynous/clean_pixel/unknown/kenney_cc0_2d/action/b72770e647558e19_redShirt1.png,civilian,androgynous,unknown,clean_pixel,kenney_cc0_2d,https://github.com/shorepine/kenney,CC0,action,153x174,False,b72770e647558e19ab47e373c5ce89ac40b5dca6e4dced43bfbe027549d75aec,2d/Character Pack/Shirts/Red/redShirt1.png,2d
66a025494205f17e,images/civilian/androgynous/clean_pixel/unknown/kenney_cc0_2d/action/66a025494205f17e_redShirt2.png,civilian,androgynous,unknown,clean_pixel,kenney_cc0_2d,https://github.com/shorepine/kenney,CC0,action,153x174,False,66a025494205f17ed72a4ba1b97965f14ec39c68c80ee6eb14b3117d743d6dff,2d/Character Pack/Shirts/Red/redShirt2.png,2d
e4cc4b2522040e83,images/civilian/androgynous/clean_pixel/unknown/kenney_cc0_2d/action/e4cc4b2522040e83_redShirt3.png,civilian,androgynous,unknown,clean_pixel,kenney_cc0_2d,https://github.com/shorepine/kenney,CC0,action,153x174,False,e4cc4b2522040e83d14d14f02f33a50d38bb45f0c1026e49dbdfa85834b991be,2d/Character Pack/Shirts/Red/redShirt3.png,2d
d9d7eadb7b006b29,images/civilian/androgynous/clean_pixel/unknown/kenney_cc0_2d/action/d9d7eadb7b006b29_redShirt4.png,civilian,androgynous,unknown,clean_pixel,kenney_cc0_2d,https://github.com/shorepine/kenney,CC0,action,161x174,False,d9d7eadb7b006b290773c082f2fb024038a737ae70a9492ab1d4d25332c91265,2d/Character Pack/Shirts/Red/redShirt4.png,2d
65aa3a9806f130cd,images/civilian/androgynous/clean_pixel/unknown/kenney_cc0_2d/action/65aa3a9806f130cd_redShirt5.png,civilian,androgynous,unknown,clean_pixel,kenney_cc0_2d,https://github.com/shorepine/kenney,CC0,action,153x174,False,65aa3a9806f130cd29a5bb3076ffe5cb477385f1c982e7b914fe6b0053c37423,2d/Character Pack/Shirts/Red/redShirt5.png,2d
5ff0372157e9e2ba,images/civilian/androgynous/clean_pixel/unknown/kenney_cc0_2d/action/5ff0372157e9e2ba_redShirt6.png,civilian,androgynous,unknown,clean_pixel,kenney_cc0_2d,https://github.com/shorepine/kenney,CC0,action,153x174,False,5ff0372157e9e2ba88f9c0fe437606bde0728558a11eb1307ffe4db203083172,2d/Character Pack/Shirts/Red/redShirt6.png,2d
08de3ff8f63be528,images/civilian/androgynous/clean_pixel/unknown/kenney_cc0_2d/action/08de3ff8f63be528_redShirt7.png,civilian,androgynous,unknown,clean_pixel,kenney_cc0_2d,https://github.com/shorepine/kenney,CC0,action,153x174,False,08de3ff8f63be5282a6b7fba019e1df88ade94bd29ea3f76e88bc2c13ff56733,2d/Character Pack/Shirts/Red/redShirt7.png,2d
3a3c21a4d7603f70,images/civilian/androgynous/clean_pixel/unknown/kenney_cc0_2d/action/3a3c21a4d7603f70_redShirt8.png,civilian,androgynous,unknown,clean_pixel,kenney_cc0_2d,https://github.com/shorepine/kenney,CC0,action,153x174,False,3a3c21a4d7603f700ec63617dc72af8ab71c6747674916de9c92b816a94f1172,2d/Character Pack/Shirts/Red/redShirt8.png,2d
36eaa60a4a16df5f,images/civilian/androgynous/clean_pixel/unknown/kenney_cc0_2d/action/36eaa60a4a16df5f_armWhite_long.png,civilian,androgynous,unknown,clean_pixel,kenney_cc0_2d,https://github.com/shorepine/kenney,CC0,action,171x142,False,36eaa60a4a16df5f0aa038bbf6b708891dc44fa5ab378197263e8181ca2b1f5e,2d/Character Pack/Shirts/White/armWhite_long.png,2d
27ca6cd2edab986a,images/civilian/androgynous/clean_pixel/unknown/kenney_cc0_2d/action/27ca6cd2edab986a_armWhite_short.png,civilian,androgynous,unknown,clean_pixel,kenney_cc0_2d,https://github.com/shorepine/kenney,CC0,action,118x96,False,27ca6cd2edab986ad4c68c55a07487ea331e3106595fd965c3d49ee04f35320f,2d/Character Pack/Shirts/White/armWhite_short.png,2d
22c77ab27235300a,images/civilian/androgynous/clean_pixel/unknown/kenney_cc0_2d/action/22c77ab27235300a_armWhite_shorter.png,civilian,androgynous,unknown,clean_pixel,kenney_cc0_2d,https://github.com/shorepine/kenney,CC0,action,67x86,False,22c77ab27235300a0f12348d74c14a9b335de682fc9aa0f08356d93460912239,2d/Character Pack/Shirts/White/armWhite_shorter.png,2d
4bc3a1a813795cbb,images/civilian/androgynous/clean_pixel/unknown/kenney_cc0_2d/action/4bc3a1a813795cbb_whiteShirt1.png,civilian,androgynous,unknown,clean_pixel,kenney_cc0_2d,https://github.com/shorepine/kenney,CC0,action,153x174,False,4bc3a1a813795cbb3713963ed8ab69c0505fceccfee49c724a57dbf473cb2780,2d/Character Pack/Shirts/White/whiteShirt1.png,2d
41397c75ff5a87ac,images/civilian/androgynous/clean_pixel/unknown/kenney_cc0_2d/action/41397c75ff5a87ac_whiteShirt2.png,civilian,androgynous,unknown,clean_pixel,kenney_cc0_2d,https://github.com/shorepine/kenney,CC0,action,153x174,False,41397c75ff5a87ac464e3631568de33851e0c48ef535d170b1321147f6a2a860,2d/Character Pack/Shirts/White/whiteShirt2.png,2d
c2f78a03cbdc5a8f,images/civilian/androgynous/clean_pixel/unknown/kenney_cc0_2d/action/c2f78a03cbdc5a8f_whiteShirt3.png,civilian,androgynous,unknown,clean_pixel,kenney_cc0_2d,https://github.com/shorepine/kenney,CC0,action,153x174,False,c2f78a03cbdc5a8fe9843a9ec4196997d428768532e26133ec3a24f188bffc0a,2d/Character Pack/Shirts/White/whiteShirt3.png,2d
8950c2d8ee65a4b8,images/civilian/androgynous/clean_pixel/unknown/kenney_cc0_2d/action/8950c2d8ee65a4b8_whiteShirt4.png,civilian,androgynous,unknown,clean_pixel,kenney_cc0_2d,https://github.com/shorepine/kenney,CC0,action,161x174,False,8950c2d8ee65a4b82659dad50713d7083bf826f2ee846d24e1ace70adb8b9210,2d/Character Pack/Shirts/White/whiteShirt4.png,2d
b140beb16aa3007d,images/civilian/androgynous/clean_pixel/unknown/kenney_cc0_2d/action/b140beb16aa3007d_whiteShirt5.png,civilian,androgynous,unknown,clean_pixel,kenney_cc0_2d,https://github.com/shorepine/kenney,CC0,action,153x174,False,b140beb16aa3007d35705b813688f9dcabf9757d7c9c8d67aafc609ac6c9f119,2d/Character Pack/Shirts/White/whiteShirt5.png,2d
0af54140c79b12be,images/civilian/androgynous/clean_pixel/unknown/kenney_cc0_2d/action/0af54140c79b12be_whiteShirt6.png,civilian,androgynous,unknown,clean_pixel,kenney_cc0_2d,https://github.com/shorepine/kenney,CC0,action,153x174,False,0af54140c79b12be4fe0c18601a5ddbd81e580eae33eecb86fabad15a7d81d7c,2d/Character Pack/Shirts/White/whiteShirt6.png,2d
59c25fdef75b20cc,images/civilian/androgynous/clean_pixel/unknown/kenney_cc0_2d/action/59c25fdef75b20cc_whiteShirt7.png,civilian,androgynous,unknown,clean_pixel,kenney_cc0_2d,https://github.com/shorepine/kenney,CC0,action,153x174,False,59c25fdef75b20cce7849876b0d64876388697db7362b40bdd069db9f69cd024,2d/Character Pack/Shirts/White/whiteShirt7.png,2d
5962bd413b4c4cfc,images/civilian/androgynous/clean_pixel/unknown/kenney_cc0_2d/action/5962bd413b4c4cfc_whiteShirt8.png,civilian,androgynous,unknown,clean_pixel,kenney_cc0_2d,https://github.com/shorepine/kenney,CC0,action,153x174,False,5962bd413b4c4cfcc5075ccc92bf84ee561cfb80898fd6d1f58195294c6e7ed6,2d/Character Pack/Shirts/White/whiteShirt8.png,2d
e55c549b1e05b634,images/civilian/androgynous/clean_pixel/unknown/kenney_cc0_2d/action/e55c549b1e05b634_armYellow_long.png,civilian,androgynous,unknown,clean_pixel,kenney_cc0_2d,https://github.com/shorepine/kenney,CC0,action,171x142,False,e55c549b1e05b6346bb4802fc79cc0df020e3d268b3c8a407600c1a07a5c1f25,2d/Character Pack/Shirts/Yellow/armYellow_long.png,2d
9485bdda1ee2551f,images/civilian/androgynous/clean_pixel/unknown/kenney_cc0_2d/action/9485bdda1ee2551f_armYellow_short.png,civilian,androgynous,unknown,clean_pixel,kenney_cc0_2d,https://github.com/shorepine/kenney,CC0,action,118x96,False,9485bdda1ee2551f0e38660c943323d6112240413a289c8155a0fc18e622174c,2d/Character Pack/Shirts/Yellow/armYellow_short.png,2d
0a5eea74a68b4a97,images/civilian/androgynous/clean_pixel/unknown/kenney_cc0_2d/action/0a5eea74a68b4a97_armYellow_shorter.png,civilian,androgynous,unknown,clean_pixel,kenney_cc0_2d,https://github.com/shorepine/kenney,CC0,action,66x86,False,0a5eea74a68b4a97cba05b92867670f6147e1e45c5b1cad328f59d813b9a62fa,2d/Character Pack/Shirts/Yellow/armYellow_shorter.png,2d
107eb37bfb142568,images/civilian/androgynous/clean_pixel/unknown/kenney_cc0_2d/action/107eb37bfb142568_shirtYellow1.png,civilian,androgynous,unknown,clean_pixel,kenney_cc0_2d,https://github.com/shorepine/kenney,CC0,action,153x174,False,107eb37bfb142568048dd6fb18453ca6b3b04eeee95a6ceb359203a10c210ebd,2d/Character Pack/Shirts/Yellow/shirtYellow1.png,2d
2ff42d14f6a59e0e,images/civilian/androgynous/clean_pixel/unknown/kenney_cc0_2d/action/2ff42d14f6a59e0e_shirtYellow2.png,civilian,androgynous,unknown,clean_pixel,kenney_cc0_2d,https://github.com/shorepine/kenney,CC0,action,153x174,False,2ff42d14f6a59e0e3e6adbea4a822229f230fdaf1b07df18fca54bf24f16f853,2d/Character Pack/Shirts/Yellow/shirtYellow2.png,2d
28f2323afdb58da7,images/civilian/androgynous/clean_pixel/unknown/kenney_cc0_2d/action/28f2323afdb58da7_shirtYellow3.png,civilian,androgynous,unknown,clean_pixel,kenney_cc0_2d,https://github.com/shorepine/kenney,CC0,action,153x174,False,28f2323afdb58da78246c5d7771366a09494c4ef30ff15d74dafb97ace83c047,2d/Character Pack/Shirts/Yellow/shirtYellow3.png,2d
6b75db50bc00190e,images/civilian/androgynous/clean_pixel/unknown/kenney_cc0_2d/action/6b75db50bc00190e_shirtYellow4.png,civilian,androgynous,unknown,clean_pixel,kenney_cc0_2d,https://github.com/shorepine/kenney,CC0,action,161x174,False,6b75db50bc00190ebfec7ac6fae313742646ecba7f5aeb21dfb64fb3c9cd8e5b,2d/Character Pack/Shirts/Yellow/shirtYellow4.png,2d
37c3a0250d00c189,images/civilian/androgynous/clean_pixel/unknown/kenney_cc0_2d/action/37c3a0250d00c189_shirtYellow5.png,civilian,androgynous,unknown,clean_pixel,kenney_cc0_2d,https://github.com/shorepine/kenney,CC0,action,153x174,False,37c3a0250d00c189a1ce274f204b2ed3b23be57fd2c44804cba3d0d1cd3056fc,2d/Character Pack/Shirts/Yellow/shirtYellow5.png,2d
7797c3dd333ec74f,images/civilian/androgynous/clean_pixel/unknown/kenney_cc0_2d/action/7797c3dd333ec74f_shirtYellow6.png,civilian,androgynous,unknown,clean_pixel,kenney_cc0_2d,https://github.com/shorepine/kenney,CC0,action,153x174,False,7797c3dd333ec74f98a44266eb4e41fc12a551ca4209b4efed419a812fe0142f,2d/Character Pack/Shirts/Yellow/shirtYellow6.png,2d
a59c0fc51442be93,images/civilian/androgynous/clean_pixel/unknown/kenney_cc0_2d/action/a59c0fc51442be93_shirtYellow7.png,civilian,androgynous,unknown,clean_pixel,kenney_cc0_2d,https://github.com/shorepine/kenney,CC0,action,153x174,False,a59c0fc51442be937b98bb6ace607f4a02f1e62ce44347445b1f84102f9f43fe,2d/Character Pack/Shirts/Yellow/shirtYellow7.png,2d
ead1abf6b1d7e882,images/civilian/androgynous/clean_pixel/unknown/kenney_cc0_2d/action/ead1abf6b1d7e882_shirtYellow8.png,civilian,androgynous,unknown,clean_pixel,kenney_cc0_2d,https://github.com/shorepine/kenney,CC0,action,153x174,False,ead1abf6b1d7e8821f24579b055f043c68d7c397f61bcf6af7e74c63bdfd1b5e,2d/Character Pack/Shirts/Yellow/shirtYellow8.png,2d
3f8a7f90615ab45c,images/civilian/androgynous/clean_pixel/unknown/kenney_cc0_2d/action/3f8a7f90615ab45c_blackShoe1.png,civilian,androgynous,unknown,clean_pixel,kenney_cc0_2d,https://github.com/shorepine/kenney,CC0,action,94x42,False,3f8a7f90615ab45c41ea0536918060d1a0fb7ed55680dc4bc09eccc470f54066,2d/Character Pack/Shoes/Black/blackShoe1.png,2d
1a1add0347200372,images/civilian/androgynous/clean_pixel/unknown/kenney_cc0_2d/action/1a1add0347200372_blackShoe2.png,civilian,androgynous,unknown,clean_pixel,kenney_cc0_2d,https://github.com/shorepine/kenney,CC0,action,94x42,False,1a1add03472003722347233adedbe3c870687011acf8079fee6a6cf89361ccc1,2d/Character Pack/Shoes/Black/blackShoe2.png,2d
bea50c4de0a54d97,images/civilian/androgynous/clean_pixel/unknown/kenney_cc0_2d/action/bea50c4de0a54d97_blackShoe3.png,civilian,androgynous,unknown,clean_pixel,kenney_cc0_2d,https://github.com/shorepine/kenney,CC0,action,94x42,False,bea50c4de0a54d97dbb917f064a7d9ec91ddf1bc095a25349e866ff2424aebda,2d/Character Pack/Shoes/Black/blackShoe3.png,2d
0ec2c52bfa762ab4,images/civilian/androgynous/clean_pixel/unknown/kenney_cc0_2d/action/0ec2c52bfa762ab4_blackShoe4.png,civilian,androgynous,unknown,clean_pixel,kenney_cc0_2d,https://github.com/shorepine/kenney,CC0,action,94x42,False,0ec2c52bfa762ab475310a84cd34c92b5a3e70279f58925bb9952ebfc2e3edd5,2d/Character Pack/Shoes/Black/blackShoe4.png,2d
de6809936b0bcf76,images/civilian/androgynous/clean_pixel/unknown/kenney_cc0_2d/action/de6809936b0bcf76_blackShoe5.png,civilian,androgynous,unknown,clean_pixel,kenney_cc0_2d,https://github.com/shorepine/kenney,CC0,action,94x42,False,de6809936b0bcf769af857ac3d5e78f3bbc54c86952e8ddbb71845e2dd2512c1,2d/Character Pack/Shoes/Black/blackShoe5.png,2d
d4e93b6078ed2a76,images/civilian/androgynous/clean_pixel/unknown/kenney_cc0_2d/action/d4e93b6078ed2a76_blueShoe1.png,civilian,androgynous,unknown,clean_pixel,kenney_cc0_2d,https://github.com/shorepine/kenney,CC0,action,94x42,False,d4e93b6078ed2a761f58640589565dfb9a7af2fbd812e4a0eca865f457594ae6,2d/Character Pack/Shoes/Blue/blueShoe1.png,2d
cfc23afe826ffb08,images/civilian/androgynous/clean_pixel/unknown/kenney_cc0_2d/action/cfc23afe826ffb08_blueShoe2.png,civilian,androgynous,unknown,clean_pixel,kenney_cc0_2d,https://github.com/shorepine/kenney,CC0,action,94x42,False,cfc23afe826ffb08436a3ee9ae4836b6b15ab4bf4ce7f04df694520568acd80d,2d/Character Pack/Shoes/Blue/blueShoe2.png,2d
6ea916a90796f07a,images/civilian/androgynous/clean_pixel/unknown/kenney_cc0_2d/action/6ea916a90796f07a_blueShoe3.png,civilian,androgynous,unknown,clean_pixel,kenney_cc0_2d,https://github.com/shorepine/kenney,CC0,action,94x42,False,6ea916a90796f07a67e1ba863101f70ff6ceffa8bdc899fcf741c70dfb503298,2d/Character Pack/Shoes/Blue/blueShoe3.png,2d
d29f7f8289924c56,images/civilian/androgynous/clean_pixel/unknown/kenney_cc0_2d/action/d29f7f8289924c56_blueShoe4.png,civilian,androgynous,unknown,clean_pixel,kenney_cc0_2d,https://github.com/shorepine/kenney,CC0,action,94x42,False,d29f7f8289924c560ce040c9846883f0cb5605ac84801ceb7f5f8f9ed46e4beb,2d/Character Pack/Shoes/Blue/blueShoe4.png,2d
ed5be10b78e7ec2a,images/civilian/androgynous/clean_pixel/unknown/kenney_cc0_2d/action/ed5be10b78e7ec2a_blueShoe5.png,civilian,androgynous,unknown,clean_pixel,kenney_cc0_2d,https://github.com/shorepine/kenney,CC0,action,94x42,False,ed5be10b78e7ec2aab53bf119ee5097fbb2ac88405f037996864861179bac22c,2d/Character Pack/Shoes/Blue/blueShoe5.png,2d
e7c804314d106e8e,images/civilian/androgynous/clean_pixel/unknown/kenney_cc0_2d/action/e7c804314d106e8e_brownShoe1.png,civilian,androgynous,unknown,clean_pixel,kenney_cc0_2d,https://github.com/shorepine/kenney,CC0,action,94x42,False,e7c804314d106e8e357c09e45b0897fef61606fc8c4a197582a1aecc5f4eba58,2d/Character Pack/Shoes/Brown 1/brownShoe1.png,2d
292f20cfc0f641bf,images/civilian/androgynous/clean_pixel/unknown/kenney_cc0_2d/action/292f20cfc0f641bf_brownShoe2.png,civilian,androgynous,unknown,clean_pixel,kenney_cc0_2d,https://github.com/shorepine/kenney,CC0,action,94x42,False,292f20cfc0f641bfa3300b7048159ee249c6db2ef52f3421aa3133f9ce9d42d5,2d/Character Pack/Shoes/Brown 1/brownShoe2.png,2d
293948636b178284,images/civilian/androgynous/clean_pixel/unknown/kenney_cc0_2d/action/293948636b178284_brownShoe3.png,civilian,androgynous,unknown,clean_pixel,kenney_cc0_2d,https://github.com/shorepine/kenney,CC0,action,94x42,False,293948636b17828485e5f9c846b6601924aaa20c1397ab0ad47cd09b8468e0e9,2d/Character Pack/Shoes/Brown 1/brownShoe3.png,2d
2a364375e003ec73,images/civilian/androgynous/clean_pixel/unknown/kenney_cc0_2d/action/2a364375e003ec73_brownShoe4.png,civilian,androgynous,unknown,clean_pixel,kenney_cc0_2d,https://github.com/shorepine/kenney,CC0,action,94x42,False,2a364375e003ec73b25f1e6e58428a2fca01172f280786554bcb3529edab61ca,2d/Character Pack/Shoes/Brown 1/brownShoe4.png,2d
c0d4906cb6940ce6,images/civilian/androgynous/clean_pixel/unknown/kenney_cc0_2d/action/c0d4906cb6940ce6_brownShoe5.png,civilian,androgynous,unknown,clean_pixel,kenney_cc0_2d,https://github.com/shorepine/kenney,CC0,action,94x42,False,c0d4906cb6940ce6013959b43d7ced01872499b451a7a24ed2c73f7610769e51,2d/Character Pack/Shoes/Brown 1/brownShoe5.png,2d
147e46d72dce7671,images/civilian/androgynous/clean_pixel/unknown/kenney_cc0_2d/action/147e46d72dce7671_brown2Shoe1.png,civilian,androgynous,unknown,clean_pixel,kenney_cc0_2d,https://github.com/shorepine/kenney,CC0,action,94x42,False,147e46d72dce7671c13aea144c14bbfa613d6996050d8a8a655827a030ddcecd,2d/Character Pack/Shoes/Brown 2/brown2Shoe1.png,2d
901af0f90111228a,images/civilian/androgynous/clean_pixel/unknown/kenney_cc0_2d/action/901af0f90111228a_brown2Shoe2.png,civilian,androgynous,unknown,clean_pixel,kenney_cc0_2d,https://github.com/shorepine/kenney,CC0,action,94x42,False,901af0f90111228aa2d87b67bd0ca81d14fc1e5886bb6acb3f9b6689d0537682,2d/Character Pack/Shoes/Brown 2/brown2Shoe2.png,2d
0f949e48a0e65dba,images/civilian/androgynous/clean_pixel/unknown/kenney_cc0_2d/action/0f949e48a0e65dba_brown2Shoe3.png,civilian,androgynous,unknown,clean_pixel,kenney_cc0_2d,https://github.com/shorepine/kenney,CC0,action,94x42,False,0f949e48a0e65dba741ad75fcde9947ef883466e0787d917bfdc98ee7256cab8,2d/Character Pack/Shoes/Brown 2/brown2Shoe3.png,2d
1661cd433a76a97d,images/civilian/androgynous/clean_pixel/unknown/kenney_cc0_2d/action/1661cd433a76a97d_brown2Shoe4.png,civilian,androgynous,unknown,clean_pixel,kenney_cc0_2d,https://github.com/shorepine/kenney,CC0,action,94x42,False,1661cd433a76a97dadad2f3c8b74e28e71f43579e33bf4e4b47ed18f6fa22501,2d/Character Pack/Shoes/Brown 2/brown2Shoe4.png,2d
234fdab2f841a056,images/civilian/androgynous/clean_pixel/unknown/kenney_cc0_2d/action/234fdab2f841a056_brown2Shoe5.png,civilian,androgynous,unknown,clean_pixel,kenney_cc0_2d,https://github.com/shorepine/kenney,CC0,action,94x42,False,234fdab2f841a05682e577c8806f88de80347a7be84db71cc55d029a034e5849,2d/Character Pack/Shoes/Brown 2/brown2Shoe5.png,2d
249d176a823f8697,images/civilian/androgynous/clean_pixel/unknown/kenney_cc0_2d/action/249d176a823f8697_greyShoe1.png,civilian,androgynous,unknown,clean_pixel,kenney_cc0_2d,https://github.com/shorepine/kenney,CC0,action,94x42,False,249d176a823f8697e8dccbcf054a1e226009e5e4f50d1b32876da3cf70193d3b,2d/Character Pack/Shoes/Grey/greyShoe1.png,2d
bea58f3abc9bfcf3,images/civilian/androgynous/clean_pixel/unknown/kenney_cc0_2d/action/bea58f3abc9bfcf3_greyShoe2.png,civilian,androgynous,unknown,clean_pixel,kenney_cc0_2d,https://github.com/shorepine/kenney,CC0,action,94x42,False,bea58f3abc9bfcf38b94d60b683a23de8f8c114659b558ad1ad1dff46e2e5023,2d/Character Pack/Shoes/Grey/greyShoe2.png,2d
fd7e70c52cbf5b64,images/civilian/androgynous/clean_pixel/unknown/kenney_cc0_2d/action/fd7e70c52cbf5b64_greyShoe3.png,civilian,androgynous,unknown,clean_pixel,kenney_cc0_2d,https://github.com/shorepine/kenney,CC0,action,94x42,False,fd7e70c52cbf5b6437f53ab3c2fd14413e91123ce20be19c4f9f38d1fd3b3790,2d/Character Pack/Shoes/Grey/greyShoe3.png,2d
74f672b98105c6a7,images/civilian/androgynous/clean_pixel/unknown/kenney_cc0_2d/action/74f672b98105c6a7_greyShoe4.png,civilian,androgynous,unknown,clean_pixel,kenney_cc0_2d,https://github.com/shorepine/kenney,CC0,action,94x42,False,74f672b98105c6a76cdfb26ad64ec7eb89ca9f87b1772cbef82cf2c81a02ce2a,2d/Character Pack/Shoes/Grey/greyShoe4.png,2d
5a61229ee4ce51fb,images/civilian/androgynous/clean_pixel/unknown/kenney_cc0_2d/action/5a61229ee4ce51fb_greyShoe5.png,civilian,androgynous,unknown,clean_pixel,kenney_cc0_2d,https://github.com/shorepine/kenney,CC0,action,94x42,False,5a61229ee4ce51fb07a31e2e6f286e4b73fdfe6d0ffa826950bd7afa982a81d8,2d/Character Pack/Shoes/Grey/greyShoe5.png,2d
46a5a211c93146cd,images/civilian/androgynous/clean_pixel/unknown/kenney_cc0_2d/action/46a5a211c93146cd_redShoe1.png,civilian,androgynous,unknown,clean_pixel,kenney_cc0_2d,https://github.com/shorepine/kenney,CC0,action,94x42,False,46a5a211c93146cd8fb06542f1ac9021e5a62819880882a83d8c3a3df392a2ab,2d/Character Pack/Shoes/Red/redShoe1.png,2d
591aa4eff5657420,images/civilian/androgynous/clean_pixel/unknown/kenney_cc0_2d/action/591aa4eff5657420_redShoe2.png,civilian,androgynous,unknown,clean_pixel,kenney_cc0_2d,https://github.com/shorepine/kenney,CC0,action,94x42,False,591aa4eff5657420652cfa5b54fe90baeeead92b6fbbbdbff2ae8a24dc8de8f6,2d/Character Pack/Shoes/Red/redShoe2.png,2d
76c9d91e3cce1d6a,images/civilian/androgynous/clean_pixel/unknown/kenney_cc0_2d/action/76c9d91e3cce1d6a_redShoe3.png,civilian,androgynous,unknown,clean_pixel,kenney_cc0_2d,https://github.com/shorepine/kenney,CC0,action,94x42,False,76c9d91e3cce1d6a1a9d11c3af120d190f9b46ba08efa5bacfa1013d977c45ba,2d/Character Pack/Shoes/Red/redShoe3.png,2d
215b978784027428,images/civilian/androgynous/clean_pixel/unknown/kenney_cc0_2d/action/215b978784027428_redShoe4.png,civilian,androgynous,unknown,clean_pixel,kenney_cc0_2d,https://github.com/shorepine/kenney,CC0,action,94x42,False,215b978784027428fc434d8b72fc2c83dc4e366bff2b707af273bc45b611dfcd,2d/Character Pack/Shoes/Red/redShoe4.png,2d
7c536ae0755689a5,images/civilian/androgynous/clean_pixel/unknown/kenney_cc0_2d/action/7c536ae0755689a5_redShoe5.png,civilian,androgynous,unknown,clean_pixel,kenney_cc0_2d,https://github.com/shorepine/kenney,CC0,action,94x42,False,7c536ae0755689a5680f370a9533041920ddb0608a03e555c16533e791ee0aeb,2d/Character Pack/Shoes/Red/redShoe5.png,2d
b1a77b9f6679977b,images/civilian/androgynous/clean_pixel/unknown/kenney_cc0_2d/action/b1a77b9f6679977b_tanShoe1.png,civilian,androgynous,unknown,clean_pixel,kenney_cc0_2d,https://github.com/shorepine/kenney,CC0,action,94x42,False,b1a77b9f6679977bf45715615b2bdb786ebc860ac74ecc4b4f6a08d423182c84,2d/Character Pack/Shoes/Tan/tanShoe1.png,2d
bf28a463b26313cd,images/civilian/androgynous/clean_pixel/unknown/kenney_cc0_2d/action/bf28a463b26313cd_tanShoe2.png,civilian,androgynous,unknown,clean_pixel,kenney_cc0_2d,https://github.com/shorepine/kenney,CC0,action,94x42,False,bf28a463b26313cd7e1f98352bc3ac6b1c8d40c32b2e884e37832ac0268c0d39,2d/Character Pack/Shoes/Tan/tanShoe2.png,2d
d18c4f6557d13558,images/civilian/androgynous/clean_pixel/unknown/kenney_cc0_2d/action/d18c4f6557d13558_tanShoe3.png,civilian,androgynous,unknown,clean_pixel,kenney_cc0_2d,https://github.com/shorepine/kenney,CC0,action,94x42,False,d18c4f6557d13558f45fed89d8d86fd39dd4070efa1d5c2ff86c4a3604c31570,2d/Character Pack/Shoes/Tan/tanShoe3.png,2d
7355e571458747ff,images/civilian/androgynous/clean_pixel/unknown/kenney_cc0_2d/action/7355e571458747ff_tanShoe4.png,civilian,androgynous,unknown,clean_pixel,kenney_cc0_2d,https://github.com/shorepine/kenney,CC0,action,94x42,False,7355e571458747ff320006e4f6945861e2d83a90a9cfc4a832d15b492e7b3ac6,2d/Character Pack/Shoes/Tan/tanShoe4.png,2d
d26bcf560dc77ed1,images/civilian/androgynous/clean_pixel/unknown/kenney_cc0_2d/action/d26bcf560dc77ed1_tanShoe5.png,civilian,androgynous,unknown,clean_pixel,kenney_cc0_2d,https://github.com/shorepine/kenney,CC0,action,94x42,False,d26bcf560dc77ed105388cbb489b58a18e83781e7f94569886fceeb0c735f392,2d/Character Pack/Shoes/Tan/tanShoe5.png,2d
8c00f407159a7e1b,images/civilian/androgynous/clean_pixel/unknown/kenney_cc0_2d/action/8c00f407159a7e1b_tint1_arm.png,civilian,androgynous,unknown,clean_pixel,kenney_cc0_2d,https://github.com/shorepine/kenney,CC0,action,170x136,False,8c00f407159a7e1bb35662051e3f23695ae3659b55961b54a004e835b9db0806,2d/Character Pack/Skin/Tint 1/tint1_arm.png,2d
8b96dec7f7cc6b6a,images/civilian/androgynous/clean_pixel/unknown/kenney_cc0_2d/action/8b96dec7f7cc6b6a_tint1_hand.png,civilian,androgynous,unknown,clean_pixel,kenney_cc0_2d,https://github.com/shorepine/kenney,CC0,action,61x71,False,8b96dec7f7cc6b6a41bbe42c859c26e8c1e53af6c9d4d0d9ff38e265252c209f,2d/Character Pack/Skin/Tint 1/tint1_hand.png,2d
a05a8e7d5ff25337,images/civilian/androgynous/clean_pixel/unknown/kenney_cc0_2d/action/a05a8e7d5ff25337_tint1_head.png,civilian,androgynous,unknown,clean_pixel,kenney_cc0_2d,https://github.com/shorepine/kenney,CC0,action,173x168,False,a05a8e7d5ff25337ca15ebfe3ef91a90b57a8b449c6d45defca78fa2ba7d8292,2d/Character Pack/Skin/Tint 1/tint1_head.png,2d
36bdaf7d560d8be8,images/civilian/androgynous/clean_pixel/unknown/kenney_cc0_2d/action/36bdaf7d560d8be8_tint1_leg.png,civilian,androgynous,unknown,clean_pixel,kenney_cc0_2d,https://github.com/shorepine/kenney,CC0,action,93x164,False,36bdaf7d560d8be8ede7695f09e2585409916efab18dd3ec9ac19969c9f6296a,2d/Character Pack/Skin/Tint 1/tint1_leg.png,2d
e2b0939969be8c15,images/civilian/androgynous/clean_pixel/unknown/kenney_cc0_2d/action/e2b0939969be8c15_tint1_neck.png,civilian,androgynous,unknown,clean_pixel,kenney_cc0_2d,https://github.com/shorepine/kenney,CC0,action,96x37,False,e2b0939969be8c1564df9ffb628dbdf2573550071e5f52b4e38b3e099bd7c497,2d/Character Pack/Skin/Tint 1/tint1_neck.png,2d
84a5e6e2ff226749,images/civilian/androgynous/clean_pixel/unknown/kenney_cc0_2d/action/84a5e6e2ff226749_tint2_arm.png,civilian,androgynous,unknown,clean_pixel,kenney_cc0_2d,https://github.com/shorepine/kenney,CC0,action,170x136,False,84a5e6e2ff22674924f71689edff413b2f8253cf754ee65880cebd3ce98bf205,2d/Character Pack/Skin/Tint 2/tint2_arm.png,2d
6a58c3220a815ce5,images/civilian/androgynous/clean_pixel/unknown/kenney_cc0_2d/action/6a58c3220a815ce5_tint2_hand.png,civilian,androgynous,unknown,clean_pixel,kenney_cc0_2d,https://github.com/shorepine/kenney,CC0,action,61x71,False,6a58c3220a815ce5c0fe592cb8834466c6ab4f1f37bfd647658e5c842c998cff,2d/Character Pack/Skin/Tint 2/tint2_hand.png,2d
3b6eaf3bc2cb6fe8,images/civilian/androgynous/clean_pixel/unknown/kenney_cc0_2d/action/3b6eaf3bc2cb6fe8_tint2_head.png,civilian,androgynous,unknown,clean_pixel,kenney_cc0_2d,https://github.com/shorepine/kenney,CC0,action,173x168,False,3b6eaf3bc2cb6fe8c55cbab3ce315021559ddf3190741c0242e17ddbea387bc4,2d/Character Pack/Skin/Tint 2/tint2_head.png,2d
3d49f66ee87a2f65,images/civilian/androgynous/clean_pixel/unknown/kenney_cc0_2d/action/3d49f66ee87a2f65_tint2_leg.png,civilian,androgynous,unknown,clean_pixel,kenney_cc0_2d,https://github.com/shorepine/kenney,CC0,action,93x164,False,3d49f66ee87a2f65d7d53a00ef0309d8921869eaf6958570fc9cbe8327ed578b,2d/Character Pack/Skin/Tint 2/tint2_leg.png,2d
953d646cd1e78de1,images/civilian/androgynous/clean_pixel/unknown/kenney_cc0_2d/action/953d646cd1e78de1_tint2_neck.png,civilian,androgynous,unknown,clean_pixel,kenney_cc0_2d,https://github.com/shorepine/kenney,CC0,action,96x37,False,953d646cd1e78de189767e89924762c1ef29f4cf5694a3fc273316258471c658,2d/Character Pack/Skin/Tint 2/tint2_neck.png,2d
f9c072fc5df2a3d2,images/civilian/androgynous/clean_pixel/unknown/kenney_cc0_2d/action/f9c072fc5df2a3d2_tint3_arm.png,civilian,androgynous,unknown,clean_pixel,kenney_cc0_2d,https://github.com/shorepine/kenney,CC0,action,170x136,False,f9c072fc5df2a3d207dfef70d547cd83150c4cc61c97e826ceabb0f7004337d1,2d/Character Pack/Skin/Tint 3/tint3_arm.png,2d
f0e663f4599e4cec,images/civilian/androgynous/clean_pixel/unknown/kenney_cc0_2d/action/f0e663f4599e4cec_tint3_hand.png,civilian,androgynous,unknown,clean_pixel,kenney_cc0_2d,https://github.com/shorepine/kenney,CC0,action,61x71,False,f0e663f4599e4cecee78d71aec50e8828bfec8d26edf44c1f2706ee66aa54930,2d/Character Pack/Skin/Tint 3/tint3_hand.png,2d
5918d40c878076e6,images/civilian/androgynous/clean_pixel/unknown/kenney_cc0_2d/action/5918d40c878076e6_tint3_head.png,civilian,androgynous,unknown,clean_pixel,kenney_cc0_2d,https://github.com/shorepine/kenney,CC0,action,173x168,False,5918d40c878076e65e4490e6459853dbbc69b92adafb92f1b6c2b33ffeb23a62,2d/Character Pack/Skin/Tint 3/tint3_head.png,2d
0b05641771e4d67f,images/civilian/androgynous/clean_pixel/unknown/kenney_cc0_2d/action/0b05641771e4d67f_tint3_leg.png,civilian,androgynous,unknown,clean_pixel,kenney_cc0_2d,https://github.com/shorepine/kenney,CC0,action,93x164,False,0b05641771e4d67f76db023416c3e19e71ebc1a50d82e6606268aa407a01887f,2d/Character Pack/Skin/Tint 3/tint3_leg.png,2d
f94301625e5a7cb3,images/civilian/androgynous/clean_pixel/unknown/kenney_cc0_2d/action/f94301625e5a7cb3_tint3_neck.png,civilian,androgynous,unknown,clean_pixel,kenney_cc0_2d,https://github.com/shorepine/kenney,CC0,action,96x37,False,f94301625e5a7cb33b8b42939642a0198cbc127fabf0f7b2d3bd3e5aebdce81a,2d/Character Pack/Skin/Tint 3/tint3_neck.png,2d
3bf39e54417dc09b,images/civilian/androgynous/clean_pixel/unknown/kenney_cc0_2d/action/3bf39e54417dc09b_tint4_arm.png,civilian,androgynous,unknown,clean_pixel,kenney_cc0_2d,https://github.com/shorepine/kenney,CC0,action,170x136,False,3bf39e54417dc09b501cefe839936e2d4d04d160733c8696be7f752ef61ac1bd,2d/Character Pack/Skin/Tint 4/tint4_arm.png,2d
4088595d151edbd8,images/civilian/androgynous/clean_pixel/unknown/kenney_cc0_2d/action/4088595d151edbd8_tint4_hand.png,civilian,androgynous,unknown,clean_pixel,kenney_cc0_2d,https://github.com/shorepine/kenney,CC0,action,61x71,False,4088595d151edbd8d0f283b963f1028263958fd2056d0bdf9635d8c3f69c6f68,2d/Character Pack/Skin/Tint 4/tint4_hand.png,2d
1554e977ec4fd929,images/civilian/androgynous/clean_pixel/unknown/kenney_cc0_2d/action/1554e977ec4fd929_tint4_head.png,civilian,androgynous,unknown,clean_pixel,kenney_cc0_2d,https://github.com/shorepine/kenney,CC0,action,173x168,False,1554e977ec4fd92969cd610700fb9e2b24eaab10bf969fc7d6c77f1f1ae2fde6,2d/Character Pack/Skin/Tint 4/tint4_head.png,2d
fcb910f9baaeebab,images/civilian/androgynous/clean_pixel/unknown/kenney_cc0_2d/action/fcb910f9baaeebab_tint4_leg.png,civilian,androgynous,unknown,clean_pixel,kenney_cc0_2d,https://github.com/shorepine/kenney,CC0,action,93x164,False,fcb910f9baaeebab293d87d242abff9f75c2649eac4f09a7db5d36c005cb46c6,2d/Character Pack/Skin/Tint 4/tint4_leg.png,2d
13fa89c14301b33a,images/civilian/androgynous/clean_pixel/unknown/kenney_cc0_2d/action/13fa89c14301b33a_tint4_neck.png,civilian,androgynous,unknown,clean_pixel,kenney_cc0_2d,https://github.com/shorepine/kenney,CC0,action,96x37,False,13fa89c14301b33aa05620c2501004f32e270c6441fb51510f3688c0d419cf36,2d/Character Pack/Skin/Tint 4/tint4_neck.png,2d
53910b767854e69d,images/civilian/androgynous/clean_pixel/unknown/kenney_cc0_2d/action/53910b767854e69d_tint5_arm.png,civilian,androgynous,unknown,clean_pixel,kenney_cc0_2d,https://github.com/shorepine/kenney,CC0,action,170x136,False,53910b767854e69df104ba5b5956671de16e1a9fba4ec151f9c60964713786f9,2d/Character Pack/Skin/Tint 5/tint5_arm.png,2d
d0183eabf369df54,images/civilian/androgynous/clean_pixel/unknown/kenney_cc0_2d/action/d0183eabf369df54_tint5_hand.png,civilian,androgynous,unknown,clean_pixel,kenney_cc0_2d,https://github.com/shorepine/kenney,CC0,action,61x71,False,d0183eabf369df54d87c866973df75f4acf208e9d09fec4e2007c00d2671b9cd,2d/Character Pack/Skin/Tint 5/tint5_hand.png,2d
bd914da99dee5df0,images/civilian/androgynous/clean_pixel/unknown/kenney_cc0_2d/action/bd914da99dee5df0_tint5_head.png,civilian,androgynous,unknown,clean_pixel,kenney_cc0_2d,https://github.com/shorepine/kenney,CC0,action,173x168,False,bd914da99dee5df05e6da69744a87de76dedad94e0fb6aaa0121ec3a90cb9e9a,2d/Character Pack/Skin/Tint 5/tint5_head.png,2d
a889ac094bebcc0b,images/civilian/androgynous/clean_pixel/unknown/kenney_cc0_2d/action/a889ac094bebcc0b_tint5_leg.png,civilian,androgynous,unknown,clean_pixel,kenney_cc0_2d,https://github.com/shorepine/kenney,CC0,action,93x164,False,a889ac094bebcc0bd3ab96c7772b9d8de0ef0a50d5fba8696406f6709a867a58,2d/Character Pack/Skin/Tint 5/tint5_leg.png,2d
099be6d9013b6668,images/civilian/androgynous/clean_pixel/unknown/kenney_cc0_2d/action/099be6d9013b6668_tint5_neck.png,civilian,androgynous,unknown,clean_pixel,kenney_cc0_2d,https://github.com/shorepine/kenney,CC0,action,96x37,False,099be6d9013b66689555219cceba8ac3c7810fe622c1b5166555946db395dbda,2d/Character Pack/Skin/Tint 5/tint5_neck.png,2d
80f2bf526643cd04,images/civilian/androgynous/clean_pixel/unknown/kenney_cc0_2d/action/80f2bf526643cd04_tint6_arm.png,civilian,androgynous,unknown,clean_pixel,kenney_cc0_2d,https://github.com/shorepine/kenney,CC0,action,170x136,False,80f2bf526643cd0445e5e249c4be41eee6f129a247531835f600acbab4db359b,2d/Character Pack/Skin/Tint 6/tint6_arm.png,2d
98560bc5fb29b5e7,images/civilian/androgynous/clean_pixel/unknown/kenney_cc0_2d/action/98560bc5fb29b5e7_tint6_hand.png,civilian,androgynous,unknown,clean_pixel,kenney_cc0_2d,https://github.com/shorepine/kenney,CC0,action,61x71,False,98560bc5fb29b5e79d5656c8e028323a73e18c9f8e3f362ccb1c5913f4c9e089,2d/Character Pack/Skin/Tint 6/tint6_hand.png,2d
015e4809e4cbc42e,images/civilian/androgynous/clean_pixel/unknown/kenney_cc0_2d/action/015e4809e4cbc42e_tint6_head.png,civilian,androgynous,unknown,clean_pixel,kenney_cc0_2d,https://github.com/shorepine/kenney,CC0,action,173x168,False,015e4809e4cbc42ea100ca68cab88224417c81968209c0373a69bdb5f66dd685,2d/Character Pack/Skin/Tint 6/tint6_head.png,2d
09073e3d6f3496c0,images/civilian/androgynous/clean_pixel/unknown/kenney_cc0_2d/action/09073e3d6f3496c0_tint6_leg.png,civilian,androgynous,unknown,clean_pixel,kenney_cc0_2d,https://github.com/shorepine/kenney,CC0,action,93x164,False,09073e3d6f3496c013bdd988ad9572fa867e81fecf53cca78ac4db9476c8a454,2d/Character Pack/Skin/Tint 6/tint6_leg.png,2d
40c314ad53392d93,images/civilian/androgynous/clean_pixel/unknown/kenney_cc0_2d/action/40c314ad53392d93_tint6_neck.png,civilian,androgynous,unknown,clean_pixel,kenney_cc0_2d,https://github.com/shorepine/kenney,CC0,action,96x37,False,40c314ad53392d9374b1a98c9d42dd8f795a1ba007775ce6b4d149e5c18038d5,2d/Character Pack/Skin/Tint 6/tint6_neck.png,2d
5627af8c1ef0007e,images/civilian/androgynous/clean_pixel/unknown/kenney_cc0_2d/action/5627af8c1ef0007e_tint7_arm.png,civilian,androgynous,unknown,clean_pixel,kenney_cc0_2d,https://github.com/shorepine/kenney,CC0,action,170x136,False,5627af8c1ef0007ea7ad197f4d2dc4b90251d6dc1d66f35e82060a9a19a7b76c,2d/Character Pack/Skin/Tint 7/tint7_arm.png,2d
3c3d171cbe71b9e9,images/civilian/androgynous/clean_pixel/unknown/kenney_cc0_2d/action/3c3d171cbe71b9e9_tint7_hand.png,civilian,androgynous,unknown,clean_pixel,kenney_cc0_2d,https://github.com/shorepine/kenney,CC0,action,61x71,False,3c3d171cbe71b9e9eb14240b292121b65e86433a84e0752d9ddaed64bd078393,2d/Character Pack/Skin/Tint 7/tint7_hand.png,2d
4dc9bae338d54252,images/civilian/androgynous/clean_pixel/unknown/kenney_cc0_2d/action/4dc9bae338d54252_tint7_head.png,civilian,androgynous,unknown,clean_pixel,kenney_cc0_2d,https://github.com/shorepine/kenney,CC0,action,173x168,False,4dc9bae338d542521b77b2251ea415c00906410ddf0d6906e873ce22760df952,2d/Character Pack/Skin/Tint 7/tint7_head.png,2d
629229976ff9be36,images/civilian/androgynous/clean_pixel/unknown/kenney_cc0_2d/action/629229976ff9be36_tint7_leg.png,civilian,androgynous,unknown,clean_pixel,kenney_cc0_2d,https://github.com/shorepine/kenney,CC0,action,93x164,False,629229976ff9be3670b9cf1f89b5ba0203a7943cc8f7e6395c5b1ac943489dff,2d/Character Pack/Skin/Tint 7/tint7_leg.png,2d
627faea88ad7d260,images/civilian/androgynous/clean_pixel/unknown/kenney_cc0_2d/action/627faea88ad7d260_tint7_neck.png,civilian,androgynous,unknown,clean_pixel,kenney_cc0_2d,https://github.com/shorepine/kenney,CC0,action,96x37,False,627faea88ad7d260ab32aac456346b05d233deb37d3cd96d6b27a9691c654a13,2d/Character Pack/Skin/Tint 7/tint7_neck.png,2d
c06aea220b77d87a,images/civilian/androgynous/clean_pixel/unknown/kenney_cc0_2d/action/c06aea220b77d87a_tint8_arm.png,civilian,androgynous,unknown,clean_pixel,kenney_cc0_2d,https://github.com/shorepine/kenney,CC0,action,170x136,False,c06aea220b77d87ad261f1fa4325ee8c88452da092a4755907dbfddac9ee4431,2d/Character Pack/Skin/Tint 8/tint8_arm.png,2d
ce385123dc9112b7,images/civilian/androgynous/clean_pixel/unknown/kenney_cc0_2d/action/ce385123dc9112b7_tint8_hand.png,civilian,androgynous,unknown,clean_pixel,kenney_cc0_2d,https://github.com/shorepine/kenney,CC0,action,61x71,False,ce385123dc9112b7410fc8251e14b4d10225f11d6d76c46e5585202e3c33e9c1,2d/Character Pack/Skin/Tint 8/tint8_hand.png,2d
6e871a866b34bf97,images/civilian/androgynous/clean_pixel/unknown/kenney_cc0_2d/action/6e871a866b34bf97_tint8_head.png,civilian,androgynous,unknown,clean_pixel,kenney_cc0_2d,https://github.com/shorepine/kenney,CC0,action,173x168,False,6e871a866b34bf979ad3726f9c57595e739b1bb8db11995ac68a706c1ab29001,2d/Character Pack/Skin/Tint 8/tint8_head.png,2d
db6e76a60a2232bf,images/civilian/androgynous/clean_pixel/unknown/kenney_cc0_2d/action/db6e76a60a2232bf_tint8_leg.png,civilian,androgynous,unknown,clean_pixel,kenney_cc0_2d,https://github.com/shorepine/kenney,CC0,action,93x164,False,db6e76a60a2232bf4c40c2e61abe9d7cfb372294166d95be3c07750ffde6ba00,2d/Character Pack/Skin/Tint 8/tint8_leg.png,2d
432e7568aeb6dda0,images/civilian/androgynous/clean_pixel/unknown/kenney_cc0_2d/action/432e7568aeb6dda0_tint8_neck.png,civilian,androgynous,unknown,clean_pixel,kenney_cc0_2d,https://github.com/shorepine/kenney,CC0,action,96x37,False,432e7568aeb6dda0842bfea2e313d50795bbb0e7d06606d7e5ced836d75d94f4,2d/Character Pack/Skin/Tint 8/tint8_neck.png,2d
12f31043e2f05454,images/civilian/androgynous/clean_pixel/unknown/kenney_cc0_2d/action/12f31043e2f05454_character0.png,civilian,androgynous,unknown,clean_pixel,kenney_cc0_2d,https://github.com/shorepine/kenney,CC0,action,16x16,False,12f31043e2f05454c56ac7016e451f80190081bddfc91a02cc80fd54382419d9,2d/Monochrome RPG Tileset/Dot Matrix/Sprites/character0.png,2d
36540a7781c9d901,images/civilian/androgynous/clean_pixel/unknown/kenney_cc0_2d/action/36540a7781c9d901_character1.png,civilian,androgynous,unknown,clean_pixel,kenney_cc0_2d,https://github.com/shorepine/kenney,CC0,action,16x16,False,36540a7781c9d901a17ea4224d7417a430df87206924934e93d493b15043ef1c,2d/Monochrome RPG Tileset/Dot Matrix/Sprites/character1.png,2d
74cfbf1e72140f3e,images/civilian/androgynous/clean_pixel/unknown/kenney_cc0_2d/action/74cfbf1e72140f3e_character2.png,civilian,androgynous,unknown,clean_pixel,kenney_cc0_2d,https://github.com/shorepine/kenney,CC0,action,16x16,False,74cfbf1e72140f3e77dac0fb947814e5ba4e51c2cae2dcef3c6b788a96dee7e9,2d/Monochrome RPG Tileset/Dot Matrix/Sprites/character2.png,2d
b138b896987e37cc,images/civilian/androgynous/clean_pixel/unknown/kenney_cc0_2d/action/b138b896987e37cc_character3.png,civilian,androgynous,unknown,clean_pixel,kenney_cc0_2d,https://github.com/shorepine/kenney,CC0,action,16x16,False,b138b896987e37cc32700eab2192900ec69ed5ca788f673fdab9b1ece09719dc,2d/Monochrome RPG Tileset/Dot Matrix/Sprites/character3.png,2d
bba3c0417e600b98,images/civilian/androgynous/clean_pixel/unknown/kenney_cc0_2d/action/bba3c0417e600b98_character_beige_climb_a.png,civilian,androgynous,unknown,clean_pixel,kenney_cc0_2d,https://github.com/shorepine/kenney,CC0,action,128x128,False,bba3c0417e600b98dfa991221077fddd3a79900c342fc8fcc0475b15801bbeff,2d/New Platformer Pack/Sprites/Characters/character_beige_climb_a.png,2d
8656acf92b8a113e,images/civilian/androgynous/clean_pixel/unknown/kenney_cc0_2d/action/8656acf92b8a113e_character_beige_climb_b.png,civilian,androgynous,unknown,clean_pixel,kenney_cc0_2d,https://github.com/shorepine/kenney,CC0,action,128x128,False,8656acf92b8a113e901e491503faf0e3b3d1002ed3a465726c0edaa667706630,2d/New Platformer Pack/Sprites/Characters/character_beige_climb_b.png,2d
4f89f6bc8056df33,images/civilian/androgynous/clean_pixel/unknown/kenney_cc0_2d/action/4f89f6bc8056df33_character_beige_duck.png,civilian,androgynous,unknown,clean_pixel,kenney_cc0_2d,https://github.com/shorepine/kenney,CC0,action,128x128,False,4f89f6bc8056df33dcd3cafec00ad3ece1eb9bdd973c20ed815b45a7651ca5e3,2d/New Platformer Pack/Sprites/Characters/character_beige_duck.png,2d
e28a8ae19f2fa1da,images/civilian/androgynous/clean_pixel/unknown/kenney_cc0_2d/action/e28a8ae19f2fa1da_character_beige_front.png,civilian,androgynous,unknown,clean_pixel,kenney_cc0_2d,https://github.com/shorepine/kenney,CC0,action,128x128,False,e28a8ae19f2fa1da5b2702e605e5ec68eeb767df265fb405d221505344fe9d06,2d/New Platformer Pack/Sprites/Characters/character_beige_front.png,2d
23c07a047aab8576,images/civilian/androgynous/clean_pixel/unknown/kenney_cc0_2d/action/23c07a047aab8576_character_beige_hit.png,civilian,androgynous,unknown,clean_pixel,kenney_cc0_2d,https://github.com/shorepine/kenney,CC0,action,128x128,False,23c07a047aab857621193293687092289138afd9404a9bf4df57960268021aa3,2d/New Platformer Pack/Sprites/Characters/character_beige_hit.png,2d
157b0994e98acde8,images/civilian/androgynous/clean_pixel/unknown/kenney_cc0_2d/idle/157b0994e98acde8_character_beige_idle.png,civilian,androgynous,unknown,clean_pixel,kenney_cc0_2d,https://github.com/shorepine/kenney,CC0,idle,128x128,False,157b0994e98acde8dd3a375fddc644ef0430ebe256487ffb0d1ba16808694082,2d/New Platformer Pack/Sprites/Characters/character_beige_idle.png,2d
49344973f8679f02,images/civilian/androgynous/clean_pixel/unknown/kenney_cc0_2d/action/49344973f8679f02_character_beige_jump.png,civilian,androgynous,unknown,clean_pixel,kenney_cc0_2d,https://github.com/shorepine/kenney,CC0,action,128x128,False,49344973f8679f029259a04df8ffe4eef27c022af967f49462830c848428729d,2d/New Platformer Pack/Sprites/Characters/character_beige_jump.png,2d
e88c3d03d02171f4,images/civilian/androgynous/clean_pixel/unknown/kenney_cc0_2d/walking/e88c3d03d02171f4_character_beige_walk_a.png,civilian,androgynous,unknown,clean_pixel,kenney_cc0_2d,https://github.com/shorepine/kenney,CC0,walking,128x128,False,e88c3d03d02171f42611db9e2674782f285214d5c0190d34e745778ef7543643,2d/New Platformer Pack/Sprites/Characters/character_beige_walk_a.png,2d
df3fb8b1096b4cbc,images/civilian/androgynous/clean_pixel/unknown/kenney_cc0_2d/walking/df3fb8b1096b4cbc_character_beige_walk_b.png,civilian,androgynous,unknown,clean_pixel,kenney_cc0_2d,https://github.com/shorepine/kenney,CC0,walking,128x128,False,df3fb8b1096b4cbcdd9eeca14358e165083dd4966d09bc928ac9c9410adfcf29,2d/New Platformer Pack/Sprites/Characters/character_beige_walk_b.png,2d
b4898f16e5e7af0b,images/civilian/androgynous/clean_pixel/unknown/kenney_cc0_2d/action/b4898f16e5e7af0b_character_green_climb_a.png,civilian,androgynous,unknown,clean_pixel,kenney_cc0_2d,https://github.com/shorepine/kenney,CC0,action,128x128,False,b4898f16e5e7af0bd39910dd0cb6d484fea03ad1e5edd78af9e15009be10471d,2d/New Platformer Pack/Sprites/Characters/character_green_climb_a.png,2d
f6722b878468b705,images/civilian/androgynous/clean_pixel/unknown/kenney_cc0_2d/action/f6722b878468b705_character_green_climb_b.png,civilian,androgynous,unknown,clean_pixel,kenney_cc0_2d,https://github.com/shorepine/kenney,CC0,action,128x128,False,f6722b878468b70519d0dd76a78d04ca0ee4d8a9c74da7e16af243e4cb923982,2d/New Platformer Pack/Sprites/Characters/character_green_climb_b.png,2d
cefdd66f8f9d267f,images/civilian/androgynous/clean_pixel/unknown/kenney_cc0_2d/action/cefdd66f8f9d267f_character_green_duck.png,civilian,androgynous,unknown,clean_pixel,kenney_cc0_2d,https://github.com/shorepine/kenney,CC0,action,128x128,False,cefdd66f8f9d267f8607e425541ae761fe09854eb5b452a0f3afab6646a9caef,2d/New Platformer Pack/Sprites/Characters/character_green_duck.png,2d
137dec4dd3657059,images/civilian/androgynous/clean_pixel/unknown/kenney_cc0_2d/action/137dec4dd3657059_character_green_front.png,civilian,androgynous,unknown,clean_pixel,kenney_cc0_2d,https://github.com/shorepine/kenney,CC0,action,128x128,False,137dec4dd36570598fb45ae8db631546f389b93944236fc22307f7b3fe768eea,2d/New Platformer Pack/Sprites/Characters/character_green_front.png,2d
0f8f96eaca37c74b,images/civilian/androgynous/clean_pixel/unknown/kenney_cc0_2d/action/0f8f96eaca37c74b_character_green_hit.png,civilian,androgynous,unknown,clean_pixel,kenney_cc0_2d,https://github.com/shorepine/kenney,CC0,action,128x128,False,0f8f96eaca37c74b0a71622c5c35d331af4175b44988467659dcffd804f05e0d,2d/New Platformer Pack/Sprites/Characters/character_green_hit.png,2d
471928edcbb0f5e1,images/civilian/androgynous/clean_pixel/unknown/kenney_cc0_2d/idle/471928edcbb0f5e1_character_green_idle.png,civilian,androgynous,unknown,clean_pixel,kenney_cc0_2d,https://github.com/shorepine/kenney,CC0,idle,128x128,False,471928edcbb0f5e1616dabbf7481b997b625df5b827231ce9ef3adaeba87a907,2d/New Platformer Pack/Sprites/Characters/character_green_idle.png,2d
9b7d04a44ecaaa80,images/civilian/androgynous/clean_pixel/unknown/kenney_cc0_2d/action/9b7d04a44ecaaa80_character_green_jump.png,civilian,androgynous,unknown,clean_pixel,kenney_cc0_2d,https://github.com/shorepine/kenney,CC0,action,128x128,False,9b7d04a44ecaaa809855607aefeb3feef2bc5079e1dc4da16d8b5822a233207b,2d/New Platformer Pack/Sprites/Characters/character_green_jump.png,2d
abaad6be675130ee,images/civilian/androgynous/clean_pixel/unknown/kenney_cc0_2d/walking/abaad6be675130ee_character_green_walk_a.png,civilian,androgynous,unknown,clean_pixel,kenney_cc0_2d,https://github.com/shorepine/kenney,CC0,walking,128x128,False,abaad6be675130eee78862c3452a5eda729ee3712b5c04682ec6ef6fbab98e86,2d/New Platformer Pack/Sprites/Characters/character_green_walk_a.png,2d
ac9a31de5aff851b,images/civilian/androgynous/clean_pixel/unknown/kenney_cc0_2d/walking/ac9a31de5aff851b_character_green_walk_b.png,civilian,androgynous,unknown,clean_pixel,kenney_cc0_2d,https://github.com/shorepine/kenney,CC0,walking,128x128,False,ac9a31de5aff851b5e9be765b24b95cc9d0cc79c1e41f3dd9beefa06f5640351,2d/New Platformer Pack/Sprites/Characters/character_green_walk_b.png,2d
417bec2beb12d86b,images/civilian/androgynous/clean_pixel/unknown/kenney_cc0_2d/action/417bec2beb12d86b_character_pink_climb_a.png,civilian,androgynous,unknown,clean_pixel,kenney_cc0_2d,https://github.com/shorepine/kenney,CC0,action,128x128,False,417bec2beb12d86b24ebfe5d44de47845478fad998d176be9a3caba408f90e51,2d/New Platformer Pack/Sprites/Characters/character_pink_climb_a.png,2d
c721e7baeff2e3e0,images/civilian/androgynous/clean_pixel/unknown/kenney_cc0_2d/action/c721e7baeff2e3e0_character_pink_climb_b.png,civilian,androgynous,unknown,clean_pixel,kenney_cc0_2d,https://github.com/shorepine/kenney,CC0,action,128x128,False,c721e7baeff2e3e0fcf3851dbed52457eac0caa7bb7506fe265e3cb6f82b2226,2d/New Platformer Pack/Sprites/Characters/character_pink_climb_b.png,2d
cd2a0b48cc4184dc,images/civilian/androgynous/clean_pixel/unknown/kenney_cc0_2d/action/cd2a0b48cc4184dc_character_pink_duck.png,civilian,androgynous,unknown,clean_pixel,kenney_cc0_2d,https://github.com/shorepine/kenney,CC0,action,128x128,False,cd2a0b48cc4184dcf02345081d2190642538adc903606ebb18c11bfe727977e0,2d/New Platformer Pack/Sprites/Characters/character_pink_duck.png,2d
512b5c17f902b114,images/civilian/androgynous/clean_pixel/unknown/kenney_cc0_2d/action/512b5c17f902b114_character_pink_front.png,civilian,androgynous,unknown,clean_pixel,kenney_cc0_2d,https://github.com/shorepine/kenney,CC0,action,128x128,False,512b5c17f902b1145f5bfb1e2dd9f165a818312fd4e51e7c3f311857a977eb30,2d/New Platformer Pack/Sprites/Characters/character_pink_front.png,2d
16899ede7df56c9a,images/civilian/androgynous/clean_pixel/unknown/kenney_cc0_2d/action/16899ede7df56c9a_character_pink_hit.png,civilian,androgynous,unknown,clean_pixel,kenney_cc0_2d,https://github.com/shorepine/kenney,CC0,action,128x128,False,16899ede7df56c9ac1d9e7efb065eb1d537c5ea78bd72b6b3249c43144f012bf,2d/New Platformer Pack/Sprites/Characters/character_pink_hit.png,2d
adbf4740643be0d2,images/civilian/androgynous/clean_pixel/unknown/kenney_cc0_2d/idle/adbf4740643be0d2_character_pink_idle.png,civilian,androgynous,unknown,clean_pixel,kenney_cc0_2d,https://github.com/shorepine/kenney,CC0,idle,128x128,False,adbf4740643be0d2e7d8528c079c43ed33d2be9af2afd488228750ca6d45e89d,2d/New Platformer Pack/Sprites/Characters/character_pink_idle.png,2d
f4a41d9c0a8d2b9b,images/civilian/androgynous/clean_pixel/unknown/kenney_cc0_2d/action/f4a41d9c0a8d2b9b_character_pink_jump.png,civilian,androgynous,unknown,clean_pixel,kenney_cc0_2d,https://github.com/shorepine/kenney,CC0,action,128x128,False,f4a41d9c0a8d2b9bb6e88f0b818fe562fbb59c1d352d4ce96b52bf77a58c857c,2d/New Platformer Pack/Sprites/Characters/character_pink_jump.png,2d
df3e9347eca78dd6,images/civilian/androgynous/clean_pixel/unknown/kenney_cc0_2d/walking/df3e9347eca78dd6_character_pink_walk_a.png,civilian,androgynous,unknown,clean_pixel,kenney_cc0_2d,https://github.com/shorepine/kenney,CC0,walking,128x128,False,df3e9347eca78dd6ad284e34bfca24c8e20d9c5567cddcf7afce97b35e25e750,2d/New Platformer Pack/Sprites/Characters/character_pink_walk_a.png,2d
6b08ee78c35bdf28,images/civilian/androgynous/clean_pixel/unknown/kenney_cc0_2d/walking/6b08ee78c35bdf28_character_pink_walk_b.png,civilian,androgynous,unknown,clean_pixel,kenney_cc0_2d,https://github.com/shorepine/kenney,CC0,walking,128x128,False,6b08ee78c35bdf289ac7f27e1323809f906ba80d192b4c15e16fff989141b4a0,2d/New Platformer Pack/Sprites/Characters/character_pink_walk_b.png,2d
2c129e843f6ebe66,images/civilian/androgynous/clean_pixel/unknown/kenney_cc0_2d/action/2c129e843f6ebe66_character_purple_climb_a.png,civilian,androgynous,unknown,clean_pixel,kenney_cc0_2d,https://github.com/shorepine/kenney,CC0,action,128x128,False,2c129e843f6ebe6644a863d7b5043320fb6f5938c7b74e60bc356c54b3085e90,2d/New Platformer Pack/Sprites/Characters/character_purple_climb_a.png,2d
804691dc0d5f3f8e,images/civilian/androgynous/clean_pixel/unknown/kenney_cc0_2d/action/804691dc0d5f3f8e_character_purple_climb_b.png,civilian,androgynous,unknown,clean_pixel,kenney_cc0_2d,https://github.com/shorepine/kenney,CC0,action,128x128,False,804691dc0d5f3f8ed5b7b5b8f1008d0b663e2e66f6f454d4c8213552d81e7cef,2d/New Platformer Pack/Sprites/Characters/character_purple_climb_b.png,2d
226e9a6baaf4301a,images/civilian/androgynous/clean_pixel/unknown/kenney_cc0_2d/action/226e9a6baaf4301a_character_purple_duck.png,civilian,androgynous,unknown,clean_pixel,kenney_cc0_2d,https://github.com/shorepine/kenney,CC0,action,128x128,False,226e9a6baaf4301a828091e1241a9fadf813c9bf4ba44ce603ec9a7cfd261f61,2d/New Platformer Pack/Sprites/Characters/character_purple_duck.png,2d
4acb8860d15d1d66,images/civilian/androgynous/clean_pixel/unknown/kenney_cc0_2d/action/4acb8860d15d1d66_character_purple_front.png,civilian,androgynous,unknown,clean_pixel,kenney_cc0_2d,https://github.com/shorepine/kenney,CC0,action,128x128,False,4acb8860d15d1d6691744c27ba9c10d54b4ef88d77b3f83f3125b571234724a5,2d/New Platformer Pack/Sprites/Characters/character_purple_front.png,2d
c848111d4b0d5d9e,images/civilian/androgynous/clean_pixel/unknown/kenney_cc0_2d/action/c848111d4b0d5d9e_character_purple_hit.png,civilian,androgynous,unknown,clean_pixel,kenney_cc0_2d,https://github.com/shorepine/kenney,CC0,action,128x128,False,c848111d4b0d5d9ec1c1a2ef06ee8279b51a583236080aa3b5e8bd09cc4197e1,2d/New Platformer Pack/Sprites/Characters/character_purple_hit.png,2d
3bdd659ae73cc28d,images/civilian/androgynous/clean_pixel/unknown/kenney_cc0_2d/idle/3bdd659ae73cc28d_character_purple_idle.png,civilian,androgynous,unknown,clean_pixel,kenney_cc0_2d,https://github.com/shorepine/kenney,CC0,idle,128x128,False,3bdd659ae73cc28dbd70db36b2e66c45964e313b13226dbb1d73e8d303326c3c,2d/New Platformer Pack/Sprites/Characters/character_purple_idle.png,2d
c853e84138576b3a,images/civilian/androgynous/clean_pixel/unknown/kenney_cc0_2d/action/c853e84138576b3a_character_purple_jump.png,civilian,androgynous,unknown,clean_pixel,kenney_cc0_2d,https://github.com/shorepine/kenney,CC0,action,128x128,False,c853e84138576b3aeeefd79b8836efddd86ff090d7979da1c2f004f79983773d,2d/New Platformer Pack/Sprites/Characters/character_purple_jump.png,2d
abd4bbc1e2c9541b,images/civilian/androgynous/clean_pixel/unknown/kenney_cc0_2d/walking/abd4bbc1e2c9541b_character_purple_walk_a.png,civilian,androgynous,unknown,clean_pixel,kenney_cc0_2d,https://github.com/shorepine/kenney,CC0,walking,128x128,False,abd4bbc1e2c9541be6f456b0050d10f81f5dce96d3059c7e882d4cf9fe5a1108,2d/New Platformer Pack/Sprites/Characters/character_purple_walk_a.png,2d
7e206f753d69fcd0,images/civilian/androgynous/clean_pixel/unknown/kenney_cc0_2d/walking/7e206f753d69fcd0_character_purple_walk_b.png,civilian,androgynous,unknown,clean_pixel,kenney_cc0_2d,https://github.com/shorepine/kenney,CC0,walking,128x128,False,7e206f753d69fcd00e609cfd3ba3cf5d879efc306d0d81bc14dc51240ad40b18,2d/New Platformer Pack/Sprites/Characters/character_purple_walk_b.png,2d
efcd06f51a1ae875,images/civilian/androgynous/clean_pixel/unknown/kenney_cc0_2d/action/efcd06f51a1ae875_character_yellow_climb_a.png,civilian,androgynous,unknown,clean_pixel,kenney_cc0_2d,https://github.com/shorepine/kenney,CC0,action,128x128,False,efcd06f51a1ae875c3072952c8ca8ab36ece6cd4ac61463880f94a7be99c7fc0,2d/New Platformer Pack/Sprites/Characters/character_yellow_climb_a.png,2d
ccf915aa8cdab4ad,images/civilian/androgynous/clean_pixel/unknown/kenney_cc0_2d/action/ccf915aa8cdab4ad_character_yellow_climb_b.png,civilian,androgynous,unknown,clean_pixel,kenney_cc0_2d,https://github.com/shorepine/kenney,CC0,action,128x128,False,ccf915aa8cdab4ad8e559db8d5bb44fb3309c54e4d78e48d86fb0b3f7269adfc,2d/New Platformer Pack/Sprites/Characters/character_yellow_climb_b.png,2d
102a865ac66f36b0,images/civilian/androgynous/clean_pixel/unknown/kenney_cc0_2d/action/102a865ac66f36b0_character_yellow_duck.png,civilian,androgynous,unknown,clean_pixel,kenney_cc0_2d,https://github.com/shorepine/kenney,CC0,action,128x128,False,102a865ac66f36b0100996c5ba5acc50096b6ba066c292ba3eff3300d6555e43,2d/New Platformer Pack/Sprites/Characters/character_yellow_duck.png,2d
683ff1496b851bd4,images/civilian/androgynous/clean_pixel/unknown/kenney_cc0_2d/action/683ff1496b851bd4_character_yellow_front.png,civilian,androgynous,unknown,clean_pixel,kenney_cc0_2d,https://github.com/shorepine/kenney,CC0,action,128x128,False,683ff1496b851bd45e5d367153be75e442e90324032c837a7aa61dc1a2460429,2d/New Platformer Pack/Sprites/Characters/character_yellow_front.png,2d
deea171b3d03581b,images/civilian/androgynous/clean_pixel/unknown/kenney_cc0_2d/action/deea171b3d03581b_character_yellow_hit.png,civilian,androgynous,unknown,clean_pixel,kenney_cc0_2d,https://github.com/shorepine/kenney,CC0,action,128x128,False,deea171b3d03581b3e3bd6c410257cddfa16627ab25b6e86ea67ea99bdb21352,2d/New Platformer Pack/Sprites/Characters/character_yellow_hit.png,2d
8818d3b292a5535e,images/civilian/androgynous/clean_pixel/unknown/kenney_cc0_2d/idle/8818d3b292a5535e_character_yellow_idle.png,civilian,androgynous,unknown,clean_pixel,kenney_cc0_2d,https://github.com/shorepine/kenney,CC0,idle,128x128,False,8818d3b292a5535e9e995f7f4c3f71adef184b3b28b94779850c2388b1feec97,2d/New Platformer Pack/Sprites/Characters/character_yellow_idle.png,2d
d40e04c06e468518,images/civilian/androgynous/clean_pixel/unknown/kenney_cc0_2d/action/d40e04c06e468518_character_yellow_jump.png,civilian,androgynous,unknown,clean_pixel,kenney_cc0_2d,https://github.com/shorepine/kenney,CC0,action,128x128,False,d40e04c06e468518c688814948f3ed74e2d569edb07b07be676dac11d6277385,2d/New Platformer Pack/Sprites/Characters/character_yellow_jump.png,2d
805a28f48eb525a6,images/civilian/androgynous/clean_pixel/unknown/kenney_cc0_2d/walking/805a28f48eb525a6_character_yellow_walk_a.png,civilian,androgynous,unknown,clean_pixel,kenney_cc0_2d,https://github.com/shorepine/kenney,CC0,walking,128x128,False,805a28f48eb525a6843e04a4f005d39e1d9fb0192ed57521755a0813fa5b5a94,2d/New Platformer Pack/Sprites/Characters/character_yellow_walk_a.png,2d
b00e4d46755d1cac,images/civilian/androgynous/clean_pixel/unknown/kenney_cc0_2d/walking/b00e4d46755d1cac_character_yellow_walk_b.png,civilian,androgynous,unknown,clean_pixel,kenney_cc0_2d,https://github.com/shorepine/kenney,CC0,walking,128x128,False,b00e4d46755d1cac79aadef943f06d24cb10961d66c1f68db03f7187e9873e82,2d/New Platformer Pack/Sprites/Characters/character_yellow_walk_b.png,2d
182ba45ea1a15076,images/civilian/androgynous/clean_pixel/unknown/kenney_cc0_2d/action/182ba45ea1a15076_character_beige_climb_a.png,civilian,androgynous,unknown,clean_pixel,kenney_cc0_2d,https://github.com/shorepine/kenney,CC0,action,256x256,False,182ba45ea1a15076050b4cc95433cbdeb8f4c75352e1bad9a21fdc5c01dba216,2d/New Platformer Pack/Sprites/Characters/Double/character_beige_climb_a.png,2d
bcca2d857000c932,images/civilian/androgynous/clean_pixel/unknown/kenney_cc0_2d/action/bcca2d857000c932_character_beige_climb_b.png,civilian,androgynous,unknown,clean_pixel,kenney_cc0_2d,https://github.com/shorepine/kenney,CC0,action,256x256,False,bcca2d857000c9325a1a6d6a5aa4f7e629ab5e6f78767e2f3bd891c3c5064762,2d/New Platformer Pack/Sprites/Characters/Double/character_beige_climb_b.png,2d
59246d26b2036e50,images/civilian/androgynous/clean_pixel/unknown/kenney_cc0_2d/action/59246d26b2036e50_character_beige_duck.png,civilian,androgynous,unknown,clean_pixel,kenney_cc0_2d,https://github.com/shorepine/kenney,CC0,action,256x256,False,59246d26b2036e507779d6773eef2d6cccb8d77821e2d545ea92eef999f0d787,2d/New Platformer Pack/Sprites/Characters/Double/character_beige_duck.png,2d
e9a62137dfab3826,images/civilian/androgynous/clean_pixel/unknown/kenney_cc0_2d/action/e9a62137dfab3826_character_beige_front.png,civilian,androgynous,unknown,clean_pixel,kenney_cc0_2d,https://github.com/shorepine/kenney,CC0,action,256x256,False,e9a62137dfab382680aad6395c5cb3b1da6ee0baea832338362189cc23f316f1,2d/New Platformer Pack/Sprites/Characters/Double/character_beige_front.png,2d
0433ee32ce44958a,images/civilian/androgynous/clean_pixel/unknown/kenney_cc0_2d/action/0433ee32ce44958a_character_beige_hit.png,civilian,androgynous,unknown,clean_pixel,kenney_cc0_2d,https://github.com/shorepine/kenney,CC0,action,256x256,False,0433ee32ce44958a7d2d9811504d9f8c68e83af2828cd51ba7608989fe9c81b1,2d/New Platformer Pack/Sprites/Characters/Double/character_beige_hit.png,2d
bebb5cb0133d123e,images/civilian/androgynous/clean_pixel/unknown/kenney_cc0_2d/idle/bebb5cb0133d123e_character_beige_idle.png,civilian,androgynous,unknown,clean_pixel,kenney_cc0_2d,https://github.com/shorepine/kenney,CC0,idle,256x256,False,bebb5cb0133d123e9f1511580a097607a92dd874239e656ca3e63843b8bedfbe,2d/New Platformer Pack/Sprites/Characters/Double/character_beige_idle.png,2d
2193dc5d528ba5ab,images/civilian/androgynous/clean_pixel/unknown/kenney_cc0_2d/action/2193dc5d528ba5ab_character_beige_jump.png,civilian,androgynous,unknown,clean_pixel,kenney_cc0_2d,https://github.com/shorepine/kenney,CC0,action,256x256,False,2193dc5d528ba5ab486a2568a4ad01edb777d50e52c7b82579ba35520f83b7fa,2d/New Platformer Pack/Sprites/Characters/Double/character_beige_jump.png,2d
fdd93400636dec45,images/civilian/androgynous/clean_pixel/unknown/kenney_cc0_2d/walking/fdd93400636dec45_character_beige_walk_a.png,civilian,androgynous,unknown,clean_pixel,kenney_cc0_2d,https://github.com/shorepine/kenney,CC0,walking,256x256,False,fdd93400636dec45343ad482bbfd9dcc1f5f7ff62fab5e168b7d214a8f73947c,2d/New Platformer Pack/Sprites/Characters/Double/character_beige_walk_a.png,2d
b386016d646f3f5e,images/civilian/androgynous/clean_pixel/unknown/kenney_cc0_2d/walking/b386016d646f3f5e_character_beige_walk_b.png,civilian,androgynous,unknown,clean_pixel,kenney_cc0_2d,https://github.com/shorepine/kenney,CC0,walking,256x256,False,b386016d646f3f5eb75499a426baeab1a9579e348ea7ae014d94a6cd7154e913,2d/New Platformer Pack/Sprites/Characters/Double/character_beige_walk_b.png,2d
71efee4b411b5e4c,images/civilian/androgynous/clean_pixel/unknown/kenney_cc0_2d/action/71efee4b411b5e4c_character_green_climb_a.png,civilian,androgynous,unknown,clean_pixel,kenney_cc0_2d,https://github.com/shorepine/kenney,CC0,action,256x256,False,71efee4b411b5e4c27c02949b4690ae98496773cf98cc9429cf9e48d3f4236c4,2d/New Platformer Pack/Sprites/Characters/Double/character_green_climb_a.png,2d
3ae60f4ff16e40ec,images/civilian/androgynous/clean_pixel/unknown/kenney_cc0_2d/action/3ae60f4ff16e40ec_character_green_climb_b.png,civilian,androgynous,unknown,clean_pixel,kenney_cc0_2d,https://github.com/shorepine/kenney,CC0,action,256x256,False,3ae60f4ff16e40ece4d34320306ef73db443c6a694aa6cd9bd546a2feef58fab,2d/New Platformer Pack/Sprites/Characters/Double/character_green_climb_b.png,2d
ccbdcb3b0c470376,images/civilian/androgynous/clean_pixel/unknown/kenney_cc0_2d/action/ccbdcb3b0c470376_character_green_duck.png,civilian,androgynous,unknown,clean_pixel,kenney_cc0_2d,https://github.com/shorepine/kenney,CC0,action,256x256,False,ccbdcb3b0c470376be028cdf0327d9b65e54732a98c51f0a6061eb39a07b0550,2d/New Platformer Pack/Sprites/Characters/Double/character_green_duck.png,2d
e07ea6d74612243e,images/civilian/androgynous/clean_pixel/unknown/kenney_cc0_2d/action/e07ea6d74612243e_character_green_front.png,civilian,androgynous,unknown,clean_pixel,kenney_cc0_2d,https://github.com/shorepine/kenney,CC0,action,256x256,False,e07ea6d74612243e25904f8407ec3d7857cf7ea91ff9635653211f96e1b77d4c,2d/New Platformer Pack/Sprites/Characters/Double/character_green_front.png,2d
1d7a72226f5d0cc1,images/civilian/androgynous/clean_pixel/unknown/kenney_cc0_2d/action/1d7a72226f5d0cc1_character_green_hit.png,civilian,androgynous,unknown,clean_pixel,kenney_cc0_2d,https://github.com/shorepine/kenney,CC0,action,256x256,False,1d7a72226f5d0cc1c3ec9a178b2af91f85623dbdec8d49c61701101a3daa4f29,2d/New Platformer Pack/Sprites/Characters/Double/character_green_hit.png,2d
bef7ccb39184d527,images/civilian/androgynous/clean_pixel/unknown/kenney_cc0_2d/idle/bef7ccb39184d527_character_green_idle.png,civilian,androgynous,unknown,clean_pixel,kenney_cc0_2d,https://github.com/shorepine/kenney,CC0,idle,256x256,False,bef7ccb39184d5273cd9219eb301ea93af297c8a65c6cb4d7aec720e30ab808a,2d/New Platformer Pack/Sprites/Characters/Double/character_green_idle.png,2d
9503a9572f23efeb,images/civilian/androgynous/clean_pixel/unknown/kenney_cc0_2d/action/9503a9572f23efeb_character_green_jump.png,civilian,androgynous,unknown,clean_pixel,kenney_cc0_2d,https://github.com/shorepine/kenney,CC0,action,256x256,False,9503a9572f23efeb20f2d499a9dc695d64ac7f123a8ab9705f18dea6c79fa91a,2d/New Platformer Pack/Sprites/Characters/Double/character_green_jump.png,2d
4d6921cbd5396909,images/civilian/androgynous/clean_pixel/unknown/kenney_cc0_2d/walking/4d6921cbd5396909_character_green_walk_a.png,civilian,androgynous,unknown,clean_pixel,kenney_cc0_2d,https://github.com/shorepine/kenney,CC0,walking,256x256,False,4d6921cbd5396909e47cef6938089aca6921f9e94041363ce14074bb9fe54d9b,2d/New Platformer Pack/Sprites/Characters/Double/character_green_walk_a.png,2d
1aeb86940527f16f,images/civilian/androgynous/clean_pixel/unknown/kenney_cc0_2d/walking/1aeb86940527f16f_character_green_walk_b.png,civilian,androgynous,unknown,clean_pixel,kenney_cc0_2d,https://github.com/shorepine/kenney,CC0,walking,256x256,False,1aeb86940527f16ffe2cc1af2a20a3f51c3f51d487730b1e0aaeb2b3325606a2,2d/New Platformer Pack/Sprites/Characters/Double/character_green_walk_b.png,2d
64e203a787d3e582,images/civilian/androgynous/clean_pixel/unknown/kenney_cc0_2d/action/64e203a787d3e582_character_pink_climb_a.png,civilian,androgynous,unknown,clean_pixel,kenney_cc0_2d,https://github.com/shorepine/kenney,CC0,action,256x256,False,64e203a787d3e5820fe2bab355d19d809b161934b30afb80c6d62193059d8393,2d/New Platformer Pack/Sprites/Characters/Double/character_pink_climb_a.png,2d
c6a5f9ce64f6e1d0,images/civilian/androgynous/clean_pixel/unknown/kenney_cc0_2d/action/c6a5f9ce64f6e1d0_character_pink_climb_b.png,civilian,androgynous,unknown,clean_pixel,kenney_cc0_2d,https://github.com/shorepine/kenney,CC0,action,256x256,False,c6a5f9ce64f6e1d0d4313155345e337eec27b455de9e370013d19042b3becdbd,2d/New Platformer Pack/Sprites/Characters/Double/character_pink_climb_b.png,2d
a592603b5abcfd86,images/civilian/androgynous/clean_pixel/unknown/kenney_cc0_2d/action/a592603b5abcfd86_character_pink_duck.png,civilian,androgynous,unknown,clean_pixel,kenney_cc0_2d,https://github.com/shorepine/kenney,CC0,action,256x256,False,a592603b5abcfd8603a4df06a5a229e537440868be12cc8c7d4b326df234f58b,2d/New Platformer Pack/Sprites/Characters/Double/character_pink_duck.png,2d
f1e17ac43ea65e90,images/civilian/androgynous/clean_pixel/unknown/kenney_cc0_2d/action/f1e17ac43ea65e90_character_pink_front.png,civilian,androgynous,unknown,clean_pixel,kenney_cc0_2d,https://github.com/shorepine/kenney,CC0,action,256x256,False,f1e17ac43ea65e906808eba792915f1a3dddb841bf3dd03fd05f814d04b2f83e,2d/New Platformer Pack/Sprites/Characters/Double/character_pink_front.png,2d
6ac5ad1e0ab8260c,images/civilian/androgynous/clean_pixel/unknown/kenney_cc0_2d/action/6ac5ad1e0ab8260c_character_pink_hit.png,civilian,androgynous,unknown,clean_pixel,kenney_cc0_2d,https://github.com/shorepine/kenney,CC0,action,256x256,False,6ac5ad1e0ab8260c46b5d7b5ab8a46d434472c28e699db7d5ac05c5f9ab0be74,2d/New Platformer Pack/Sprites/Characters/Double/character_pink_hit.png,2d
336c30d7370584e9,images/civilian/androgynous/clean_pixel/unknown/kenney_cc0_2d/idle/336c30d7370584e9_character_pink_idle.png,civilian,androgynous,unknown,clean_pixel,kenney_cc0_2d,https://github.com/shorepine/kenney,CC0,idle,256x256,False,336c30d7370584e97eabcde0440ff5a49f4aeb3144045e2abcc689bf0ac51713,2d/New Platformer Pack/Sprites/Characters/Double/character_pink_idle.png,2d
6487a43bd7c09037,images/civilian/androgynous/clean_pixel/unknown/kenney_cc0_2d/action/6487a43bd7c09037_character_pink_jump.png,civilian,androgynous,unknown,clean_pixel,kenney_cc0_2d,https://github.com/shorepine/kenney,CC0,action,256x256,False,6487a43bd7c0903735e0475c185c1db0b9d0b3d6156b223b0a543a5a9dc082fd,2d/New Platformer Pack/Sprites/Characters/Double/character_pink_jump.png,2d
1d157e59249045c2,images/civilian/androgynous/clean_pixel/unknown/kenney_cc0_2d/walking/1d157e59249045c2_character_pink_walk_a.png,civilian,androgynous,unknown,clean_pixel,kenney_cc0_2d,https://github.com/shorepine/kenney,CC0,walking,256x256,False,1d157e59249045c2521f1c8b9e0e0ec843dff9e9f0bb34888a73b51ee38d6e9f,2d/New Platformer Pack/Sprites/Characters/Double/character_pink_walk_a.png,2d
05c088583620abdb,images/civilian/androgynous/clean_pixel/unknown/kenney_cc0_2d/walking/05c088583620abdb_character_pink_walk_b.png,civilian,androgynous,unknown,clean_pixel,kenney_cc0_2d,https://github.com/shorepine/kenney,CC0,walking,256x256,False,05c088583620abdbf3f6d419d48b124c63bed30f0b7ad3da95e70f8b381fddfe,2d/New Platformer Pack/Sprites/Characters/Double/character_pink_walk_b.png,2d
fdd68d82aaf654a5,images/civilian/androgynous/clean_pixel/unknown/kenney_cc0_2d/action/fdd68d82aaf654a5_character_purple_climb_a.png,civilian,androgynous,unknown,clean_pixel,kenney_cc0_2d,https://github.com/shorepine/kenney,CC0,action,256x256,False,fdd68d82aaf654a59ead89e0711b7e48e97c4a8d40a39ea2fa3cbe6ec5a7e8a6,2d/New Platformer Pack/Sprites/Characters/Double/character_purple_climb_a.png,2d
c063f9f1ec4f3ffd,images/civilian/androgynous/clean_pixel/unknown/kenney_cc0_2d/action/c063f9f1ec4f3ffd_character_purple_climb_b.png,civilian,androgynous,unknown,clean_pixel,kenney_cc0_2d,https://github.com/shorepine/kenney,CC0,action,256x256,False,c063f9f1ec4f3ffd2df36f206cf91ffb23dfc4ac35e9d70131e4bb7a3ec2f1a7,2d/New Platformer Pack/Sprites/Characters/Double/character_purple_climb_b.png,2d
0531b58a913fd2e3,images/civilian/androgynous/clean_pixel/unknown/kenney_cc0_2d/action/0531b58a913fd2e3_character_purple_duck.png,civilian,androgynous,unknown,clean_pixel,kenney_cc0_2d,https://github.com/shorepine/kenney,CC0,action,256x256,False,0531b58a913fd2e385b85d9cbf393a85aeb86c7280853f816c4a7bba6aa75b49,2d/New Platformer Pack/Sprites/Characters/Double/character_purple_duck.png,2d
b3f2ae5b5452f2b3,images/civilian/androgynous/clean_pixel/unknown/kenney_cc0_2d/action/b3f2ae5b5452f2b3_character_purple_front.png,civilian,androgynous,unknown,clean_pixel,kenney_cc0_2d,https://github.com/shorepine/kenney,CC0,action,256x256,False,b3f2ae5b5452f2b3ff770303b0f5821df697e76d67461b4bb1256733dfc6f59e,2d/New Platformer Pack/Sprites/Characters/Double/character_purple_front.png,2d
08b9913b67e6b195,images/civilian/androgynous/clean_pixel/unknown/kenney_cc0_2d/action/08b9913b67e6b195_character_purple_hit.png,civilian,androgynous,unknown,clean_pixel,kenney_cc0_2d,https://github.com/shorepine/kenney,CC0,action,256x256,False,08b9913b67e6b195eb2c2aa5e4ffc579c7b178b36374e2b3b7ccbe7c5a2579b0,2d/New Platformer Pack/Sprites/Characters/Double/character_purple_hit.png,2d
c9480c9b77ef5915,images/civilian/androgynous/clean_pixel/unknown/kenney_cc0_2d/idle/c9480c9b77ef5915_character_purple_idle.png,civilian,androgynous,unknown,clean_pixel,kenney_cc0_2d,https://github.com/shorepine/kenney,CC0,idle,256x256,False,c9480c9b77ef59154b247eefd1bc461a259ccf5a0be49ff5f50fc968657cd9e4,2d/New Platformer Pack/Sprites/Characters/Double/character_purple_idle.png,2d
7ddfd979269dc581,images/civilian/androgynous/clean_pixel/unknown/kenney_cc0_2d/action/7ddfd979269dc581_character_purple_jump.png,civilian,androgynous,unknown,clean_pixel,kenney_cc0_2d,https://github.com/shorepine/kenney,CC0,action,256x256,False,7ddfd979269dc5814504932cfc17ca878cb1e9b058441acb8c1afd29ff3f25ce,2d/New Platformer Pack/Sprites/Characters/Double/character_purple_jump.png,2d
ba997985e3de8325,images/civilian/androgynous/clean_pixel/unknown/kenney_cc0_2d/walking/ba997985e3de8325_character_purple_walk_a.png,civilian,androgynous,unknown,clean_pixel,kenney_cc0_2d,https://github.com/shorepine/kenney,CC0,walking,256x256,False,ba997985e3de83252c386d9df471f28ba78723fc38a09447abefd7b6b6b00671,2d/New Platformer Pack/Sprites/Characters/Double/character_purple_walk_a.png,2d
1e5ec7884fb5c5fa,images/civilian/androgynous/clean_pixel/unknown/kenney_cc0_2d/walking/1e5ec7884fb5c5fa_character_purple_walk_b.png,civilian,androgynous,unknown,clean_pixel,kenney_cc0_2d,https://github.com/shorepine/kenney,CC0,walking,256x256,False,1e5ec7884fb5c5fa22cdcd692297abdd6ba79239094d019e12a093755bcc851b,2d/New Platformer Pack/Sprites/Characters/Double/character_purple_walk_b.png,2d
cdda131008dc3fc5,images/civilian/androgynous/clean_pixel/unknown/kenney_cc0_2d/action/cdda131008dc3fc5_character_yellow_climb_a.png,civilian,androgynous,unknown,clean_pixel,kenney_cc0_2d,https://github.com/shorepine/kenney,CC0,action,256x256,False,cdda131008dc3fc56ecaf4c29b2233bbe263f66058543c358a41b549430d6a2f,2d/New Platformer Pack/Sprites/Characters/Double/character_yellow_climb_a.png,2d
d0411596ea07f125,images/civilian/androgynous/clean_pixel/unknown/kenney_cc0_2d/action/d0411596ea07f125_character_yellow_climb_b.png,civilian,androgynous,unknown,clean_pixel,kenney_cc0_2d,https://github.com/shorepine/kenney,CC0,action,256x256,False,d0411596ea07f12595877e31340d1d7ca6c24a8761463a4448fe84386c2bb467,2d/New Platformer Pack/Sprites/Characters/Double/character_yellow_climb_b.png,2d
f764010e17b27b26,images/civilian/androgynous/clean_pixel/unknown/kenney_cc0_2d/action/f764010e17b27b26_character_yellow_duck.png,civilian,androgynous,unknown,clean_pixel,kenney_cc0_2d,https://github.com/shorepine/kenney,CC0,action,256x256,False,f764010e17b27b266b3fbbf6d5408a001b7bd8ab1f5101f70a909d4e2e1afe0c,2d/New Platformer Pack/Sprites/Characters/Double/character_yellow_duck.png,2d
a6cb04950c9e56eb,images/civilian/androgynous/clean_pixel/unknown/kenney_cc0_2d/action/a6cb04950c9e56eb_character_yellow_front.png,civilian,androgynous,unknown,clean_pixel,kenney_cc0_2d,https://github.com/shorepine/kenney,CC0,action,256x256,False,a6cb04950c9e56eb45098bfeb43d8e6f49c3235a0f2c6ee559726cc7b99684de,2d/New Platformer Pack/Sprites/Characters/Double/character_yellow_front.png,2d
651d91fb40698d03,images/civilian/androgynous/clean_pixel/unknown/kenney_cc0_2d/action/651d91fb40698d03_character_yellow_hit.png,civilian,androgynous,unknown,clean_pixel,kenney_cc0_2d,https://github.com/shorepine/kenney,CC0,action,256x256,False,651d91fb40698d0320ba15f4edbcb0e040303b9407073562a82a087eba368a68,2d/New Platformer Pack/Sprites/Characters/Double/character_yellow_hit.png,2d
8f108ffc12f296bd,images/civilian/androgynous/clean_pixel/unknown/kenney_cc0_2d/idle/8f108ffc12f296bd_character_yellow_idle.png,civilian,androgynous,unknown,clean_pixel,kenney_cc0_2d,https://github.com/shorepine/kenney,CC0,idle,256x256,False,8f108ffc12f296bdaae1887ea91c1cfa8a6d4c68e880135f3be3f5ac1171446e,2d/New Platformer Pack/Sprites/Characters/Double/character_yellow_idle.png,2d
67757b0593d5276c,images/civilian/androgynous/clean_pixel/unknown/kenney_cc0_2d/action/67757b0593d5276c_character_yellow_jump.png,civilian,androgynous,unknown,clean_pixel,kenney_cc0_2d,https://github.com/shorepine/kenney,CC0,action,256x256,False,67757b0593d5276c3be5322832f6c5c32302fc4686330f6cf510512f89f4c880,2d/New Platformer Pack/Sprites/Characters/Double/character_yellow_jump.png,2d
c847eeb10aded4c1,images/civilian/androgynous/clean_pixel/unknown/kenney_cc0_2d/walking/c847eeb10aded4c1_character_yellow_walk_a.png,civilian,androgynous,unknown,clean_pixel,kenney_cc0_2d,https://github.com/shorepine/kenney,CC0,walking,256x256,False,c847eeb10aded4c1541b037acd387b55e62c7c8129a5dd947ede2d3f761198a0,2d/New Platformer Pack/Sprites/Characters/Double/character_yellow_walk_a.png,2d
48cb4cb56bdf103a,images/civilian/androgynous/clean_pixel/unknown/kenney_cc0_2d/walking/48cb4cb56bdf103a_character_yellow_walk_b.png,civilian,androgynous,unknown,clean_pixel,kenney_cc0_2d,https://github.com/shorepine/kenney,CC0,walking,256x256,False,48cb4cb56bdf103ac5a522e6c6a8872f72f9e8339b47baba9e89ab9c9f5fc304,2d/New Platformer Pack/Sprites/Characters/Double/character_yellow_walk_b.png,2d
bee877d63a0ac623,images/civilian/androgynous/clean_pixel/unknown/kenney_cc0_2d/action/bee877d63a0ac623_hud_character_0.png,civilian,androgynous,unknown,clean_pixel,kenney_cc0_2d,https://github.com/shorepine/kenney,CC0,action,128x128,False,bee877d63a0ac623ace87cdc389962aa71722ed3e869ea71b582b56c5e71d7f5,2d/New Platformer Pack/Sprites/Tiles/Double/hud_character_0.png,2d
011355b04f3cdb06,images/civilian/androgynous/clean_pixel/unknown/kenney_cc0_2d/action/011355b04f3cdb06_hud_character_1.png,civilian,androgynous,unknown,clean_pixel,kenney_cc0_2d,https://github.com/shorepine/kenney,CC0,action,128x128,False,011355b04f3cdb06977420557447fbad60a8f48d7d9e1c3d12d47555c2ac4391,2d/New Platformer Pack/Sprites/Tiles/Double/hud_character_1.png,2d
ef3ecd2ccb8d2ca9,images/civilian/androgynous/clean_pixel/unknown/kenney_cc0_2d/action/ef3ecd2ccb8d2ca9_hud_character_2.png,civilian,androgynous,unknown,clean_pixel,kenney_cc0_2d,https://github.com/shorepine/kenney,CC0,action,128x128,False,ef3ecd2ccb8d2ca959c7dae09ad40cf7a3b151d0492cec6ba67ee92e76c583fa,2d/New Platformer Pack/Sprites/Tiles/Double/hud_character_2.png,2d
54c343cebd83b5e2,images/civilian/androgynous/clean_pixel/unknown/kenney_cc0_2d/action/54c343cebd83b5e2_hud_character_3.png,civilian,androgynous,unknown,clean_pixel,kenney_cc0_2d,https://github.com/shorepine/kenney,CC0,action,128x128,False,54c343cebd83b5e2fa41bef5643a84b61d9cda6789b1592b9d3f09757d2b0ccb,2d/New Platformer Pack/Sprites/Tiles/Double/hud_character_3.png,2d
cad180486433d7ee,images/civilian/androgynous/clean_pixel/unknown/kenney_cc0_2d/action/cad180486433d7ee_hud_character_4.png,civilian,androgynous,unknown,clean_pixel,kenney_cc0_2d,https://github.com/shorepine/kenney,CC0,action,128x128,False,cad180486433d7eeeb20c0d743ac743df5c522ab6ef03c2f7e64527a20c05782,2d/New Platformer Pack/Sprites/Tiles/Double/hud_character_4.png,2d
4bf745fd6f90439d,images/civilian/androgynous/clean_pixel/unknown/kenney_cc0_2d/action/4bf745fd6f90439d_hud_character_5.png,civilian,androgynous,unknown,clean_pixel,kenney_cc0_2d,https://github.com/shorepine/kenney,CC0,action,128x128,False,4bf745fd6f90439def9e2f24ba860c12fa8a6bf1af0938ca6e22a7174070976d,2d/New Platformer Pack/Sprites/Tiles/Double/hud_character_5.png,2d
feac51813396a2af,images/civilian/androgynous/clean_pixel/unknown/kenney_cc0_2d/action/feac51813396a2af_hud_character_6.png,civilian,androgynous,unknown,clean_pixel,kenney_cc0_2d,https://github.com/shorepine/kenney,CC0,action,128x128,False,feac51813396a2af0eae6b837d11c404ab7e8170a466f3d56602c2a81c24fd8c,2d/New Platformer Pack/Sprites/Tiles/Double/hud_character_6.png,2d
52781a6013587458,images/civilian/androgynous/clean_pixel/unknown/kenney_cc0_2d/action/52781a6013587458_hud_character_7.png,civilian,androgynous,unknown,clean_pixel,kenney_cc0_2d,https://github.com/shorepine/kenney,CC0,action,128x128,False,52781a6013587458a36c9ad10c563190be5be47dcf90ef119ecb570834e354ca,2d/New Platformer Pack/Sprites/Tiles/Double/hud_character_7.png,2d
613b17357ee49acf,images/civilian/androgynous/clean_pixel/unknown/kenney_cc0_2d/action/613b17357ee49acf_hud_character_8.png,civilian,androgynous,unknown,clean_pixel,kenney_cc0_2d,https://github.com/shorepine/kenney,CC0,action,128x128,False,613b17357ee49acf6868a03136d3fdac79a26f7b4c343d52ed560f68e269aa42,2d/New Platformer Pack/Sprites/Tiles/Double/hud_character_8.png,2d
4da3e7925c67e363,images/civilian/androgynous/clean_pixel/unknown/kenney_cc0_2d/action/4da3e7925c67e363_hud_character_9.png,civilian,androgynous,unknown,clean_pixel,kenney_cc0_2d,https://github.com/shorepine/kenney,CC0,action,128x128,False,4da3e7925c67e3634c9d92e28b8f206adb46cc416836536c5cfe4c243cf5b713,2d/New Platformer Pack/Sprites/Tiles/Double/hud_character_9.png,2d
fa02a37d58e7f7c0,images/civilian/androgynous/clean_pixel/unknown/kenney_cc0_2d/action/fa02a37d58e7f7c0_hud_character_multiply.png,civilian,androgynous,unknown,clean_pixel,kenney_cc0_2d,https://github.com/shorepine/kenney,CC0,action,128x128,False,fa02a37d58e7f7c042df551ca02df0b36714686b8aa59d146dee4db4a390ef15,2d/New Platformer Pack/Sprites/Tiles/Double/hud_character_multiply.png,2d
d8e4124f068615b6,images/civilian/androgynous/clean_pixel/unknown/kenney_cc0_2d/action/d8e4124f068615b6_hud_character_percent.png,civilian,androgynous,unknown,clean_pixel,kenney_cc0_2d,https://github.com/shorepine/kenney,CC0,action,128x128,False,d8e4124f068615b6c7ba282b3daa468717fe2c1089fbd1dd1d9211dbee3a1ce0,2d/New Platformer Pack/Sprites/Tiles/Double/hud_character_percent.png,2d
d9b44c9d00b162d1,images/civilian/androgynous/clean_pixel/unknown/kenney_cc0_2d/action/d9b44c9d00b162d1_hud_character_0.png,civilian,androgynous,unknown,clean_pixel,kenney_cc0_2d,https://github.com/shorepine/kenney,CC0,action,64x64,False,d9b44c9d00b162d111e13f2ee3eef0180ab190d8206abff36797c429e85ec7a1,2d/New Platformer Pack/Sprites/Tiles/hud_character_0.png,2d
0cb893c509881261,images/civilian/androgynous/clean_pixel/unknown/kenney_cc0_2d/action/0cb893c509881261_hud_character_1.png,civilian,androgynous,unknown,clean_pixel,kenney_cc0_2d,https://github.com/shorepine/kenney,CC0,action,64x64,False,0cb893c509881261652d49622fc86c190e4dbaf3dd59ea5cad0746c64f27f838,2d/New Platformer Pack/Sprites/Tiles/hud_character_1.png,2d
0f04e16feea92873,images/civilian/androgynous/clean_pixel/unknown/kenney_cc0_2d/action/0f04e16feea92873_hud_character_2.png,civilian,androgynous,unknown,clean_pixel,kenney_cc0_2d,https://github.com/shorepine/kenney,CC0,action,64x64,False,0f04e16feea928732aa03fbe022037bb4a8d4df77e353033ee18ffc6caade849,2d/New Platformer Pack/Sprites/Tiles/hud_character_2.png,2d
d62dab504e141e4c,images/civilian/androgynous/clean_pixel/unknown/kenney_cc0_2d/action/d62dab504e141e4c_hud_character_3.png,civilian,androgynous,unknown,clean_pixel,kenney_cc0_2d,https://github.com/shorepine/kenney,CC0,action,64x64,False,d62dab504e141e4c3e88b31da961e564ea00d4e7f19bf796798351b587ea1645,2d/New Platformer Pack/Sprites/Tiles/hud_character_3.png,2d
c158ae932d2147f8,images/civilian/androgynous/clean_pixel/unknown/kenney_cc0_2d/action/c158ae932d2147f8_hud_character_4.png,civilian,androgynous,unknown,clean_pixel,kenney_cc0_2d,https://github.com/shorepine/kenney,CC0,action,64x64,False,c158ae932d2147f8d66a8aa47bc819a03280a7ac6d91c52576a12cfb298e18e1,2d/New Platformer Pack/Sprites/Tiles/hud_character_4.png,2d
3e34130ba3102ccb,images/civilian/androgynous/clean_pixel/unknown/kenney_cc0_2d/action/3e34130ba3102ccb_hud_character_5.png,civilian,androgynous,unknown,clean_pixel,kenney_cc0_2d,https://github.com/shorepine/kenney,CC0,action,64x64,False,3e34130ba3102ccb1da801090800253f06ae8adf23274bf0cf2e8b2695a3dcdf,2d/New Platformer Pack/Sprites/Tiles/hud_character_5.png,2d
8bab8e61c03beddd,images/civilian/androgynous/clean_pixel/unknown/kenney_cc0_2d/action/8bab8e61c03beddd_hud_character_6.png,civilian,androgynous,unknown,clean_pixel,kenney_cc0_2d,https://github.com/shorepine/kenney,CC0,action,64x64,False,8bab8e61c03beddd3d7bb04b1abc39cbf7723e4b1ec935190e7e1e36ce1cd70a,2d/New Platformer Pack/Sprites/Tiles/hud_character_6.png,2d
5c92c8e04708e59f,images/civilian/androgynous/clean_pixel/unknown/kenney_cc0_2d/action/5c92c8e04708e59f_hud_character_7.png,civilian,androgynous,unknown,clean_pixel,kenney_cc0_2d,https://github.com/shorepine/kenney,CC0,action,64x64,False,5c92c8e04708e59f896528db0b6c253bc8b6feae6a67389746b32244c5467c07,2d/New Platformer Pack/Sprites/Tiles/hud_character_7.png,2d
fcd4973ab83d89b8,images/civilian/androgynous/clean_pixel/unknown/kenney_cc0_2d/action/fcd4973ab83d89b8_hud_character_8.png,civilian,androgynous,unknown,clean_pixel,kenney_cc0_2d,https://github.com/shorepine/kenney,CC0,action,64x64,False,fcd4973ab83d89b835e9fc29959a8ef6f86dbf4f30c3bfc0962e3c7b2babc360,2d/New Platformer Pack/Sprites/Tiles/hud_character_8.png,2d
53eeb371f24289e8,images/civilian/androgynous/clean_pixel/unknown/kenney_cc0_2d/action/53eeb371f24289e8_hud_character_9.png,civilian,androgynous,unknown,clean_pixel,kenney_cc0_2d,https://github.com/shorepine/kenney,CC0,action,64x64,False,53eeb371f24289e879adbadde9f992048fdbdc637639f1e7de320697e9cc383a,2d/New Platformer Pack/Sprites/Tiles/hud_character_9.png,2d
5fa240736836eb3f,images/civilian/androgynous/clean_pixel/unknown/kenney_cc0_2d/action/5fa240736836eb3f_hud_character_multiply.png,civilian,androgynous,unknown,clean_pixel,kenney_cc0_2d,https://github.com/shorepine/kenney,CC0,action,64x64,False,5fa240736836eb3f7858a779ab3ed3759c476539cb6de60381586a4463764813,2d/New Platformer Pack/Sprites/Tiles/hud_character_multiply.png,2d
3c7e5649fb8c33c1,images/civilian/androgynous/clean_pixel/unknown/kenney_cc0_2d/action/3c7e5649fb8c33c1_hud_character_percent.png,civilian,androgynous,unknown,clean_pixel,kenney_cc0_2d,https://github.com/shorepine/kenney,CC0,action,64x64,False,3c7e5649fb8c33c11a5cba53e6a425b67aca13d0e4af5aaa221624e010f63cec,2d/New Platformer Pack/Sprites/Tiles/hud_character_percent.png,2d
15df14143949310c,images/civilian/androgynous/clean_pixel/unknown/kenney_cc0_2d/action/15df14143949310c_tile_0000.png,civilian,androgynous,unknown,clean_pixel,kenney_cc0_2d,https://github.com/shorepine/kenney,CC0,action,24x24,False,15df14143949310c001b09b2a00ed2278a5a9b4a10edd276af306b77b8c9d658,2d/Pixel Platformer/Tiles/Characters/tile_0000.png,2d
b929b7d7d1c3175a,images/civilian/androgynous/clean_pixel/unknown/kenney_cc0_2d/action/b929b7d7d1c3175a_tile_0001.png,civilian,androgynous,unknown,clean_pixel,kenney_cc0_2d,https://github.com/shorepine/kenney,CC0,action,24x24,False,b929b7d7d1c3175a018ff61c1240ceb6250a29ad9388ee4b03d84eedcfdb0a27,2d/Pixel Platformer/Tiles/Characters/tile_0001.png,2d
75ff7d0b540b9c81,images/civilian/androgynous/clean_pixel/unknown/kenney_cc0_2d/action/75ff7d0b540b9c81_tile_0002.png,civilian,androgynous,unknown,clean_pixel,kenney_cc0_2d,https://github.com/shorepine/kenney,CC0,action,24x24,False,75ff7d0b540b9c81bb27835c9aa681a7213868f3b77263f4160fb2b646d5518e,2d/Pixel Platformer/Tiles/Characters/tile_0002.png,2d
1f98c809280701f7,images/civilian/androgynous/clean_pixel/unknown/kenney_cc0_2d/action/1f98c809280701f7_tile_0003.png,civilian,androgynous,unknown,clean_pixel,kenney_cc0_2d,https://github.com/shorepine/kenney,CC0,action,24x24,False,1f98c809280701f7f7480d7db2b98a73b52ae3131546f9cab01cb8b9633c997c,2d/Pixel Platformer/Tiles/Characters/tile_0003.png,2d
98ef45fb07e828d0,images/civilian/androgynous/clean_pixel/unknown/kenney_cc0_2d/action/98ef45fb07e828d0_tile_0004.png,civilian,androgynous,unknown,clean_pixel,kenney_cc0_2d,https://github.com/shorepine/kenney,CC0,action,24x24,False,98ef45fb07e828d0ad4d8719a48d9cff5182be06cd2f71bf2d7daef6c2e2b981,2d/Pixel Platformer/Tiles/Characters/tile_0004.png,2d
d4e9bf23a193539a,images/civilian/androgynous/clean_pixel/unknown/kenney_cc0_2d/action/d4e9bf23a193539a_tile_0005.png,civilian,androgynous,unknown,clean_pixel,kenney_cc0_2d,https://github.com/shorepine/kenney,CC0,action,24x24,False,d4e9bf23a193539a48d08c51cb6f76587b5fc5a5284559e996a08cb30cdf9d5e,2d/Pixel Platformer/Tiles/Characters/tile_0005.png,2d
3cca21026b26f4f6,images/civilian/androgynous/clean_pixel/unknown/kenney_cc0_2d/action/3cca21026b26f4f6_tile_0006.png,civilian,androgynous,unknown,clean_pixel,kenney_cc0_2d,https://github.com/shorepine/kenney,CC0,action,24x24,False,3cca21026b26f4f6a09a1200ca2c399e6b8c9b2bc1ed0cc92d47d057a3c9feeb,2d/Pixel Platformer/Tiles/Characters/tile_0006.png,2d
d136b5ca06a87f20,images/civilian/androgynous/clean_pixel/unknown/kenney_cc0_2d/action/d136b5ca06a87f20_tile_0007.png,civilian,androgynous,unknown,clean_pixel,kenney_cc0_2d,https://github.com/shorepine/kenney,CC0,action,24x24,False,d136b5ca06a87f20f0ebf71c3c8de4bf5ae732a25370f29ffa61b9e7da26e011,2d/Pixel Platformer/Tiles/Characters/tile_0007.png,2d
e719c763aa0a34a5,images/civilian/androgynous/clean_pixel/unknown/kenney_cc0_2d/action/e719c763aa0a34a5_tile_0008.png,civilian,androgynous,unknown,clean_pixel,kenney_cc0_2d,https://github.com/shorepine/kenney,CC0,action,24x24,False,e719c763aa0a34a5d7a2a2633ddd1c6222ce329ab57cf20c7d379d0b8f2ccc6f,2d/Pixel Platformer/Tiles/Characters/tile_0008.png,2d
c3210638cfa51f64,images/civilian/androgynous/clean_pixel/unknown/kenney_cc0_2d/action/c3210638cfa51f64_tile_0009.png,civilian,androgynous,unknown,clean_pixel,kenney_cc0_2d,https://github.com/shorepine/kenney,CC0,action,24x24,False,c3210638cfa51f64d18724d1e2fe69685f1c7a42e16436e2efa27a509a007cc6,2d/Pixel Platformer/Tiles/Characters/tile_0009.png,2d
28cda999ca7531f2,images/civilian/androgynous/clean_pixel/unknown/kenney_cc0_2d/action/28cda999ca7531f2_tile_0010.png,civilian,androgynous,unknown,clean_pixel,kenney_cc0_2d,https://github.com/shorepine/kenney,CC0,action,24x24,False,28cda999ca7531f2b55c9520e698f944de2afaf7cad6f0c5b1c9c26b88799afe,2d/Pixel Platformer/Tiles/Characters/tile_0010.png,2d
52243ffad9006f59,images/civilian/androgynous/clean_pixel/unknown/kenney_cc0_2d/action/52243ffad9006f59_tile_0011.png,civilian,androgynous,unknown,clean_pixel,kenney_cc0_2d,https://github.com/shorepine/kenney,CC0,action,24x24,False,52243ffad9006f59e331a47ede6c062ffa1aacfe939367edb35819dbfdaf8884,2d/Pixel Platformer/Tiles/Characters/tile_0011.png,2d
3dcac8f180f4a7aa,images/civilian/androgynous/clean_pixel/unknown/kenney_cc0_2d/action/3dcac8f180f4a7aa_tile_0012.png,civilian,androgynous,unknown,clean_pixel,kenney_cc0_2d,https://github.com/shorepine/kenney,CC0,action,24x24,False,3dcac8f180f4a7aaf0ce9d9999252ecd9f4988481e2b3b8a973f6b2abf9a398d,2d/Pixel Platformer/Tiles/Characters/tile_0012.png,2d
45e019cb33152d6e,images/civilian/androgynous/clean_pixel/unknown/kenney_cc0_2d/action/45e019cb33152d6e_tile_0013.png,civilian,androgynous,unknown,clean_pixel,kenney_cc0_2d,https://github.com/shorepine/kenney,CC0,action,24x24,False,45e019cb33152d6e1a976de6633bd4379bb967b14b49fc3b9f144cbca8d46924,2d/Pixel Platformer/Tiles/Characters/tile_0013.png,2d
3dcebe131f50327e,images/civilian/androgynous/clean_pixel/unknown/kenney_cc0_2d/action/3dcebe131f50327e_tile_0014.png,civilian,androgynous,unknown,clean_pixel,kenney_cc0_2d,https://github.com/shorepine/kenney,CC0,action,24x24,False,3dcebe131f50327e2af45477664e8d5b38ca9033a716a9436a7cc90d002a3d7e,2d/Pixel Platformer/Tiles/Characters/tile_0014.png,2d
aca58ddc36d4e8d5,images/civilian/androgynous/clean_pixel/unknown/kenney_cc0_2d/action/aca58ddc36d4e8d5_tile_0015.png,civilian,androgynous,unknown,clean_pixel,kenney_cc0_2d,https://github.com/shorepine/kenney,CC0,action,24x24,False,aca58ddc36d4e8d506111b1e580fc79b17383337b3cec27c28b0e6090435224a,2d/Pixel Platformer/Tiles/Characters/tile_0015.png,2d
2decd7fc3872ba6f,images/civilian/androgynous/clean_pixel/unknown/kenney_cc0_2d/action/2decd7fc3872ba6f_tile_0016.png,civilian,androgynous,unknown,clean_pixel,kenney_cc0_2d,https://github.com/shorepine/kenney,CC0,action,24x24,False,2decd7fc3872ba6ffc712cfeb4dd048a116db6d56399dd29d84de3af6db87261,2d/Pixel Platformer/Tiles/Characters/tile_0016.png,2d
47a0b5d8f02d909d,images/civilian/androgynous/clean_pixel/unknown/kenney_cc0_2d/action/47a0b5d8f02d909d_tile_0017.png,civilian,androgynous,unknown,clean_pixel,kenney_cc0_2d,https://github.com/shorepine/kenney,CC0,action,24x24,False,47a0b5d8f02d909d42a7573edbc48e1a9224c036d06ff9e290f6f03d40f57067,2d/Pixel Platformer/Tiles/Characters/tile_0017.png,2d
7ced282426af0aac,images/civilian/androgynous/clean_pixel/unknown/kenney_cc0_2d/action/7ced282426af0aac_tile_0018.png,civilian,androgynous,unknown,clean_pixel,kenney_cc0_2d,https://github.com/shorepine/kenney,CC0,action,24x24,False,7ced282426af0aac7e334f526d0e1d44a453141d75b023183daff9e82b994ea3,2d/Pixel Platformer/Tiles/Characters/tile_0018.png,2d
5254a2d002aee27c,images/civilian/androgynous/clean_pixel/unknown/kenney_cc0_2d/action/5254a2d002aee27c_tile_0019.png,civilian,androgynous,unknown,clean_pixel,kenney_cc0_2d,https://github.com/shorepine/kenney,CC0,action,24x24,False,5254a2d002aee27c62039a50e3eaf89006f0de2e4d760655162c538c0a51dc49,2d/Pixel Platformer/Tiles/Characters/tile_0019.png,2d
adfb0828d9b89662,images/civilian/androgynous/clean_pixel/unknown/kenney_cc0_2d/action/adfb0828d9b89662_tile_0020.png,civilian,androgynous,unknown,clean_pixel,kenney_cc0_2d,https://github.com/shorepine/kenney,CC0,action,24x24,False,adfb0828d9b89662ecf91e245ba429097e5b67ebe2d204f4cd1de6ee05585539,2d/Pixel Platformer/Tiles/Characters/tile_0020.png,2d
70b674ae599193a3,images/civilian/androgynous/clean_pixel/unknown/kenney_cc0_2d/action/70b674ae599193a3_tile_0021.png,civilian,androgynous,unknown,clean_pixel,kenney_cc0_2d,https://github.com/shorepine/kenney,CC0,action,24x24,False,70b674ae599193a38dd4c6ee1c3994fa9e9090b9a52a2549685e16018734afd1,2d/Pixel Platformer/Tiles/Characters/tile_0021.png,2d
e215b5f72dbaeec9,images/civilian/androgynous/clean_pixel/unknown/kenney_cc0_2d/action/e215b5f72dbaeec9_tile_0022.png,civilian,androgynous,unknown,clean_pixel,kenney_cc0_2d,https://github.com/shorepine/kenney,CC0,action,24x24,False,e215b5f72dbaeec900f20017bf0b2ded1a32c809970f4771df9ab8e6620d7ece,2d/Pixel Platformer/Tiles/Characters/tile_0022.png,2d
3e701b98ac29bdcb,images/civilian/androgynous/clean_pixel/unknown/kenney_cc0_2d/action/3e701b98ac29bdcb_tile_0023.png,civilian,androgynous,unknown,clean_pixel,kenney_cc0_2d,https://github.com/shorepine/kenney,CC0,action,24x24,False,3e701b98ac29bdcb38c17c6ea1cb78e4ce6db8aca34a3e4c2e5148d2ad09fb51,2d/Pixel Platformer/Tiles/Characters/tile_0023.png,2d
880eb8dbcf517435,images/civilian/androgynous/clean_pixel/unknown/kenney_cc0_2d/action/880eb8dbcf517435_tile_0024.png,civilian,androgynous,unknown,clean_pixel,kenney_cc0_2d,https://github.com/shorepine/kenney,CC0,action,24x24,False,880eb8dbcf51743598d6268be491453498afe84b1e39fff6381599c4f049b579,2d/Pixel Platformer/Tiles/Characters/tile_0024.png,2d
7d957c00bb843cd2,images/civilian/androgynous/clean_pixel/unknown/kenney_cc0_2d/action/7d957c00bb843cd2_tile_0025.png,civilian,androgynous,unknown,clean_pixel,kenney_cc0_2d,https://github.com/shorepine/kenney,CC0,action,24x24,False,7d957c00bb843cd2dc3f9bab0ebeac5997b3eb69d0a9300d704989a8599be349,2d/Pixel Platformer/Tiles/Characters/tile_0025.png,2d
0ceb378e95123924,images/civilian/androgynous/clean_pixel/unknown/kenney_cc0_2d/action/0ceb378e95123924_tile_0026.png,civilian,androgynous,unknown,clean_pixel,kenney_cc0_2d,https://github.com/shorepine/kenney,CC0,action,24x24,False,0ceb378e95123924170f29dcb88f8c8004e023b28c4e49aac7532db4a2ff2dc8,2d/Pixel Platformer/Tiles/Characters/tile_0026.png,2d
5515a83fb236c8c0,images/vehicle/male/clean_pixel/unknown/kenney_cc0_2d/action/5515a83fb236c8c0_man.png,vehicle,male,unknown,clean_pixel,kenney_cc0_2d,https://github.com/shorepine/kenney,CC0,action,9x15,False,5515a83fb236c8c0f2de80f3c77a8bba23e89b8b94904a61e0fd7a8772dee109,2d/Pixel Vehicle Pack/Characters/man.png,2d
8b0e5c7438875447,images/vehicle/male/clean_pixel/unknown/kenney_cc0_2d/action/8b0e5c7438875447_man_convertible.png,vehicle,male,unknown,clean_pixel,kenney_cc0_2d,https://github.com/shorepine/kenney,CC0,action,7x7,False,8b0e5c74388754472fc0edb30baa527e7d83310f18e09005e1d1426aeb476f2d,2d/Pixel Vehicle Pack/Characters/man_convertible.png,2d
f0cafc2c727449c6,images/vehicle/male/clean_pixel/unknown/kenney_cc0_2d/action/f0cafc2c727449c6_man_cycle.png,vehicle,male,unknown,clean_pixel,kenney_cc0_2d,https://github.com/shorepine/kenney,CC0,action,8x15,False,f0cafc2c727449c6f8595c8e44756dd38631bd40e9e43e4981073c62585e7437,2d/Pixel Vehicle Pack/Characters/man_cycle.png,2d
b5b94b4d3f339876,images/vehicle/male/clean_pixel/unknown/kenney_cc0_2d/action/b5b94b4d3f339876_man_down.png,vehicle,male,unknown,clean_pixel,kenney_cc0_2d,https://github.com/shorepine/kenney,CC0,action,15x5,False,b5b94b4d3f33987604a74b05f87fd7669c246d55fea33deacf9d08570b709e6c,2d/Pixel Vehicle Pack/Characters/man_down.png,2d
e609c58157b80455,images/vehicle/male/clean_pixel/unknown/kenney_cc0_2d/action/e609c58157b80455_man_fall.png,vehicle,male,unknown,clean_pixel,kenney_cc0_2d,https://github.com/shorepine/kenney,CC0,action,12x15,False,e609c58157b8045536c48baa65a50a3f18995ead949d1243ce70823d3e10f60a,2d/Pixel Vehicle Pack/Characters/man_fall.png,2d
4d9b81c503036fd2,images/vehicle/male/clean_pixel/unknown/kenney_cc0_2d/action/4d9b81c503036fd2_man_kart.png,vehicle,male,unknown,clean_pixel,kenney_cc0_2d,https://github.com/shorepine/kenney,CC0,action,8x10,False,4d9b81c503036fd2fcd25d59c720d0c1edd72e2cd8b19bc863f7838b9ec3e4bc,2d/Pixel Vehicle Pack/Characters/man_kart.png,2d
2bc764307eeba301,images/vehicle/male/clean_pixel/unknown/kenney_cc0_2d/action/2bc764307eeba301_man_point.png,vehicle,male,unknown,clean_pixel,kenney_cc0_2d,https://github.com/shorepine/kenney,CC0,action,13x15,False,2bc764307eeba301bc828b0e764e53f3a0f2213133bf2881b52c4ffaf92db616,2d/Pixel Vehicle Pack/Characters/man_point.png,2d
164f8b435afd8cbd,images/vehicle/male/clean_pixel/unknown/kenney_cc0_2d/walking/164f8b435afd8cbd_man_walk1.png,vehicle,male,unknown,clean_pixel,kenney_cc0_2d,https://github.com/shorepine/kenney,CC0,walking,7x15,False,164f8b435afd8cbd9b882e7cf44e4f9a5487670add32afe2c6b509e9e439876c,2d/Pixel Vehicle Pack/Characters/man_walk1.png,2d
fabbe49f1fc48b46,images/vehicle/male/clean_pixel/unknown/kenney_cc0_2d/walking/fabbe49f1fc48b46_man_walk2.png,vehicle,male,unknown,clean_pixel,kenney_cc0_2d,https://github.com/shorepine/kenney,CC0,walking,11x15,False,fabbe49f1fc48b46413dbe8998795db647e3f11dd487abc5b46b29a9607b4443,2d/Pixel Vehicle Pack/Characters/man_walk2.png,2d
710f706bf1e38aa7,images/vehicle/female/clean_pixel/unknown/kenney_cc0_2d/action/710f706bf1e38aa7_woman.png,vehicle,female,unknown,clean_pixel,kenney_cc0_2d,https://github.com/shorepine/kenney,CC0,action,7x15,False,710f706bf1e38aa77e280f4affcfaf9d36d924f5b438cb19c196f67a94055d28,2d/Pixel Vehicle Pack/Characters/woman.png,2d
660912be09e785b4,images/vehicle/female/clean_pixel/unknown/kenney_cc0_2d/action/660912be09e785b4_woman_convertible.png,vehicle,female,unknown,clean_pixel,kenney_cc0_2d,https://github.com/shorepine/kenney,CC0,action,7x7,False,660912be09e785b495a87bc77122e2ff426a08321f187b6d6f532fcf71ea7f93,2d/Pixel Vehicle Pack/Characters/woman_convertible.png,2d
52f8abd2eb0b4e50,images/vehicle/female/clean_pixel/unknown/kenney_cc0_2d/action/52f8abd2eb0b4e50_woman_cycle.png,vehicle,female,unknown,clean_pixel,kenney_cc0_2d,https://github.com/shorepine/kenney,CC0,action,8x15,False,52f8abd2eb0b4e50e2ac417897e2c449065966e02dff134971f7afb5d7817cab,2d/Pixel Vehicle Pack/Characters/woman_cycle.png,2d
d4acbc1a66003063,images/vehicle/female/clean_pixel/unknown/kenney_cc0_2d/action/d4acbc1a66003063_woman_down.png,vehicle,female,unknown,clean_pixel,kenney_cc0_2d,https://github.com/shorepine/kenney,CC0,action,15x4,False,d4acbc1a66003063506691bfb936164ac8875b477df2510fa6769c9f6a69fba5,2d/Pixel Vehicle Pack/Characters/woman_down.png,2d
7cc39c7336fc4e9a,images/vehicle/female/clean_pixel/unknown/kenney_cc0_2d/action/7cc39c7336fc4e9a_woman_fall.png,vehicle,female,unknown,clean_pixel,kenney_cc0_2d,https://github.com/shorepine/kenney,CC0,action,12x15,False,7cc39c7336fc4e9a80da4cd0c2a97d2d9647a9c902253c53dcab42bed3c89181,2d/Pixel Vehicle Pack/Characters/woman_fall.png,2d
e44c793c2b96eb92,images/vehicle/female/clean_pixel/unknown/kenney_cc0_2d/action/e44c793c2b96eb92_woman_kart.png,vehicle,female,unknown,clean_pixel,kenney_cc0_2d,https://github.com/shorepine/kenney,CC0,action,8x10,False,e44c793c2b96eb924cb9a49fad7aa7371c3d075ba0ccbfdd8a116b9bdc473642,2d/Pixel Vehicle Pack/Characters/woman_kart.png,2d
ae9586871748250a,images/vehicle/female/clean_pixel/unknown/kenney_cc0_2d/action/ae9586871748250a_woman_point.png,vehicle,female,unknown,clean_pixel,kenney_cc0_2d,https://github.com/shorepine/kenney,CC0,action,13x15,False,ae9586871748250a3615c10573da21afd605c56476e4c74f95885dca01297fa7,2d/Pixel Vehicle Pack/Characters/woman_point.png,2d
0a345366326cff03,images/vehicle/female/clean_pixel/unknown/kenney_cc0_2d/walking/0a345366326cff03_woman_walk1.png,vehicle,female,unknown,clean_pixel,kenney_cc0_2d,https://github.com/shorepine/kenney,CC0,walking,6x15,False,0a345366326cff032a09542bb7d62b8e2fce08f39ce1ded92fb7bd995db58eae,2d/Pixel Vehicle Pack/Characters/woman_walk1.png,2d
167970660da45cc4,images/vehicle/female/clean_pixel/unknown/kenney_cc0_2d/walking/167970660da45cc4_woman_walk2.png,vehicle,female,unknown,clean_pixel,kenney_cc0_2d,https://github.com/shorepine/kenney,CC0,walking,11x15,False,167970660da45cc4ac7f5bf650582204923172edf867586577422d987a53c88a,2d/Pixel Vehicle Pack/Characters/woman_walk2.png,2d
27813a6f593e693d,images/civilian/androgynous/clean_pixel/unknown/kenney_cc0_2d/action/27813a6f593e693d_arm.png,civilian,androgynous,unknown,clean_pixel,kenney_cc0_2d,https://github.com/shorepine/kenney,CC0,action,18x33,False,27813a6f593e693d9c3454d0c5ab236590ceb48546bb30804081463f216dfc87,2d/Platformer Characters 1/Adventurer/Limbs/arm.png,2d
3ed752af06fa42eb,images/civilian/androgynous/clean_pixel/unknown/kenney_cc0_2d/action/3ed752af06fa42eb_body_back.png,civilian,androgynous,unknown,clean_pixel,kenney_cc0_2d,https://github.com/shorepine/kenney,CC0,action,39x31,False,3ed752af06fa42ebd808f02e6c36bafa348fed8c6780ad5c3c295559ac1719be,2d/Platformer Characters 1/Adventurer/Limbs/body_back.png,2d
75b570b94fcd2150,images/civilian/androgynous/clean_pixel/unknown/kenney_cc0_2d/action/75b570b94fcd2150_body_front.png,civilian,androgynous,unknown,clean_pixel,kenney_cc0_2d,https://github.com/shorepine/kenney,CC0,action,39x31,False,75b570b94fcd2150a5ddb67a310c349b9d86033f1f9f68e54ab8e731c980b763,2d/Platformer Characters 1/Adventurer/Limbs/body_front.png,2d
03e691462949c16d,images/civilian/androgynous/clean_pixel/unknown/kenney_cc0_2d/action/03e691462949c16d_hand.png,civilian,androgynous,unknown,clean_pixel,kenney_cc0_2d,https://github.com/shorepine/kenney,CC0,action,17x15,False,03e691462949c16dbbc1b2b4c9e4d5c3162e31ea1e95d4a74e4d9ec4b7cd29d7,2d/Platformer Characters 1/Adventurer/Limbs/hand.png,2d
5284592c91664e9d,images/civilian/androgynous/clean_pixel/unknown/kenney_cc0_2d/action/5284592c91664e9d_head.png,civilian,androgynous,unknown,clean_pixel,kenney_cc0_2d,https://github.com/shorepine/kenney,CC0,action,48x54,False,5284592c91664e9d40c198e7b0b3d5b7d22db56ce76c54d9298bf4ac776f4ec6,2d/Platformer Characters 1/Adventurer/Limbs/head.png,2d
bf1d544da22696aa,images/civilian/androgynous/clean_pixel/unknown/kenney_cc0_2d/action/bf1d544da22696aa_head_back.png,civilian,androgynous,unknown,clean_pixel,kenney_cc0_2d,https://github.com/shorepine/kenney,CC0,action,48x53,False,bf1d544da22696aaed0816809ec480856e626c104a0d9bf754571ca202cb1840,2d/Platformer Characters 1/Adventurer/Limbs/head_back.png,2d
a2f9b38217a3840f,images/civilian/androgynous/clean_pixel/unknown/kenney_cc0_2d/action/a2f9b38217a3840f_head_focus.png,civilian,androgynous,unknown,clean_pixel,kenney_cc0_2d,https://github.com/shorepine/kenney,CC0,action,48x54,False,a2f9b38217a3840fea5b70e8639873ba8f1b888e210ea4933a9a552cbae109b9,2d/Platformer Characters 1/Adventurer/Limbs/head_focus.png,2d
4da6bad0c6d00bd5,images/civilian/androgynous/clean_pixel/unknown/kenney_cc0_2d/action/4da6bad0c6d00bd5_head_hurt.png,civilian,androgynous,unknown,clean_pixel,kenney_cc0_2d,https://github.com/shorepine/kenney,CC0,action,48x54,False,4da6bad0c6d00bd523afc6505c7ffc81d37ab32819bdaa7ff55ea7e4b9b81692,2d/Platformer Characters 1/Adventurer/Limbs/head_hurt.png,2d
24926e5850d74686,images/civilian/androgynous/clean_pixel/unknown/kenney_cc0_2d/action/24926e5850d74686_leg.png,civilian,androgynous,unknown,clean_pixel,kenney_cc0_2d,https://github.com/shorepine/kenney,CC0,action,21x23,False,24926e5850d74686e6f3e7afbb49f3fa80331e963d42ec37e21de5e2b6c47a48,2d/Platformer Characters 1/Adventurer/Limbs/leg.png,2d
aca4cec0f1aee077,images/civilian/androgynous/clean_pixel/unknown/kenney_cc0_2d/action/aca4cec0f1aee077_adventurer_action1.png,civilian,androgynous,unknown,clean_pixel,kenney_cc0_2d,https://github.com/shorepine/kenney,CC0,action,80x110,False,aca4cec0f1aee07736d55b2a1c15326acfe46ba4f95c9adef5dc59318bbd3154,2d/Platformer Characters 1/Adventurer/Poses/adventurer_action1.png,2d
9622d22f25d67468,images/civilian/androgynous/clean_pixel/unknown/kenney_cc0_2d/action/9622d22f25d67468_adventurer_action2.png,civilian,androgynous,unknown,clean_pixel,kenney_cc0_2d,https://github.com/shorepine/kenney,CC0,action,80x110,False,9622d22f25d67468e54a1cac77446067347e17c200b1446932e41496b0a7513a,2d/Platformer Characters 1/Adventurer/Poses/adventurer_action2.png,2d
79a919b2815f6ca6,images/civilian/androgynous/clean_pixel/unknown/kenney_cc0_2d/action/79a919b2815f6ca6_adventurer_back.png,civilian,androgynous,unknown,clean_pixel,kenney_cc0_2d,https://github.com/shorepine/kenney,CC0,action,80x110,False,79a919b2815f6ca6c269b8d9ac6cdbc8cf133cc380e4c09c6fb0d9ebf2a7a895,2d/Platformer Characters 1/Adventurer/Poses/adventurer_back.png,2d
6d5a96a027520e18,images/civilian/androgynous/clean_pixel/unknown/kenney_cc0_2d/action/6d5a96a027520e18_adventurer_cheer1.png,civilian,androgynous,unknown,clean_pixel,kenney_cc0_2d,https://github.com/shorepine/kenney,CC0,action,80x110,False,6d5a96a027520e18254b18d974d65e7f9de88af4d5d9cfcb8ddfbe5c8190dcf1,2d/Platformer Characters 1/Adventurer/Poses/adventurer_cheer1.png,2d
8bce2daf3dad3adb,images/civilian/androgynous/clean_pixel/unknown/kenney_cc0_2d/action/8bce2daf3dad3adb_adventurer_cheer2.png,civilian,androgynous,unknown,clean_pixel,kenney_cc0_2d,https://github.com/shorepine/kenney,CC0,action,80x110,False,8bce2daf3dad3adb5a949df34f8f56ce7a7ba2386fa42436f791f68c1cd53e26,2d/Platformer Characters 1/Adventurer/Poses/adventurer_cheer2.png,2d
d5aa1c0b88f45d07,images/civilian/androgynous/clean_pixel/unknown/kenney_cc0_2d/action/d5aa1c0b88f45d07_adventurer_climb1.png,civilian,androgynous,unknown,clean_pixel,kenney_cc0_2d,https://github.com/shorepine/kenney,CC0,action,80x110,False,d5aa1c0b88f45d077f01a29039efea241ee2accec6abb07020e03286585487e3,2d/Platformer Characters 1/Adventurer/Poses/adventurer_climb1.png,2d
98ef6d13a566ccd9,images/civilian/androgynous/clean_pixel/unknown/kenney_cc0_2d/action/98ef6d13a566ccd9_adventurer_climb2.png,civilian,androgynous,unknown,clean_pixel,kenney_cc0_2d,https://github.com/shorepine/kenney,CC0,action,80x110,False,98ef6d13a566ccd9eb469fd2a1a02bfa0f3834fd2a82f9190457877aebcdf228,2d/Platformer Characters 1/Adventurer/Poses/adventurer_climb2.png,2d
5044fe6c73730817,images/civilian/androgynous/clean_pixel/unknown/kenney_cc0_2d/action/5044fe6c73730817_adventurer_duck.png,civilian,androgynous,unknown,clean_pixel,kenney_cc0_2d,https://github.com/shorepine/kenney,CC0,action,80x110,False,5044fe6c7373081721ebee48edbb719c85c5311f6813e765addf32e8fb6a10c0,2d/Platformer Characters 1/Adventurer/Poses/adventurer_duck.png,2d
9376cac16951492a,images/civilian/androgynous/clean_pixel/unknown/kenney_cc0_2d/action/9376cac16951492a_adventurer_fall.png,civilian,androgynous,unknown,clean_pixel,kenney_cc0_2d,https://github.com/shorepine/kenney,CC0,action,80x110,False,9376cac16951492a8ac6e5c78987c7e67254c34d96f528dea9c33af73cd773e4,2d/Platformer Characters 1/Adventurer/Poses/adventurer_fall.png,2d
ee00704a7ea25b9b,images/civilian/androgynous/clean_pixel/unknown/kenney_cc0_2d/action/ee00704a7ea25b9b_adventurer_hang.png,civilian,androgynous,unknown,clean_pixel,kenney_cc0_2d,https://github.com/shorepine/kenney,CC0,action,80x110,False,ee00704a7ea25b9b1780435bb36634d011680c5b2a3977b031b4956ca7667e2b,2d/Platformer Characters 1/Adventurer/Poses/adventurer_hang.png,2d
5e393b5039eedcd8,images/civilian/androgynous/clean_pixel/unknown/kenney_cc0_2d/action/5e393b5039eedcd8_adventurer_hold1.png,civilian,androgynous,unknown,clean_pixel,kenney_cc0_2d,https://github.com/shorepine/kenney,CC0,action,80x110,False,5e393b5039eedcd83adbaba4be30c44b832034731592130c8053febf72a73e03,2d/Platformer Characters 1/Adventurer/Poses/adventurer_hold1.png,2d
43c31812d4035f02,images/civilian/androgynous/clean_pixel/unknown/kenney_cc0_2d/action/43c31812d4035f02_adventurer_hold2.png,civilian,androgynous,unknown,clean_pixel,kenney_cc0_2d,https://github.com/shorepine/kenney,CC0,action,80x110,False,43c31812d4035f023dbb6a7a14b82a876dc1426171748caaf2165ed8f8005415,2d/Platformer Characters 1/Adventurer/Poses/adventurer_hold2.png,2d
a3a2c115b4cfee61,images/civilian/androgynous/clean_pixel/unknown/kenney_cc0_2d/action/a3a2c115b4cfee61_adventurer_hurt.png,civilian,androgynous,unknown,clean_pixel,kenney_cc0_2d,https://github.com/shorepine/kenney,CC0,action,80x110,False,a3a2c115b4cfee611b5b46f5fdabec98d283af5251c416e02a988da8eb8b6772,2d/Platformer Characters 1/Adventurer/Poses/adventurer_hurt.png,2d
3b271f9b280a84d1,images/civilian/androgynous/clean_pixel/unknown/kenney_cc0_2d/idle/3b271f9b280a84d1_adventurer_idle.png,civilian,androgynous,unknown,clean_pixel,kenney_cc0_2d,https://github.com/shorepine/kenney,CC0,idle,80x110,False,3b271f9b280a84d1493f82fe11895e642b14e9c270b784975ad89528f95a057c,2d/Platformer Characters 1/Adventurer/Poses/adventurer_idle.png,2d
4a84667c3658511e,images/civilian/androgynous/clean_pixel/unknown/kenney_cc0_2d/action/4a84667c3658511e_adventurer_jump.png,civilian,androgynous,unknown,clean_pixel,kenney_cc0_2d,https://github.com/shorepine/kenney,CC0,action,80x110,False,4a84667c3658511e1f737ec9d2cf574316f754f1a174b8e7ec9426e1499f7247,2d/Platformer Characters 1/Adventurer/Poses/adventurer_jump.png,2d
febe7f59f450a97e,images/civilian/androgynous/clean_pixel/unknown/kenney_cc0_2d/action/febe7f59f450a97e_adventurer_kick.png,civilian,androgynous,unknown,clean_pixel,kenney_cc0_2d,https://github.com/shorepine/kenney,CC0,action,80x110,False,febe7f59f450a97e49f839a67b3dc2fa8a35bec7bcd56f4ded58d8f29bcd95b5,2d/Platformer Characters 1/Adventurer/Poses/adventurer_kick.png,2d
8c46a6d9a64f7f73,images/civilian/androgynous/clean_pixel/unknown/kenney_cc0_2d/action/8c46a6d9a64f7f73_adventurer_skid.png,civilian,androgynous,unknown,clean_pixel,kenney_cc0_2d,https://github.com/shorepine/kenney,CC0,action,80x110,False,8c46a6d9a64f7f7388fa2b58b9fd435283e967d2e0646b3827637f979669cbff,2d/Platformer Characters 1/Adventurer/Poses/adventurer_skid.png,2d
ea35a0ff0a8c203a,images/civilian/androgynous/clean_pixel/unknown/kenney_cc0_2d/action/ea35a0ff0a8c203a_adventurer_slide.png,civilian,androgynous,unknown,clean_pixel,kenney_cc0_2d,https://github.com/shorepine/kenney,CC0,action,80x110,False,ea35a0ff0a8c203a58656ac0cf00dc8bd25d346af2b89b4bc3b4733925be9c17,2d/Platformer Characters 1/Adventurer/Poses/adventurer_slide.png,2d
0eb36e82740238ff,images/civilian/androgynous/clean_pixel/unknown/kenney_cc0_2d/idle/0eb36e82740238ff_adventurer_stand.png,civilian,androgynous,unknown,clean_pixel,kenney_cc0_2d,https://github.com/shorepine/kenney,CC0,idle,80x110,False,0eb36e82740238ff50a7b6df6baf5d2a161866b5d2a3ed89cd11c61a3c92ce44,2d/Platformer Characters 1/Adventurer/Poses/adventurer_stand.png,2d
53275dda55156499,images/civilian/androgynous/clean_pixel/unknown/kenney_cc0_2d/action/53275dda55156499_adventurer_swim1.png,civilian,androgynous,unknown,clean_pixel,kenney_cc0_2d,https://github.com/shorepine/kenney,CC0,action,80x110,False,53275dda55156499beaa667acd018a661b6e43d7d15650dbd4826a3d58812140,2d/Platformer Characters 1/Adventurer/Poses/adventurer_swim1.png,2d
db15a42ec483f8ed,images/civilian/androgynous/clean_pixel/unknown/kenney_cc0_2d/action/db15a42ec483f8ed_adventurer_swim2.png,civilian,androgynous,unknown,clean_pixel,kenney_cc0_2d,https://github.com/shorepine/kenney,CC0,action,80x110,False,db15a42ec483f8ed722ed80e080303ce56662103f1cf9644ed1fe5e5c6a6def4,2d/Platformer Characters 1/Adventurer/Poses/adventurer_swim2.png,2d
a466c2253b2ca2f8,images/civilian/androgynous/clean_pixel/unknown/kenney_cc0_2d/action/a466c2253b2ca2f8_adventurer_talk.png,civilian,androgynous,unknown,clean_pixel,kenney_cc0_2d,https://github.com/shorepine/kenney,CC0,action,80x110,False,a466c2253b2ca2f8bdab960df33acae09314f62eb9c5f2ad00468d4abb0e6f5b,2d/Platformer Characters 1/Adventurer/Poses/adventurer_talk.png,2d
93322bca58ff35d9,images/civilian/androgynous/clean_pixel/unknown/kenney_cc0_2d/walking/93322bca58ff35d9_adventurer_walk1.png,civilian,androgynous,unknown,clean_pixel,kenney_cc0_2d,https://github.com/shorepine/kenney,CC0,walking,80x110,False,93322bca58ff35d9726f286bc1f65d573d2e62c335b550c492fe76142558dfc7,2d/Platformer Characters 1/Adventurer/Poses/adventurer_walk1.png,2d
5b018a25d9278664,images/civilian/androgynous/clean_pixel/unknown/kenney_cc0_2d/walking/5b018a25d9278664_adventurer_walk2.png,civilian,androgynous,unknown,clean_pixel,kenney_cc0_2d,https://github.com/shorepine/kenney,CC0,walking,80x110,False,5b018a25d927866496e4e6bdfe9f80d71f0dfcfef566e73462a53498da3f4fe1,2d/Platformer Characters 1/Adventurer/Poses/adventurer_walk2.png,2d
68c656156ad05ce1,images/civilian/female/clean_pixel/unknown/kenney_cc0_2d/action/68c656156ad05ce1_arm.png,civilian,female,unknown,clean_pixel,kenney_cc0_2d,https://github.com/shorepine/kenney,CC0,action,17x33,False,68c656156ad05ce110ef90298d59fcaee26ad020dcb8123b37048b3fa14f2aa1,2d/Platformer Characters 1/Female/Limbs/arm.png,2d
e549c9d4ae32a28f,images/civilian/female/clean_pixel/unknown/kenney_cc0_2d/action/e549c9d4ae32a28f_body_back.png,civilian,female,unknown,clean_pixel,kenney_cc0_2d,https://github.com/shorepine/kenney,CC0,action,39x31,False,e549c9d4ae32a28f3062e3071a2b19f18a7051c0b678316c8562720e40edf2b2,2d/Platformer Characters 1/Female/Limbs/body_back.png,2d
e1e800353e81537f,images/civilian/female/clean_pixel/unknown/kenney_cc0_2d/action/e1e800353e81537f_body_front.png,civilian,female,unknown,clean_pixel,kenney_cc0_2d,https://github.com/shorepine/kenney,CC0,action,39x31,False,e1e800353e81537fde014b8c37ca958265462b574625e303301353b41388c9fb,2d/Platformer Characters 1/Female/Limbs/body_front.png,2d
03e691462949c16d,images/civilian/female/clean_pixel/unknown/kenney_cc0_2d/action/03e691462949c16d_hand.png,civilian,female,unknown,clean_pixel,kenney_cc0_2d,https://github.com/shorepine/kenney,CC0,action,17x15,False,03e691462949c16dbbc1b2b4c9e4d5c3162e31ea1e95d4a74e4d9ec4b7cd29d7,2d/Platformer Characters 1/Female/Limbs/hand.png,2d
09c36f464b0e8f24,images/civilian/female/clean_pixel/unknown/kenney_cc0_2d/action/09c36f464b0e8f24_head.png,civilian,female,unknown,clean_pixel,kenney_cc0_2d,https://github.com/shorepine/kenney,CC0,action,48x47,False,09c36f464b0e8f249c387926445a8e16502ed9218df1fc868a0f4703a8b80ba5,2d/Platformer Characters 1/Female/Limbs/head.png,2d
d06cbaea76182a80,images/civilian/female/clean_pixel/unknown/kenney_cc0_2d/action/d06cbaea76182a80_head_back.png,civilian,female,unknown,clean_pixel,kenney_cc0_2d,https://github.com/shorepine/kenney,CC0,action,47x49,False,d06cbaea76182a80c9576d33994643aef292ca39e6ab61b66590d12c585c2083,2d/Platformer Characters 1/Female/Limbs/head_back.png,2d
5e433c16f23d108c,images/civilian/female/clean_pixel/unknown/kenney_cc0_2d/action/5e433c16f23d108c_head_focus.png,civilian,female,unknown,clean_pixel,kenney_cc0_2d,https://github.com/shorepine/kenney,CC0,action,48x46,False,5e433c16f23d108c42e7cd6e24064035bdb6ca39918419742442dd0730044bbd,2d/Platformer Characters 1/Female/Limbs/head_focus.png,2d
31d658957df423b7,images/civilian/female/clean_pixel/unknown/kenney_cc0_2d/action/31d658957df423b7_head_hurt.png,civilian,female,unknown,clean_pixel,kenney_cc0_2d,https://github.com/shorepine/kenney,CC0,action,48x46,False,31d658957df423b76dc3b1446094b028271021a15216ab28d5d6dedb984c1dbe,2d/Platformer Characters 1/Female/Limbs/head_hurt.png,2d
562a668ad1acaf42,images/civilian/female/clean_pixel/unknown/kenney_cc0_2d/action/562a668ad1acaf42_leg.png,civilian,female,unknown,clean_pixel,kenney_cc0_2d,https://github.com/shorepine/kenney,CC0,action,21x23,False,562a668ad1acaf42b192382ebf1f896e3f3ede776dfe8ed5989d62096f70bd38,2d/Platformer Characters 1/Female/Limbs/leg.png,2d
23fab688200ce981,images/civilian/female/clean_pixel/unknown/kenney_cc0_2d/action/23fab688200ce981_female_action1.png,civilian,female,unknown,clean_pixel,kenney_cc0_2d,https://github.com/shorepine/kenney,CC0,action,80x110,False,23fab688200ce98116db4f6e8a435c9a29f52bcb4952a6c2383b7f32a5a36c09,2d/Platformer Characters 1/Female/Poses/female_action1.png,2d
0980b3f0f8957d7d,images/civilian/female/clean_pixel/unknown/kenney_cc0_2d/action/0980b3f0f8957d7d_female_action2.png,civilian,female,unknown,clean_pixel,kenney_cc0_2d,https://github.com/shorepine/kenney,CC0,action,80x110,False,0980b3f0f8957d7de80b7d9b9e294492057ed145231a7c021f1a7a20890c0c27,2d/Platformer Characters 1/Female/Poses/female_action2.png,2d
aada08505970cff1,images/civilian/female/clean_pixel/unknown/kenney_cc0_2d/action/aada08505970cff1_female_back.png,civilian,female,unknown,clean_pixel,kenney_cc0_2d,https://github.com/shorepine/kenney,CC0,action,80x110,False,aada08505970cff11895efc445c891e42e31787137603f66c20a17154d33d782,2d/Platformer Characters 1/Female/Poses/female_back.png,2d
a8d213c9f693aede,images/civilian/female/clean_pixel/unknown/kenney_cc0_2d/action/a8d213c9f693aede_female_cheer1.png,civilian,female,unknown,clean_pixel,kenney_cc0_2d,https://github.com/shorepine/kenney,CC0,action,80x110,False,a8d213c9f693aedecd9a1185088af0594ac5f4e798c2475244e7145931c461ea,2d/Platformer Characters 1/Female/Poses/female_cheer1.png,2d
3e7d38ca8b85a495,images/civilian/female/clean_pixel/unknown/kenney_cc0_2d/action/3e7d38ca8b85a495_female_cheer2.png,civilian,female,unknown,clean_pixel,kenney_cc0_2d,https://github.com/shorepine/kenney,CC0,action,80x110,False,3e7d38ca8b85a4959e4dacfc4926340b8e8b8dbbff6cba9851797984002a3f9e,2d/Platformer Characters 1/Female/Poses/female_cheer2.png,2d
57cc7dec2028e104,images/civilian/female/clean_pixel/unknown/kenney_cc0_2d/action/57cc7dec2028e104_female_climb1.png,civilian,female,unknown,clean_pixel,kenney_cc0_2d,https://github.com/shorepine/kenney,CC0,action,80x110,False,57cc7dec2028e104087f0fc673113d3d7a31ba8f397073f3330783917845a87c,2d/Platformer Characters 1/Female/Poses/female_climb1.png,2d
d369e65a47a1e11c,images/civilian/female/clean_pixel/unknown/kenney_cc0_2d/action/d369e65a47a1e11c_female_climb2.png,civilian,female,unknown,clean_pixel,kenney_cc0_2d,https://github.com/shorepine/kenney,CC0,action,80x110,False,d369e65a47a1e11cb9f5afc36e52969664b80a5f6fcd3c025bf89d2a97118a91,2d/Platformer Characters 1/Female/Poses/female_climb2.png,2d
ecb7a428db9a50de,images/civilian/female/clean_pixel/unknown/kenney_cc0_2d/action/ecb7a428db9a50de_female_duck.png,civilian,female,unknown,clean_pixel,kenney_cc0_2d,https://github.com/shorepine/kenney,CC0,action,80x110,False,ecb7a428db9a50de5146bdd4605e31b5affa2472aceaa3238500949af025a80f,2d/Platformer Characters 1/Female/Poses/female_duck.png,2d
887e9cfd93693acd,images/civilian/female/clean_pixel/unknown/kenney_cc0_2d/action/887e9cfd93693acd_female_fall.png,civilian,female,unknown,clean_pixel,kenney_cc0_2d,https://github.com/shorepine/kenney,CC0,action,80x110,False,887e9cfd93693acdbbd5160adc3c4637a662b21daafc66f1f738ce8cc9a8b111,2d/Platformer Characters 1/Female/Poses/female_fall.png,2d
5933a6c4e564f7af,images/civilian/female/clean_pixel/unknown/kenney_cc0_2d/action/5933a6c4e564f7af_female_hang.png,civilian,female,unknown,clean_pixel,kenney_cc0_2d,https://github.com/shorepine/kenney,CC0,action,80x110,False,5933a6c4e564f7af8e4637ed94719a7c86aba041f8d8f6779099d11844040986,2d/Platformer Characters 1/Female/Poses/female_hang.png,2d
b46079c8f73b33be,images/civilian/female/clean_pixel/unknown/kenney_cc0_2d/action/b46079c8f73b33be_female_hold1.png,civilian,female,unknown,clean_pixel,kenney_cc0_2d,https://github.com/shorepine/kenney,CC0,action,80x110,False,b46079c8f73b33bee91e0dd5c9c3c3421202448eaa0a9963e83c33b79afb7770,2d/Platformer Characters 1/Female/Poses/female_hold1.png,2d
b4e750aaaefa7eca,images/civilian/female/clean_pixel/unknown/kenney_cc0_2d/action/b4e750aaaefa7eca_female_hold2.png,civilian,female,unknown,clean_pixel,kenney_cc0_2d,https://github.com/shorepine/kenney,CC0,action,80x110,False,b4e750aaaefa7eca352185d82451440541c02b67296de8bd0fb7bba2980ab957,2d/Platformer Characters 1/Female/Poses/female_hold2.png,2d
ef952016648542c7,images/civilian/female/clean_pixel/unknown/kenney_cc0_2d/action/ef952016648542c7_female_hurt.png,civilian,female,unknown,clean_pixel,kenney_cc0_2d,https://github.com/shorepine/kenney,CC0,action,80x110,False,ef952016648542c7102f6c42e392525e481636d4d03dbf4036e1a2db62f6d666,2d/Platformer Characters 1/Female/Poses/female_hurt.png,2d
c5c76295ead158bd,images/civilian/female/clean_pixel/unknown/kenney_cc0_2d/idle/c5c76295ead158bd_female_idle.png,civilian,female,unknown,clean_pixel,kenney_cc0_2d,https://github.com/shorepine/kenney,CC0,idle,80x110,False,c5c76295ead158bdf52eb61396b672d1df55dcf1b075b7fd8d08175a7f5540f6,2d/Platformer Characters 1/Female/Poses/female_idle.png,2d
ee1a158f5f3b79c2,images/civilian/female/clean_pixel/unknown/kenney_cc0_2d/action/ee1a158f5f3b79c2_female_jump.png,civilian,female,unknown,clean_pixel,kenney_cc0_2d,https://github.com/shorepine/kenney,CC0,action,80x110,False,ee1a158f5f3b79c20bf63be3fed103236f5b7c0dc6141191d09190cde36c4d3b,2d/Platformer Characters 1/Female/Poses/female_jump.png,2d
ad054b618788e8de,images/civilian/female/clean_pixel/unknown/kenney_cc0_2d/action/ad054b618788e8de_female_kick.png,civilian,female,unknown,clean_pixel,kenney_cc0_2d,https://github.com/shorepine/kenney,CC0,action,80x110,False,ad054b618788e8de69fc1f204f4d1f18bf6c8b20058f628bf2fb22c3cbfd79e4,2d/Platformer Characters 1/Female/Poses/female_kick.png,2d
9b46e27713e9ee01,images/civilian/female/clean_pixel/unknown/kenney_cc0_2d/action/9b46e27713e9ee01_female_skid.png,civilian,female,unknown,clean_pixel,kenney_cc0_2d,https://github.com/shorepine/kenney,CC0,action,80x110,False,9b46e27713e9ee01f76957e7e6f747c0fdc0e0ccac9358ff0e3c1f982a407928,2d/Platformer Characters 1/Female/Poses/female_skid.png,2d
54806f9fc91dc791,images/civilian/female/clean_pixel/unknown/kenney_cc0_2d/action/54806f9fc91dc791_female_slide.png,civilian,female,unknown,clean_pixel,kenney_cc0_2d,https://github.com/shorepine/kenney,CC0,action,80x110,False,54806f9fc91dc7915a8252b1af6b6a11108a97a9f089f1c7416e6b9653417b87,2d/Platformer Characters 1/Female/Poses/female_slide.png,2d
deb829b6606a822d,images/civilian/female/clean_pixel/unknown/kenney_cc0_2d/idle/deb829b6606a822d_female_stand.png,civilian,female,unknown,clean_pixel,kenney_cc0_2d,https://github.com/shorepine/kenney,CC0,idle,80x110,False,deb829b6606a822d77d310b189949cf6d9f30a4c314af314dcf3b1e4067e728f,2d/Platformer Characters 1/Female/Poses/female_stand.png,2d
cf05d180c7562d82,images/civilian/female/clean_pixel/unknown/kenney_cc0_2d/action/cf05d180c7562d82_female_swim1.png,civilian,female,unknown,clean_pixel,kenney_cc0_2d,https://github.com/shorepine/kenney,CC0,action,80x110,False,cf05d180c7562d82daa797655b3b56d7278e023530cffa5d4597d7714827925e,2d/Platformer Characters 1/Female/Poses/female_swim1.png,2d
bb93c63bd520acce,images/civilian/female/clean_pixel/unknown/kenney_cc0_2d/action/bb93c63bd520acce_female_swim2.png,civilian,female,unknown,clean_pixel,kenney_cc0_2d,https://github.com/shorepine/kenney,CC0,action,80x110,False,bb93c63bd520acce4bf9fa5291769ae0029dc5da79ada85bf5d563cc50d86987,2d/Platformer Characters 1/Female/Poses/female_swim2.png,2d
b8a0e06d3b527912,images/civilian/female/clean_pixel/unknown/kenney_cc0_2d/action/b8a0e06d3b527912_female_talk.png,civilian,female,unknown,clean_pixel,kenney_cc0_2d,https://github.com/shorepine/kenney,CC0,action,80x110,False,b8a0e06d3b52791255e88bccb7333d49d0b51f18110331c42bd73eb15580cad8,2d/Platformer Characters 1/Female/Poses/female_talk.png,2d
b6759b502601f7b0,images/civilian/female/clean_pixel/unknown/kenney_cc0_2d/walking/b6759b502601f7b0_female_walk1.png,civilian,female,unknown,clean_pixel,kenney_cc0_2d,https://github.com/shorepine/kenney,CC0,walking,80x110,False,b6759b502601f7b0b744dab4357c069deee878558f14aa68f8870efad8755b49,2d/Platformer Characters 1/Female/Poses/female_walk1.png,2d
f47420fe37d25c33,images/civilian/female/clean_pixel/unknown/kenney_cc0_2d/walking/f47420fe37d25c33_female_walk2.png,civilian,female,unknown,clean_pixel,kenney_cc0_2d,https://github.com/shorepine/kenney,CC0,walking,80x110,False,f47420fe37d25c338dc2275715f317192a817ee1ec7c4496d4429c423ed898a6,2d/Platformer Characters 1/Female/Poses/female_walk2.png,2d
73be1df1cb7b822e,images/civilian/androgynous/clean_pixel/unknown/kenney_cc0_2d/action/73be1df1cb7b822e_arm.png,civilian,androgynous,unknown,clean_pixel,kenney_cc0_2d,https://github.com/shorepine/kenney,CC0,action,17x33,False,73be1df1cb7b822e8a171ce4daf4e1a8ab0d6b6167ad15d871489ec29bf60970,2d/Platformer Characters 1/Player/Limbs/arm.png,2d
48cd12f359373c0c,images/civilian/androgynous/clean_pixel/unknown/kenney_cc0_2d/action/48cd12f359373c0c_body_back.png,civilian,androgynous,unknown,clean_pixel,kenney_cc0_2d,https://github.com/shorepine/kenney,CC0,action,39x31,False,48cd12f359373c0ccae6ef8505182a34e53f44b6a3265bbc98746c3673aa0067,2d/Platformer Characters 1/Player/Limbs/body_back.png,2d
48cd12f359373c0c,images/civilian/androgynous/clean_pixel/unknown/kenney_cc0_2d/action/48cd12f359373c0c_body_front.png,civilian,androgynous,unknown,clean_pixel,kenney_cc0_2d,https://github.com/shorepine/kenney,CC0,action,39x31,False,48cd12f359373c0ccae6ef8505182a34e53f44b6a3265bbc98746c3673aa0067,2d/Platformer Characters 1/Player/Limbs/body_front.png,2d
03e691462949c16d,images/civilian/androgynous/clean_pixel/unknown/kenney_cc0_2d/action/03e691462949c16d_hand.png,civilian,androgynous,unknown,clean_pixel,kenney_cc0_2d,https://github.com/shorepine/kenney,CC0,action,17x15,False,03e691462949c16dbbc1b2b4c9e4d5c3162e31ea1e95d4a74e4d9ec4b7cd29d7,2d/Platformer Characters 1/Player/Limbs/hand.png,2d
80275502222477a8,images/civilian/androgynous/clean_pixel/unknown/kenney_cc0_2d/action/80275502222477a8_head.png,civilian,androgynous,unknown,clean_pixel,kenney_cc0_2d,https://github.com/shorepine/kenney,CC0,action,48x58,False,80275502222477a8992dd2935cb84af59766ee1c7c6e81626cf7852f49a833e5,2d/Platformer Characters 1/Player/Limbs/head.png,2d
720f7887da5d7e07,images/civilian/androgynous/clean_pixel/unknown/kenney_cc0_2d/action/720f7887da5d7e07_head_back.png,civilian,androgynous,unknown,clean_pixel,kenney_cc0_2d,https://github.com/shorepine/kenney,CC0,action,49x58,False,720f7887da5d7e07559c34cebbd65a520505067c714b40a8dac2f8c3aac4c7af,2d/Platformer Characters 1/Player/Limbs/head_back.png,2d
c1e7ae7002c5feea,images/civilian/androgynous/clean_pixel/unknown/kenney_cc0_2d/action/c1e7ae7002c5feea_head_focus.png,civilian,androgynous,unknown,clean_pixel,kenney_cc0_2d,https://github.com/shorepine/kenney,CC0,action,49x58,False,c1e7ae7002c5feea18dafbbc81471c6e321016b0b6d5495b8d0e849c28e0f3a3,2d/Platformer Characters 1/Player/Limbs/head_focus.png,2d
3f5f7c2f36f744ba,images/civilian/androgynous/clean_pixel/unknown/kenney_cc0_2d/action/3f5f7c2f36f744ba_head_hurt.png,civilian,androgynous,unknown,clean_pixel,kenney_cc0_2d,https://github.com/shorepine/kenney,CC0,action,49x58,False,3f5f7c2f36f744baa432fc1ec26a3b29362186858b0daa88293af328ce0262d0,2d/Platformer Characters 1/Player/Limbs/head_hurt.png,2d
0d7d6182f0435fda,images/civilian/androgynous/clean_pixel/unknown/kenney_cc0_2d/action/0d7d6182f0435fda_leg.png,civilian,androgynous,unknown,clean_pixel,kenney_cc0_2d,https://github.com/shorepine/kenney,CC0,action,21x23,False,0d7d6182f0435fdab6dba6508a10721deb12ba008bcaa200bf9406758a1d8ae1,2d/Platformer Characters 1/Player/Limbs/leg.png,2d
aadcfa39d448b4fd,images/civilian/androgynous/clean_pixel/unknown/kenney_cc0_2d/action/aadcfa39d448b4fd_player_action1.png,civilian,androgynous,unknown,clean_pixel,kenney_cc0_2d,https://github.com/shorepine/kenney,CC0,action,80x110,False,aadcfa39d448b4fd8383d53e7f59a068b6efec1881ec2651251bab73dfa55655,2d/Platformer Characters 1/Player/Poses/player_action1.png,2d
b467f7cf5ef443b3,images/civilian/androgynous/clean_pixel/unknown/kenney_cc0_2d/action/b467f7cf5ef443b3_player_action2.png,civilian,androgynous,unknown,clean_pixel,kenney_cc0_2d,https://github.com/shorepine/kenney,CC0,action,80x110,False,b467f7cf5ef443b3037443cc947b8f1a92b438d2a682945b5f0f740998e8bb40,2d/Platformer Characters 1/Player/Poses/player_action2.png,2d
a9183935817a31ae,images/civilian/androgynous/clean_pixel/unknown/kenney_cc0_2d/action/a9183935817a31ae_player_back.png,civilian,androgynous,unknown,clean_pixel,kenney_cc0_2d,https://github.com/shorepine/kenney,CC0,action,80x110,False,a9183935817a31ae63dc335d897c2190c75df8f934ee9f8943db269303d0f0c5,2d/Platformer Characters 1/Player/Poses/player_back.png,2d
53b1145a72481c6d,images/civilian/androgynous/clean_pixel/unknown/kenney_cc0_2d/action/53b1145a72481c6d_player_cheer1.png,civilian,androgynous,unknown,clean_pixel,kenney_cc0_2d,https://github.com/shorepine/kenney,CC0,action,80x110,False,53b1145a72481c6d2afa9a1e09cb8e160797a8a9aca24300677efe0472e77cab,2d/Platformer Characters 1/Player/Poses/player_cheer1.png,2d
0125d48af3cc1c7f,images/civilian/androgynous/clean_pixel/unknown/kenney_cc0_2d/action/0125d48af3cc1c7f_player_cheer2.png,civilian,androgynous,unknown,clean_pixel,kenney_cc0_2d,https://github.com/shorepine/kenney,CC0,action,80x110,False,0125d48af3cc1c7fb9221c7aecf580f11fa0789f33d5791790bd0ca353896a5a,2d/Platformer Characters 1/Player/Poses/player_cheer2.png,2d
f0491892ee5fef3f,images/civilian/androgynous/clean_pixel/unknown/kenney_cc0_2d/action/f0491892ee5fef3f_player_climb1.png,civilian,androgynous,unknown,clean_pixel,kenney_cc0_2d,https://github.com/shorepine/kenney,CC0,action,80x110,False,f0491892ee5fef3f2ff194b0b34edab0dcba1846ff642f2be7696a05b225e2d2,2d/Platformer Characters 1/Player/Poses/player_climb1.png,2d
a2621f6eb54f01f1,images/civilian/androgynous/clean_pixel/unknown/kenney_cc0_2d/action/a2621f6eb54f01f1_player_climb2.png,civilian,androgynous,unknown,clean_pixel,kenney_cc0_2d,https://github.com/shorepine/kenney,CC0,action,80x110,False,a2621f6eb54f01f1394dd7db52b0512b979dfe16ce47fc01f16d0648d4d6f04c,2d/Platformer Characters 1/Player/Poses/player_climb2.png,2d
f0a77aff66ae4383,images/civilian/androgynous/clean_pixel/unknown/kenney_cc0_2d/action/f0a77aff66ae4383_player_duck.png,civilian,androgynous,unknown,clean_pixel,kenney_cc0_2d,https://github.com/shorepine/kenney,CC0,action,80x110,False,f0a77aff66ae438378a7c82669fa1bc2372d32f40765e7999d047999b42fc68f,2d/Platformer Characters 1/Player/Poses/player_duck.png,2d
9e1bf3cc42ca6823,images/civilian/androgynous/clean_pixel/unknown/kenney_cc0_2d/action/9e1bf3cc42ca6823_player_fall.png,civilian,androgynous,unknown,clean_pixel,kenney_cc0_2d,https://github.com/shorepine/kenney,CC0,action,80x110,False,9e1bf3cc42ca6823588314076391bb09cce4b9fcafe215e4c16ae15cb477bec0,2d/Platformer Characters 1/Player/Poses/player_fall.png,2d
f0ce2d1a80e0bb1d,images/civilian/androgynous/clean_pixel/unknown/kenney_cc0_2d/action/f0ce2d1a80e0bb1d_player_hang.png,civilian,androgynous,unknown,clean_pixel,kenney_cc0_2d,https://github.com/shorepine/kenney,CC0,action,80x110,False,f0ce2d1a80e0bb1db7e6505c658cd88dff09245c5e868eb7f8eb24c4323bd4f6,2d/Platformer Characters 1/Player/Poses/player_hang.png,2d
c50646990fa67289,images/civilian/androgynous/clean_pixel/unknown/kenney_cc0_2d/action/c50646990fa67289_player_hold1.png,civilian,androgynous,unknown,clean_pixel,kenney_cc0_2d,https://github.com/shorepine/kenney,CC0,action,80x110,False,c50646990fa6728916125684644252b42c13726ac8d4e187018666380ae8543f,2d/Platformer Characters 1/Player/Poses/player_hold1.png,2d
9954ae0c9b77e805,images/civilian/androgynous/clean_pixel/unknown/kenney_cc0_2d/action/9954ae0c9b77e805_player_hold2.png,civilian,androgynous,unknown,clean_pixel,kenney_cc0_2d,https://github.com/shorepine/kenney,CC0,action,80x110,False,9954ae0c9b77e8050cba5103bb30c8bf469ce75ded3e0867dcef03d7edf79302,2d/Platformer Characters 1/Player/Poses/player_hold2.png,2d
c6207368fdeb9090,images/civilian/androgynous/clean_pixel/unknown/kenney_cc0_2d/action/c6207368fdeb9090_player_hurt.png,civilian,androgynous,unknown,clean_pixel,kenney_cc0_2d,https://github.com/shorepine/kenney,CC0,action,80x110,False,c6207368fdeb9090cebc56ebcae1710deeafea7f03b7e52c1ee6f6624a95a887,2d/Platformer Characters 1/Player/Poses/player_hurt.png,2d
44722206f3316c63,images/civilian/androgynous/clean_pixel/unknown/kenney_cc0_2d/idle/44722206f3316c63_player_idle.png,civilian,androgynous,unknown,clean_pixel,kenney_cc0_2d,https://github.com/shorepine/kenney,CC0,idle,80x110,False,44722206f3316c63f6479255cd0633c9ba01f1161ca2998d177bea3dfe99ee78,2d/Platformer Characters 1/Player/Poses/player_idle.png,2d
cab0580249509cad,images/civilian/androgynous/clean_pixel/unknown/kenney_cc0_2d/action/cab0580249509cad_player_jump.png,civilian,androgynous,unknown,clean_pixel,kenney_cc0_2d,https://github.com/shorepine/kenney,CC0,action,80x110,False,cab0580249509cad68c0c0ae5699b62075908874cfa8990e52738cb5966ff1c5,2d/Platformer Characters 1/Player/Poses/player_jump.png,2d
7fc444dec794bb29,images/civilian/androgynous/clean_pixel/unknown/kenney_cc0_2d/action/7fc444dec794bb29_player_kick.png,civilian,androgynous,unknown,clean_pixel,kenney_cc0_2d,https://github.com/shorepine/kenney,CC0,action,80x110,False,7fc444dec794bb29a80ded56dda22985fed8113ff80a7954cd1346e248466515,2d/Platformer Characters 1/Player/Poses/player_kick.png,2d
5e13863f9dadc756,images/civilian/androgynous/clean_pixel/unknown/kenney_cc0_2d/action/5e13863f9dadc756_player_skid.png,civilian,androgynous,unknown,clean_pixel,kenney_cc0_2d,https://github.com/shorepine/kenney,CC0,action,80x110,False,5e13863f9dadc7569f73d0f990fa663b830dbfae9dfab3183c8c3dbec2803338,2d/Platformer Characters 1/Player/Poses/player_skid.png,2d
b0ae028ecb625937,images/civilian/androgynous/clean_pixel/unknown/kenney_cc0_2d/action/b0ae028ecb625937_player_slide.png,civilian,androgynous,unknown,clean_pixel,kenney_cc0_2d,https://github.com/shorepine/kenney,CC0,action,80x110,False,b0ae028ecb6259375e4b840d6ff1cae29ab97253c2c10a02cbe90b3170889169,2d/Platformer Characters 1/Player/Poses/player_slide.png,2d
02e212ddbc205751,images/civilian/androgynous/clean_pixel/unknown/kenney_cc0_2d/idle/02e212ddbc205751_player_stand.png,civilian,androgynous,unknown,clean_pixel,kenney_cc0_2d,https://github.com/shorepine/kenney,CC0,idle,80x110,False,02e212ddbc205751416f90815fbbc231bbba31a30e833290d3f435e63c81a4c8,2d/Platformer Characters 1/Player/Poses/player_stand.png,2d
607d9e8993b85fdf,images/civilian/androgynous/clean_pixel/unknown/kenney_cc0_2d/action/607d9e8993b85fdf_player_swim1.png,civilian,androgynous,unknown,clean_pixel,kenney_cc0_2d,https://github.com/shorepine/kenney,CC0,action,80x110,False,607d9e8993b85fdf6e6242343c0de1f8acf99069d8a3ac82ac4de2ddb226b996,2d/Platformer Characters 1/Player/Poses/player_swim1.png,2d
e8a9cad3656cbf00,images/civilian/androgynous/clean_pixel/unknown/kenney_cc0_2d/action/e8a9cad3656cbf00_player_swim2.png,civilian,androgynous,unknown,clean_pixel,kenney_cc0_2d,https://github.com/shorepine/kenney,CC0,action,80x110,False,e8a9cad3656cbf00fca4ca6bc49ad9d06f9c61830186643fe893ef18d7b6a873,2d/Platformer Characters 1/Player/Poses/player_swim2.png,2d
91e409a361908ffe,images/civilian/androgynous/clean_pixel/unknown/kenney_cc0_2d/action/91e409a361908ffe_player_talk.png,civilian,androgynous,unknown,clean_pixel,kenney_cc0_2d,https://github.com/shorepine/kenney,CC0,action,80x110,False,91e409a361908ffe6ad2ac12886392fec3795bb64aec11656d55a6baff38f566,2d/Platformer Characters 1/Player/Poses/player_talk.png,2d
b9304415a1987987,images/civilian/androgynous/clean_pixel/unknown/kenney_cc0_2d/walking/b9304415a1987987_player_walk1.png,civilian,androgynous,unknown,clean_pixel,kenney_cc0_2d,https://github.com/shorepine/kenney,CC0,walking,80x110,False,b9304415a19879874f2424d4d2b4065713198bb1e419ea121a61b76a4a6d8931,2d/Platformer Characters 1/Player/Poses/player_walk1.png,2d
cac86f93ca199b0e,images/civilian/androgynous/clean_pixel/unknown/kenney_cc0_2d/walking/cac86f93ca199b0e_player_walk2.png,civilian,androgynous,unknown,clean_pixel,kenney_cc0_2d,https://github.com/shorepine/kenney,CC0,walking,80x110,False,cac86f93ca199b0e145109c33ada93b1a41ae43503adb0acabe8816f8072d24b,2d/Platformer Characters 1/Player/Poses/player_walk2.png,2d
057225ffc96e4595,images/warrior/androgynous/clean_pixel/unknown/kenney_cc0_2d/action/057225ffc96e4595_arm.png,warrior,androgynous,unknown,clean_pixel,kenney_cc0_2d,https://github.com/shorepine/kenney,CC0,action,17x33,False,057225ffc96e4595c7b786034ed7c39eb112edc320f2054e0d287409d71f4e14,2d/Platformer Characters 1/Soldier/Limbs/arm.png,2d
9fd8cc61f1466dc9,images/warrior/androgynous/clean_pixel/unknown/kenney_cc0_2d/action/9fd8cc61f1466dc9_body_back.png,warrior,androgynous,unknown,clean_pixel,kenney_cc0_2d,https://github.com/shorepine/kenney,CC0,action,39x31,False,9fd8cc61f1466dc92e75ea5f05f653f082354ab543362d72fd99c3805cf604e8,2d/Platformer Characters 1/Soldier/Limbs/body_back.png,2d
98179e3ca22a02b9,images/warrior/androgynous/clean_pixel/unknown/kenney_cc0_2d/action/98179e3ca22a02b9_body_front.png,warrior,androgynous,unknown,clean_pixel,kenney_cc0_2d,https://github.com/shorepine/kenney,CC0,action,39x31,False,98179e3ca22a02b913100d23b2bb53976af2206f4db7b3620dc77f279a2387aa,2d/Platformer Characters 1/Soldier/Limbs/body_front.png,2d
d686b9c2edd0828c,images/warrior/androgynous/clean_pixel/unknown/kenney_cc0_2d/action/d686b9c2edd0828c_hand.png,warrior,androgynous,unknown,clean_pixel,kenney_cc0_2d,https://github.com/shorepine/kenney,CC0,action,17x15,False,d686b9c2edd0828c489731db6cb446b05be0e24e393cc7f71a3e6754f84b6393,2d/Platformer Characters 1/Soldier/Limbs/hand.png,2d
8fffe09ba0b7bb64,images/warrior/androgynous/clean_pixel/unknown/kenney_cc0_2d/action/8fffe09ba0b7bb64_head.png,warrior,androgynous,unknown,clean_pixel,kenney_cc0_2d,https://github.com/shorepine/kenney,CC0,action,52x54,False,8fffe09ba0b7bb64c7aa0d09b9cb8ff8d583c84d94ac93823a931883b1f1d674,2d/Platformer Characters 1/Soldier/Limbs/head.png,2d
f8ba3b20211815d3,images/warrior/androgynous/clean_pixel/unknown/kenney_cc0_2d/action/f8ba3b20211815d3_head_back.png,warrior,androgynous,unknown,clean_pixel,kenney_cc0_2d,https://github.com/shorepine/kenney,CC0,action,52x53,False,f8ba3b20211815d33c2ab4a4838bfcb06ac19eaa8366421f3ac58d86a67de175,2d/Platformer Characters 1/Soldier/Limbs/head_back.png,2d
684832408e8d1411,images/warrior/androgynous/clean_pixel/unknown/kenney_cc0_2d/action/684832408e8d1411_head_focus.png,warrior,androgynous,unknown,clean_pixel,kenney_cc0_2d,https://github.com/shorepine/kenney,CC0,action,52x53,False,684832408e8d1411322f1e5916f096ddfadb2f4a3063ab94f07368c9218e025c,2d/Platformer Characters 1/Soldier/Limbs/head_focus.png,2d
f240094dc248c5a4,images/warrior/androgynous/clean_pixel/unknown/kenney_cc0_2d/action/f240094dc248c5a4_head_hurt.png,warrior,androgynous,unknown,clean_pixel,kenney_cc0_2d,https://github.com/shorepine/kenney,CC0,action,52x53,False,f240094dc248c5a4e25727fd221d3f6035d1571e138e337eeee032b1631ebaf0,2d/Platformer Characters 1/Soldier/Limbs/head_hurt.png,2d
206b6b28a0a610a1,images/warrior/androgynous/clean_pixel/unknown/kenney_cc0_2d/action/206b6b28a0a610a1_leg.png,warrior,androgynous,unknown,clean_pixel,kenney_cc0_2d,https://github.com/shorepine/kenney,CC0,action,21x23,False,206b6b28a0a610a123cec1b6120d0c09ec2f236d4f679fe34d843452ff89dc27,2d/Platformer Characters 1/Soldier/Limbs/leg.png,2d
9f12976ac5a064ae,images/warrior/androgynous/clean_pixel/unknown/kenney_cc0_2d/action/9f12976ac5a064ae_soldier_action1.png,warrior,androgynous,unknown,clean_pixel,kenney_cc0_2d,https://github.com/shorepine/kenney,CC0,action,80x110,False,9f12976ac5a064ae2fb77df802a3a43083a8c5d84ff5ebde387f38434beaf8ef,2d/Platformer Characters 1/Soldier/Poses/soldier_action1.png,2d
7b5f465c46a24b0c,images/warrior/androgynous/clean_pixel/unknown/kenney_cc0_2d/action/7b5f465c46a24b0c_soldier_action2.png,warrior,androgynous,unknown,clean_pixel,kenney_cc0_2d,https://github.com/shorepine/kenney,CC0,action,80x110,False,7b5f465c46a24b0c8d8a20fe7fd42e29a01bad650c67a3fbb4826af8a8e58b98,2d/Platformer Characters 1/Soldier/Poses/soldier_action2.png,2d
7f1b5c2e3e3e214c,images/warrior/androgynous/clean_pixel/unknown/kenney_cc0_2d/action/7f1b5c2e3e3e214c_soldier_back.png,warrior,androgynous,unknown,clean_pixel,kenney_cc0_2d,https://github.com/shorepine/kenney,CC0,action,80x110,False,7f1b5c2e3e3e214cbb749361c1c4cd7ddf7af6d788626c90f9bbcae78358fdba,2d/Platformer Characters 1/Soldier/Poses/soldier_back.png,2d
9682928cbd224c46,images/warrior/androgynous/clean_pixel/unknown/kenney_cc0_2d/action/9682928cbd224c46_soldier_cheer1.png,warrior,androgynous,unknown,clean_pixel,kenney_cc0_2d,https://github.com/shorepine/kenney,CC0,action,80x110,False,9682928cbd224c468cd56ccdc568f2d39a24cae597e58a29da7bdf31415a6b23,2d/Platformer Characters 1/Soldier/Poses/soldier_cheer1.png,2d
58c7b57524d86d0f,images/warrior/androgynous/clean_pixel/unknown/kenney_cc0_2d/action/58c7b57524d86d0f_soldier_cheer2.png,warrior,androgynous,unknown,clean_pixel,kenney_cc0_2d,https://github.com/shorepine/kenney,CC0,action,80x110,False,58c7b57524d86d0f03de68bf73ad6695a90db5c9ffa7046d31d1cb699fd8f2d1,2d/Platformer Characters 1/Soldier/Poses/soldier_cheer2.png,2d
d6a6d6dac1c749a8,images/warrior/androgynous/clean_pixel/unknown/kenney_cc0_2d/action/d6a6d6dac1c749a8_soldier_climb1.png,warrior,androgynous,unknown,clean_pixel,kenney_cc0_2d,https://github.com/shorepine/kenney,CC0,action,80x110,False,d6a6d6dac1c749a875ce35a759ba4c1c9d1f4b164a24b880845c94e023be569b,2d/Platformer Characters 1/Soldier/Poses/soldier_climb1.png,2d
f2c35e12c28b68d8,images/warrior/androgynous/clean_pixel/unknown/kenney_cc0_2d/action/f2c35e12c28b68d8_soldier_climb2.png,warrior,androgynous,unknown,clean_pixel,kenney_cc0_2d,https://github.com/shorepine/kenney,CC0,action,80x110,False,f2c35e12c28b68d8e033e6f9c4e96552fcc25623167c1f0ad6e4a8b755efa606,2d/Platformer Characters 1/Soldier/Poses/soldier_climb2.png,2d
6663e44399eca6ac,images/warrior/androgynous/clean_pixel/unknown/kenney_cc0_2d/action/6663e44399eca6ac_soldier_duck.png,warrior,androgynous,unknown,clean_pixel,kenney_cc0_2d,https://github.com/shorepine/kenney,CC0,action,80x110,False,6663e44399eca6ac5cffb0f324aa77dc48b6d48b9149512017eca646640a63cd,2d/Platformer Characters 1/Soldier/Poses/soldier_duck.png,2d
0b064e9261d8a934,images/warrior/androgynous/clean_pixel/unknown/kenney_cc0_2d/action/0b064e9261d8a934_soldier_fall.png,warrior,androgynous,unknown,clean_pixel,kenney_cc0_2d,https://github.com/shorepine/kenney,CC0,action,80x110,False,0b064e9261d8a9346b46c044e9dd5a921780c16858ff9020579405141d5b045a,2d/Platformer Characters 1/Soldier/Poses/soldier_fall.png,2d
4661a4f4c406accf,images/warrior/androgynous/clean_pixel/unknown/kenney_cc0_2d/action/4661a4f4c406accf_soldier_hang.png,warrior,androgynous,unknown,clean_pixel,kenney_cc0_2d,https://github.com/shorepine/kenney,CC0,action,80x110,False,4661a4f4c406accf3986bb06ba27ece795de4b8b9576a12989e7b7a0187eed7d,2d/Platformer Characters 1/Soldier/Poses/soldier_hang.png,2d
ee89ba068514087f,images/warrior/androgynous/clean_pixel/unknown/kenney_cc0_2d/action/ee89ba068514087f_soldier_hold1.png,warrior,androgynous,unknown,clean_pixel,kenney_cc0_2d,https://github.com/shorepine/kenney,CC0,action,80x110,False,ee89ba068514087f629dbed54eedce28a616762c973702aafa7e03f485d42644,2d/Platformer Characters 1/Soldier/Poses/soldier_hold1.png,2d
0633df0e2a67a845,images/warrior/androgynous/clean_pixel/unknown/kenney_cc0_2d/action/0633df0e2a67a845_soldier_hold2.png,warrior,androgynous,unknown,clean_pixel,kenney_cc0_2d,https://github.com/shorepine/kenney,CC0,action,80x110,False,0633df0e2a67a845440fb2d281097f01625116097319b0242a061d8af8a65de5,2d/Platformer Characters 1/Soldier/Poses/soldier_hold2.png,2d
abd849a85b927a0a,images/warrior/androgynous/clean_pixel/unknown/kenney_cc0_2d/action/abd849a85b927a0a_soldier_hurt.png,warrior,androgynous,unknown,clean_pixel,kenney_cc0_2d,https://github.com/shorepine/kenney,CC0,action,80x110,False,abd849a85b927a0a4afc021e73ae4e2d3aae0c4cccd5a4c6d749295a9070f7cc,2d/Platformer Characters 1/Soldier/Poses/soldier_hurt.png,2d
99dcf8b495530dbd,images/warrior/androgynous/clean_pixel/unknown/kenney_cc0_2d/idle/99dcf8b495530dbd_soldier_idle.png,warrior,androgynous,unknown,clean_pixel,kenney_cc0_2d,https://github.com/shorepine/kenney,CC0,idle,80x110,False,99dcf8b495530dbdf70a202fc5ef29f8fd1b9c4264ef93f3c1456659f8308703,2d/Platformer Characters 1/Soldier/Poses/soldier_idle.png,2d
6553e371f5061100,images/warrior/androgynous/clean_pixel/unknown/kenney_cc0_2d/action/6553e371f5061100_soldier_jump.png,warrior,androgynous,unknown,clean_pixel,kenney_cc0_2d,https://github.com/shorepine/kenney,CC0,action,80x110,False,6553e371f506110087cda55f415386fc83ce6df5dfd2f83d423a36be9ebd86e8,2d/Platformer Characters 1/Soldier/Poses/soldier_jump.png,2d
9844c2150ca2800e,images/warrior/androgynous/clean_pixel/unknown/kenney_cc0_2d/action/9844c2150ca2800e_soldier_kick.png,warrior,androgynous,unknown,clean_pixel,kenney_cc0_2d,https://github.com/shorepine/kenney,CC0,action,80x110,False,9844c2150ca2800e9aa1473d73c5cea3b075f8018b482d5c99b91bd957af0e55,2d/Platformer Characters 1/Soldier/Poses/soldier_kick.png,2d
b81d49169207d00c,images/warrior/androgynous/clean_pixel/unknown/kenney_cc0_2d/action/b81d49169207d00c_soldier_skid.png,warrior,androgynous,unknown,clean_pixel,kenney_cc0_2d,https://github.com/shorepine/kenney,CC0,action,80x110,False,b81d49169207d00c477595a0e44715a89c3c1d22b5067e2406184507b936d696,2d/Platformer Characters 1/Soldier/Poses/soldier_skid.png,2d
4ff73b769c134471,images/warrior/androgynous/clean_pixel/unknown/kenney_cc0_2d/action/4ff73b769c134471_soldier_slide.png,warrior,androgynous,unknown,clean_pixel,kenney_cc0_2d,https://github.com/shorepine/kenney,CC0,action,80x110,False,4ff73b769c134471045c56f90ede125272df957a6f0afe246a3b3897161f141a,2d/Platformer Characters 1/Soldier/Poses/soldier_slide.png,2d
2dbe7b55139a8568,images/warrior/androgynous/clean_pixel/unknown/kenney_cc0_2d/idle/2dbe7b55139a8568_soldier_stand.png,warrior,androgynous,unknown,clean_pixel,kenney_cc0_2d,https://github.com/shorepine/kenney,CC0,idle,80x110,False,2dbe7b55139a8568bc614405af738f2d912bea8700859ed34ee466d781e205c6,2d/Platformer Characters 1/Soldier/Poses/soldier_stand.png,2d
63ea868f92e83b52,images/warrior/androgynous/clean_pixel/unknown/kenney_cc0_2d/action/63ea868f92e83b52_soldier_swim1.png,warrior,androgynous,unknown,clean_pixel,kenney_cc0_2d,https://github.com/shorepine/kenney,CC0,action,80x110,False,63ea868f92e83b523bd5a87ba85bd364156b89c1e7a24ac25733236c67d22e8c,2d/Platformer Characters 1/Soldier/Poses/soldier_swim1.png,2d
68f1dee3a8d31461,images/warrior/androgynous/clean_pixel/unknown/kenney_cc0_2d/action/68f1dee3a8d31461_soldier_swim2.png,warrior,androgynous,unknown,clean_pixel,kenney_cc0_2d,https://github.com/shorepine/kenney,CC0,action,80x110,False,68f1dee3a8d314616ba1ab2fee78371d06705c868b7f4ca0ebab19bea91759ba,2d/Platformer Characters 1/Soldier/Poses/soldier_swim2.png,2d
b0e249c350d5972e,images/warrior/androgynous/clean_pixel/unknown/kenney_cc0_2d/action/b0e249c350d5972e_soldier_talk.png,warrior,androgynous,unknown,clean_pixel,kenney_cc0_2d,https://github.com/shorepine/kenney,CC0,action,80x110,False,b0e249c350d5972e31070ed3b0caa38ddce7e9baf764aa71fd6a75421f9f7796,2d/Platformer Characters 1/Soldier/Poses/soldier_talk.png,2d
0a4f74cd646ac901,images/warrior/androgynous/clean_pixel/unknown/kenney_cc0_2d/walking/0a4f74cd646ac901_soldier_walk1.png,warrior,androgynous,unknown,clean_pixel,kenney_cc0_2d,https://github.com/shorepine/kenney,CC0,walking,80x110,False,0a4f74cd646ac901671a4a48442cb52bcfe3ca51c38666048e49048c047e7ca8,2d/Platformer Characters 1/Soldier/Poses/soldier_walk1.png,2d
c0ec7e548d1c0a8b,images/warrior/androgynous/clean_pixel/unknown/kenney_cc0_2d/walking/c0ec7e548d1c0a8b_soldier_walk2.png,warrior,androgynous,unknown,clean_pixel,kenney_cc0_2d,https://github.com/shorepine/kenney,CC0,walking,80x110,False,c0ec7e548d1c0a8b4dcb94b19b006de1f49dfe1e2888485d9d1ff77f03df2348,2d/Platformer Characters 1/Soldier/Poses/soldier_walk2.png,2d
a11d26da00e46322,images/undead/androgynous/clean_pixel/unknown/kenney_cc0_2d/action/a11d26da00e46322_arm.png,undead,androgynous,unknown,clean_pixel,kenney_cc0_2d,https://github.com/shorepine/kenney,CC0,action,18x33,False,a11d26da00e463225a66d715c82a87cf9937e6e5baed1f4e9884f1fa49f110a9,2d/Platformer Characters 1/Zombie/Limbs/arm.png,2d
8cc27d0d29945c92,images/undead/androgynous/clean_pixel/unknown/kenney_cc0_2d/action/8cc27d0d29945c92_body_back.png,undead,androgynous,unknown,clean_pixel,kenney_cc0_2d,https://github.com/shorepine/kenney,CC0,action,39x31,False,8cc27d0d29945c926e742d4b66f86f401c791b3b9d348f8e1d3b5eba2ee39b8a,2d/Platformer Characters 1/Zombie/Limbs/body_back.png,2d
dddcb44a1b9682c6,images/undead/androgynous/clean_pixel/unknown/kenney_cc0_2d/action/dddcb44a1b9682c6_body_front.png,undead,androgynous,unknown,clean_pixel,kenney_cc0_2d,https://github.com/shorepine/kenney,CC0,action,39x31,False,dddcb44a1b9682c6eab443f06062a521af116783a31f05a8e04a1b9cf74927c1,2d/Platformer Characters 1/Zombie/Limbs/body_front.png,2d
f8a577fca2639f1d,images/undead/androgynous/clean_pixel/unknown/kenney_cc0_2d/action/f8a577fca2639f1d_hand.png,undead,androgynous,unknown,clean_pixel,kenney_cc0_2d,https://github.com/shorepine/kenney,CC0,action,17x15,False,f8a577fca2639f1db973fa206dcc8eefba95833696e6194111f6766a7bd84c74,2d/Platformer Characters 1/Zombie/Limbs/hand.png,2d
2c5ae7b211a4e4ce,images/undead/androgynous/clean_pixel/unknown/kenney_cc0_2d/action/2c5ae7b211a4e4ce_head.png,undead,androgynous,unknown,clean_pixel,kenney_cc0_2d,https://github.com/shorepine/kenney,CC0,action,52x52,False,2c5ae7b211a4e4cefbd374d8c506fb5649112bcdee3f55903a431c51bc65ee29,2d/Platformer Characters 1/Zombie/Limbs/head.png,2d
f977583e8a87b40e,images/undead/androgynous/clean_pixel/unknown/kenney_cc0_2d/action/f977583e8a87b40e_head_back.png,undead,androgynous,unknown,clean_pixel,kenney_cc0_2d,https://github.com/shorepine/kenney,CC0,action,53x51,False,f977583e8a87b40ee59cd025da89175cd6614fe7f09d07854611e5ffe5c77e53,2d/Platformer Characters 1/Zombie/Limbs/head_back.png,2d
dfc4c94a0648226d,images/undead/androgynous/clean_pixel/unknown/kenney_cc0_2d/action/dfc4c94a0648226d_head_focus.png,undead,androgynous,unknown,clean_pixel,kenney_cc0_2d,https://github.com/shorepine/kenney,CC0,action,52x51,False,dfc4c94a0648226d9fa204844bf441e02fe53b1f73320d81bdc5caa8ebc8176f,2d/Platformer Characters 1/Zombie/Limbs/head_focus.png,2d
fb6dff933e083acf,images/undead/androgynous/clean_pixel/unknown/kenney_cc0_2d/action/fb6dff933e083acf_head_hurt.png,undead,androgynous,unknown,clean_pixel,kenney_cc0_2d,https://github.com/shorepine/kenney,CC0,action,52x51,False,fb6dff933e083acfe5efc313573655fa4597636e13d95c591011d2f9423319e4,2d/Platformer Characters 1/Zombie/Limbs/head_hurt.png,2d
d1b908d44217e50a,images/undead/androgynous/clean_pixel/unknown/kenney_cc0_2d/action/d1b908d44217e50a_leg.png,undead,androgynous,unknown,clean_pixel,kenney_cc0_2d,https://github.com/shorepine/kenney,CC0,action,21x23,False,d1b908d44217e50acc2ca12081e5c8428c67bf7d30098a9f98a9b804596ca3b0,2d/Platformer Characters 1/Zombie/Limbs/leg.png,2d
a76cd1c6318d2adf,images/undead/androgynous/clean_pixel/unknown/kenney_cc0_2d/action/a76cd1c6318d2adf_zombie_action1.png,undead,androgynous,unknown,clean_pixel,kenney_cc0_2d,https://github.com/shorepine/kenney,CC0,action,80x110,False,a76cd1c6318d2adf8ebbfc80f74e17be2fbfcff285e3234bf436b66ef79148e2,2d/Platformer Characters 1/Zombie/Poses/zombie_action1.png,2d
4d5f5e2e2a28b83f,images/undead/androgynous/clean_pixel/unknown/kenney_cc0_2d/action/4d5f5e2e2a28b83f_zombie_action2.png,undead,androgynous,unknown,clean_pixel,kenney_cc0_2d,https://github.com/shorepine/kenney,CC0,action,80x110,False,4d5f5e2e2a28b83fb5ce56b6d69ad767446c86a18f3362f8556ab656912787e1,2d/Platformer Characters 1/Zombie/Poses/zombie_action2.png,2d
6aa41e7491526c22,images/undead/androgynous/clean_pixel/unknown/kenney_cc0_2d/action/6aa41e7491526c22_zombie_back.png,undead,androgynous,unknown,clean_pixel,kenney_cc0_2d,https://github.com/shorepine/kenney,CC0,action,80x110,False,6aa41e7491526c225ae48965b7372aa92c8c3346a363754fe75f0e0739c0650e,2d/Platformer Characters 1/Zombie/Poses/zombie_back.png,2d
38b588c26316136c,images/undead/androgynous/clean_pixel/unknown/kenney_cc0_2d/action/38b588c26316136c_zombie_cheer1.png,undead,androgynous,unknown,clean_pixel,kenney_cc0_2d,https://github.com/shorepine/kenney,CC0,action,80x110,False,38b588c26316136c522b31ab6139a68baa8910114781fe9daf8974135dcf20c6,2d/Platformer Characters 1/Zombie/Poses/zombie_cheer1.png,2d
27c8cb6d93448484,images/undead/androgynous/clean_pixel/unknown/kenney_cc0_2d/action/27c8cb6d93448484_zombie_cheer2.png,undead,androgynous,unknown,clean_pixel,kenney_cc0_2d,https://github.com/shorepine/kenney,CC0,action,80x110,False,27c8cb6d93448484c4f091373603cc71b21f05534e352a56edd3269046fa1ed8,2d/Platformer Characters 1/Zombie/Poses/zombie_cheer2.png,2d
cfd1a61456903e5d,images/undead/androgynous/clean_pixel/unknown/kenney_cc0_2d/action/cfd1a61456903e5d_zombie_climb1.png,undead,androgynous,unknown,clean_pixel,kenney_cc0_2d,https://github.com/shorepine/kenney,CC0,action,80x110,False,cfd1a61456903e5d25300afba72ec5363b4e935bdb046c8d64547f9d9887ede8,2d/Platformer Characters 1/Zombie/Poses/zombie_climb1.png,2d
5aebdd6a06fcea2e,images/undead/androgynous/clean_pixel/unknown/kenney_cc0_2d/action/5aebdd6a06fcea2e_zombie_climb2.png,undead,androgynous,unknown,clean_pixel,kenney_cc0_2d,https://github.com/shorepine/kenney,CC0,action,80x110,False,5aebdd6a06fcea2e5d080e864c94c319d2228a62ea7404b8b210f6450a29a361,2d/Platformer Characters 1/Zombie/Poses/zombie_climb2.png,2d
3e1552b6ba74e177,images/undead/androgynous/clean_pixel/unknown/kenney_cc0_2d/action/3e1552b6ba74e177_zombie_duck.png,undead,androgynous,unknown,clean_pixel,kenney_cc0_2d,https://github.com/shorepine/kenney,CC0,action,80x110,False,3e1552b6ba74e177dcbc70749ca9ef0269051d7be327a3fdbfd0fc559d7ac561,2d/Platformer Characters 1/Zombie/Poses/zombie_duck.png,2d
6c4d8497d9810c06,images/undead/androgynous/clean_pixel/unknown/kenney_cc0_2d/action/6c4d8497d9810c06_zombie_fall.png,undead,androgynous,unknown,clean_pixel,kenney_cc0_2d,https://github.com/shorepine/kenney,CC0,action,80x110,False,6c4d8497d9810c069470e618c3a183e5ffb73fc4932519cd06fa793d8ec22304,2d/Platformer Characters 1/Zombie/Poses/zombie_fall.png,2d
08a7d094aec99715,images/undead/androgynous/clean_pixel/unknown/kenney_cc0_2d/action/08a7d094aec99715_zombie_hang.png,undead,androgynous,unknown,clean_pixel,kenney_cc0_2d,https://github.com/shorepine/kenney,CC0,action,80x110,False,08a7d094aec99715030b6e6beb4edd6eb09ac5c509a9bac6bf727d9da4b22c48,2d/Platformer Characters 1/Zombie/Poses/zombie_hang.png,2d
8e2deaa5f6da3117,images/undead/androgynous/clean_pixel/unknown/kenney_cc0_2d/action/8e2deaa5f6da3117_zombie_hold1.png,undead,androgynous,unknown,clean_pixel,kenney_cc0_2d,https://github.com/shorepine/kenney,CC0,action,80x110,False,8e2deaa5f6da31172d619b5ac005fecc522470c6a02daf72cf0bf15c6c67d015,2d/Platformer Characters 1/Zombie/Poses/zombie_hold1.png,2d
9fc24797255f1a61,images/undead/androgynous/clean_pixel/unknown/kenney_cc0_2d/action/9fc24797255f1a61_zombie_hold2.png,undead,androgynous,unknown,clean_pixel,kenney_cc0_2d,https://github.com/shorepine/kenney,CC0,action,80x110,False,9fc24797255f1a6199ff301a8f99fd1b896d3d6a5d91462602249f4b81c23af9,2d/Platformer Characters 1/Zombie/Poses/zombie_hold2.png,2d
e1e58f909b9c7c7c,images/undead/androgynous/clean_pixel/unknown/kenney_cc0_2d/action/e1e58f909b9c7c7c_zombie_hurt.png,undead,androgynous,unknown,clean_pixel,kenney_cc0_2d,https://github.com/shorepine/kenney,CC0,action,80x110,False,e1e58f909b9c7c7ca3537e53e821492c7be8b3ca269a8d8a2a3f2be697aee196,2d/Platformer Characters 1/Zombie/Poses/zombie_hurt.png,2d
40e3a864df34379a,images/undead/androgynous/clean_pixel/unknown/kenney_cc0_2d/idle/40e3a864df34379a_zombie_idle.png,undead,androgynous,unknown,clean_pixel,kenney_cc0_2d,https://github.com/shorepine/kenney,CC0,idle,80x110,False,40e3a864df34379afa6c77163040c21c02e6fb7d8b6accd218a01092069f01e6,2d/Platformer Characters 1/Zombie/Poses/zombie_idle.png,2d
838197c35520d8fe,images/undead/androgynous/clean_pixel/unknown/kenney_cc0_2d/action/838197c35520d8fe_zombie_jump.png,undead,androgynous,unknown,clean_pixel,kenney_cc0_2d,https://github.com/shorepine/kenney,CC0,action,80x110,False,838197c35520d8fe41d1d57764e6c81df7990339b2729fd81546d03a3f2a8176,2d/Platformer Characters 1/Zombie/Poses/zombie_jump.png,2d
6547b75b0c7092f2,images/undead/androgynous/clean_pixel/unknown/kenney_cc0_2d/action/6547b75b0c7092f2_zombie_kick.png,undead,androgynous,unknown,clean_pixel,kenney_cc0_2d,https://github.com/shorepine/kenney,CC0,action,80x110,False,6547b75b0c7092f21df5512adf83b9daec28d9c2e28068c0f60e96f5073647b1,2d/Platformer Characters 1/Zombie/Poses/zombie_kick.png,2d
6026d96dee62966c,images/undead/androgynous/clean_pixel/unknown/kenney_cc0_2d/action/6026d96dee62966c_zombie_skid.png,undead,androgynous,unknown,clean_pixel,kenney_cc0_2d,https://github.com/shorepine/kenney,CC0,action,80x110,False,6026d96dee62966c7019012610c823c85a2ae75b0873c0af16d06a4172036e60,2d/Platformer Characters 1/Zombie/Poses/zombie_skid.png,2d
aead2f536dd7f509,images/undead/androgynous/clean_pixel/unknown/kenney_cc0_2d/action/aead2f536dd7f509_zombie_slide.png,undead,androgynous,unknown,clean_pixel,kenney_cc0_2d,https://github.com/shorepine/kenney,CC0,action,80x110,False,aead2f536dd7f509ae20cbf1d91dd661f7bb9a9d14e516ba26d8359dbf33c4d4,2d/Platformer Characters 1/Zombie/Poses/zombie_slide.png,2d
7a96736b50f2b936,images/undead/androgynous/clean_pixel/unknown/kenney_cc0_2d/idle/7a96736b50f2b936_zombie_stand.png,undead,androgynous,unknown,clean_pixel,kenney_cc0_2d,https://github.com/shorepine/kenney,CC0,idle,80x110,False,7a96736b50f2b9367a6ebccaf496f360b2b3548e432ac103adbfb877c107ec21,2d/Platformer Characters 1/Zombie/Poses/zombie_stand.png,2d
0820cf3948a0d97a,images/undead/androgynous/clean_pixel/unknown/kenney_cc0_2d/action/0820cf3948a0d97a_zombie_swim1.png,undead,androgynous,unknown,clean_pixel,kenney_cc0_2d,https://github.com/shorepine/kenney,CC0,action,80x110,False,0820cf3948a0d97a73ba5696709ee3e461f0cd4c6781e72764ec07401af416dc,2d/Platformer Characters 1/Zombie/Poses/zombie_swim1.png,2d
4cbc925513037fe2,images/undead/androgynous/clean_pixel/unknown/kenney_cc0_2d/action/4cbc925513037fe2_zombie_swim2.png,undead,androgynous,unknown,clean_pixel,kenney_cc0_2d,https://github.com/shorepine/kenney,CC0,action,80x110,False,4cbc925513037fe26cc69e1fb35b26cbff6a8d98363ce49496f39abceca03b3c,2d/Platformer Characters 1/Zombie/Poses/zombie_swim2.png,2d
c9c208330f69ee8f,images/undead/androgynous/clean_pixel/unknown/kenney_cc0_2d/action/c9c208330f69ee8f_zombie_talk.png,undead,androgynous,unknown,clean_pixel,kenney_cc0_2d,https://github.com/shorepine/kenney,CC0,action,80x110,False,c9c208330f69ee8fa81468417f695ea17db204907d4dab253c93aceb9ff0346d,2d/Platformer Characters 1/Zombie/Poses/zombie_talk.png,2d
b006a098dd2ab6a6,images/undead/androgynous/clean_pixel/unknown/kenney_cc0_2d/walking/b006a098dd2ab6a6_zombie_walk1.png,undead,androgynous,unknown,clean_pixel,kenney_cc0_2d,https://github.com/shorepine/kenney,CC0,walking,80x110,False,b006a098dd2ab6a6dd5e31a6a37390cfa360c4f510f6fe98b61a872264196346,2d/Platformer Characters 1/Zombie/Poses/zombie_walk1.png,2d
b4e962d19a92d4b2,images/undead/androgynous/clean_pixel/unknown/kenney_cc0_2d/walking/b4e962d19a92d4b2_zombie_walk2.png,undead,androgynous,unknown,clean_pixel,kenney_cc0_2d,https://github.com/shorepine/kenney,CC0,walking,80x110,False,b4e962d19a92d4b218b21f0f9724d68f1c3ee25107010a95b25e5ce2e8a7fbcc,2d/Platformer Characters 1/Zombie/Poses/zombie_walk2.png,2d
af5a6dd8301eb719,images/civilian/androgynous/clean_pixel/unknown/kenney_cc0_2d/action/af5a6dd8301eb719_character_black_blue.png,civilian,androgynous,unknown,clean_pixel,kenney_cc0_2d,https://github.com/shorepine/kenney,CC0,action,52x36,False,af5a6dd8301eb7190a5eb46a5874997d5deb0037c1520fdd0b50f0184a6a5458,2d/Racing Pack/Characters/character_black_blue.png,2d
85a5525e0d4c0bb4,images/civilian/androgynous/clean_pixel/unknown/kenney_cc0_2d/action/85a5525e0d4c0bb4_character_black_green.png,civilian,androgynous,unknown,clean_pixel,kenney_cc0_2d,https://github.com/shorepine/kenney,CC0,action,52x36,False,85a5525e0d4c0bb4fe1d07c5fc67cb4b838028bfa4894ca85024718720f35100,2d/Racing Pack/Characters/character_black_green.png,2d
ae81b44f9f1d95a3,images/civilian/androgynous/clean_pixel/unknown/kenney_cc0_2d/action/ae81b44f9f1d95a3_character_black_red.png,civilian,androgynous,unknown,clean_pixel,kenney_cc0_2d,https://github.com/shorepine/kenney,CC0,action,52x36,False,ae81b44f9f1d95a3dddf538ec8988d1aeba73cc48dd11854f4e09f8abdbafe26,2d/Racing Pack/Characters/character_black_red.png,2d
7028eb382e263257,images/civilian/androgynous/clean_pixel/unknown/kenney_cc0_2d/action/7028eb382e263257_character_black_white.png,civilian,androgynous,unknown,clean_pixel,kenney_cc0_2d,https://github.com/shorepine/kenney,CC0,action,52x36,False,7028eb382e2632579838cd6369a15ed341a96b8dd852b633bec42dbba15d4f87,2d/Racing Pack/Characters/character_black_white.png,2d
c25f13e44d99249e,images/civilian/androgynous/clean_pixel/unknown/kenney_cc0_2d/action/c25f13e44d99249e_character_blonde_blue.png,civilian,androgynous,unknown,clean_pixel,kenney_cc0_2d,https://github.com/shorepine/kenney,CC0,action,52x36,False,c25f13e44d99249ec31b6fe341248f12124ba3934cfc25d04c98ef841727c3ca,2d/Racing Pack/Characters/character_blonde_blue.png,2d
603b2d45a3d9572c,images/civilian/androgynous/clean_pixel/unknown/kenney_cc0_2d/action/603b2d45a3d9572c_character_blonde_green.png,civilian,androgynous,unknown,clean_pixel,kenney_cc0_2d,https://github.com/shorepine/kenney,CC0,action,52x36,False,603b2d45a3d9572cc61724f95be0d45ea370af44d1607fdebc04b06823ae4e5c,2d/Racing Pack/Characters/character_blonde_green.png,2d
1b1ff99e4646a8a8,images/civilian/androgynous/clean_pixel/unknown/kenney_cc0_2d/action/1b1ff99e4646a8a8_character_blonde_red.png,civilian,androgynous,unknown,clean_pixel,kenney_cc0_2d,https://github.com/shorepine/kenney,CC0,action,52x36,False,1b1ff99e4646a8a8fc2de8ef9c1a8b114250b6fcfd803ce3faf0f6e9761c64ad,2d/Racing Pack/Characters/character_blonde_red.png,2d
4140a29a8b44fba2,images/civilian/androgynous/clean_pixel/unknown/kenney_cc0_2d/action/4140a29a8b44fba2_character_blonde_white.png,civilian,androgynous,unknown,clean_pixel,kenney_cc0_2d,https://github.com/shorepine/kenney,CC0,action,52x36,False,4140a29a8b44fba2fd80acfe29c45707cfbecc6a302cd3ba413602a54dba9591,2d/Racing Pack/Characters/character_blonde_white.png,2d
cd3f9f0b94fc2f01,images/civilian/androgynous/clean_pixel/unknown/kenney_cc0_2d/action/cd3f9f0b94fc2f01_character_brown_blue.png,civilian,androgynous,unknown,clean_pixel,kenney_cc0_2d,https://github.com/shorepine/kenney,CC0,action,52x36,False,cd3f9f0b94fc2f01cd9fe8539c2cb3c5caa5ad2e28b58edccc49f87f2e3d607b,2d/Racing Pack/Characters/character_brown_blue.png,2d
ddf2fc276a23c60f,images/civilian/androgynous/clean_pixel/unknown/kenney_cc0_2d/action/ddf2fc276a23c60f_character_brown_green.png,civilian,androgynous,unknown,clean_pixel,kenney_cc0_2d,https://github.com/shorepine/kenney,CC0,action,52x36,False,ddf2fc276a23c60f03ccb08e7db0939fd89823d2c48c9cd6e01c4072dded0de9,2d/Racing Pack/Characters/character_brown_green.png,2d
430bf9cbb40fe0e1,images/civilian/androgynous/clean_pixel/unknown/kenney_cc0_2d/action/430bf9cbb40fe0e1_character_brown_red.png,civilian,androgynous,unknown,clean_pixel,kenney_cc0_2d,https://github.com/shorepine/kenney,CC0,action,52x36,False,430bf9cbb40fe0e158c8786483148328e57bba84d8cb7f46c0b41e6ad951602f,2d/Racing Pack/Characters/character_brown_red.png,2d
2478683ccffd1ecd,images/civilian/androgynous/clean_pixel/unknown/kenney_cc0_2d/action/2478683ccffd1ecd_character_brown_white.png,civilian,androgynous,unknown,clean_pixel,kenney_cc0_2d,https://github.com/shorepine/kenney,CC0,action,52x36,False,2478683ccffd1ecd33814d6671941c63a4c27783fa4709ac2dba6e58295e080e,2d/Racing Pack/Characters/character_brown_white.png,2d
922ba3243f9eb95d,images/civilian/androgynous/clean_pixel/unknown/kenney_cc0_2d/action/922ba3243f9eb95d_racer_black.png,civilian,androgynous,unknown,clean_pixel,kenney_cc0_2d,https://github.com/shorepine/kenney,CC0,action,42x51,False,922ba3243f9eb95d88fee3b49e96cdf46e974ce7a5f1709b509b0098ebc186ee,2d/Racing Pack/Characters/racer_black.png,2d
5e8b29e99f2c4055,images/civilian/androgynous/clean_pixel/unknown/kenney_cc0_2d/action/5e8b29e99f2c4055_racer_blue.png,civilian,androgynous,unknown,clean_pixel,kenney_cc0_2d,https://github.com/shorepine/kenney,CC0,action,42x51,False,5e8b29e99f2c4055d7a5a2c4ad883f50a3e40c7883a7da1be3e47557f3ba371b,2d/Racing Pack/Characters/racer_blue.png,2d
17a7f5d8a25587ba,images/civilian/androgynous/clean_pixel/unknown/kenney_cc0_2d/action/17a7f5d8a25587ba_racer_green.png,civilian,androgynous,unknown,clean_pixel,kenney_cc0_2d,https://github.com/shorepine/kenney,CC0,action,42x51,False,17a7f5d8a25587ba2fec0b953d7c1b95a60116da3be581691a22d244e8ce0987,2d/Racing Pack/Characters/racer_green.png,2d
0f713cc199578191,images/civilian/androgynous/clean_pixel/unknown/kenney_cc0_2d/action/0f713cc199578191_racer_red.png,civilian,androgynous,unknown,clean_pixel,kenney_cc0_2d,https://github.com/shorepine/kenney,CC0,action,42x51,False,0f713cc1995781912bcf437888b53ce0a683386a5425d365e365aef42f2bad0a,2d/Racing Pack/Characters/racer_red.png,2d
f037549193005003,images/civilian/androgynous/clean_pixel/unknown/kenney_cc0_2d/action/f037549193005003_racer_yellow.png,civilian,androgynous,unknown,clean_pixel,kenney_cc0_2d,https://github.com/shorepine/kenney,CC0,action,42x51,False,f037549193005003724b6fdc2eb9cab19ff9042c8ec289037c8e7ba82c4bdc6b,2d/Racing Pack/Characters/racer_yellow.png,2d
7363e2165b6fad29,images/civilian/androgynous/clean_pixel/unknown/kenney_cc0_2d/action/7363e2165b6fad29_green_character.png,civilian,androgynous,unknown,clean_pixel,kenney_cc0_2d,https://github.com/shorepine/kenney,CC0,action,64x64,False,7363e2165b6fad29d772aacd11709fbb26243999c5a300046b020dd4fa826b3c,2d/Scribble Dungeons/Default (64px)/Characters/green_character.png,2d
6ab6681002435714,images/civilian/androgynous/clean_pixel/unknown/kenney_cc0_2d/action/6ab6681002435714_green_hand.png,civilian,androgynous,unknown,clean_pixel,kenney_cc0_2d,https://github.com/shorepine/kenney,CC0,action,64x64,False,6ab6681002435714468791ff8edaa67e9ab3b7d7dcf1cb4027acdea1168aeb79,2d/Scribble Dungeons/Default (64px)/Characters/green_hand.png,2d
82957e7087f18158,images/civilian/androgynous/clean_pixel/unknown/kenney_cc0_2d/action/82957e7087f18158_purple_character.png,civilian,androgynous,unknown,clean_pixel,kenney_cc0_2d,https://github.com/shorepine/kenney,CC0,action,64x64,False,82957e7087f18158a7ac1072b72233b6238328cb8b05312ed1b926c3af9c4ec8,2d/Scribble Dungeons/Default (64px)/Characters/purple_character.png,2d
0c7893c113c5b24c,images/civilian/androgynous/clean_pixel/unknown/kenney_cc0_2d/action/0c7893c113c5b24c_purple_hand.png,civilian,androgynous,unknown,clean_pixel,kenney_cc0_2d,https://github.com/shorepine/kenney,CC0,action,64x64,False,0c7893c113c5b24cb91e6cd43f9dc5c008ff93f6ffb0b124e6afdc4bd22a4e39,2d/Scribble Dungeons/Default (64px)/Characters/purple_hand.png,2d
5d6191f3fda92c38,images/civilian/androgynous/clean_pixel/unknown/kenney_cc0_2d/action/5d6191f3fda92c38_red_character.png,civilian,androgynous,unknown,clean_pixel,kenney_cc0_2d,https://github.com/shorepine/kenney,CC0,action,64x64,False,5d6191f3fda92c387bea5a6733897a550deddc11bfb98810f94b92c5d6f29479,2d/Scribble Dungeons/Default (64px)/Characters/red_character.png,2d
dc8da58578e2bfa8,images/civilian/androgynous/clean_pixel/unknown/kenney_cc0_2d/action/dc8da58578e2bfa8_red_hand.png,civilian,androgynous,unknown,clean_pixel,kenney_cc0_2d,https://github.com/shorepine/kenney,CC0,action,64x64,False,dc8da58578e2bfa8553ab216912df1e790d2bda0aeb6d71e9036a15f05980969,2d/Scribble Dungeons/Default (64px)/Characters/red_hand.png,2d
dea727c1f07cc2bc,images/civilian/androgynous/clean_pixel/unknown/kenney_cc0_2d/action/dea727c1f07cc2bc_yellow_character.png,civilian,androgynous,unknown,clean_pixel,kenney_cc0_2d,https://github.com/shorepine/kenney,CC0,action,64x64,False,dea727c1f07cc2bc9cbd286f98ce3dd2c731f228abd951dad4125c821f9a4762,2d/Scribble Dungeons/Default (64px)/Characters/yellow_character.png,2d
02cea25e6e6f67e0,images/civilian/androgynous/clean_pixel/unknown/kenney_cc0_2d/action/02cea25e6e6f67e0_yellow_hand.png,civilian,androgynous,unknown,clean_pixel,kenney_cc0_2d,https://github.com/shorepine/kenney,CC0,action,64x64,False,02cea25e6e6f67e0be90cba5d3e89d4cda5365dfcb683886d8be294184672abf,2d/Scribble Dungeons/Default (64px)/Characters/yellow_hand.png,2d
f94e272a7b4efca2,images/civilian/androgynous/clean_pixel/unknown/kenney_cc0_2d/action/f94e272a7b4efca2_green_character.png,civilian,androgynous,unknown,clean_pixel,kenney_cc0_2d,https://github.com/shorepine/kenney,CC0,action,128x128,False,f94e272a7b4efca28d4a6a5745a098191d25e77a135dc34c932bc64fec996f23,2d/Scribble Dungeons/Double (128px)/Characters/green_character.png,2d
3cded4be44e5a51c,images/civilian/androgynous/clean_pixel/unknown/kenney_cc0_2d/action/3cded4be44e5a51c_green_hand.png,civilian,androgynous,unknown,clean_pixel,kenney_cc0_2d,https://github.com/shorepine/kenney,CC0,action,128x128,False,3cded4be44e5a51c5117f2d331de88b252916d2c50fbc774c7e7c0772f36ad9a,2d/Scribble Dungeons/Double (128px)/Characters/green_hand.png,2d
648ed3e220127192,images/civilian/androgynous/clean_pixel/unknown/kenney_cc0_2d/action/648ed3e220127192_purple_character.png,civilian,androgynous,unknown,clean_pixel,kenney_cc0_2d,https://github.com/shorepine/kenney,CC0,action,128x128,False,648ed3e2201271922bf995162cb7d3eeb342666374744691112b47f6250ee346,2d/Scribble Dungeons/Double (128px)/Characters/purple_character.png,2d
8b5be9cfc23c2188,images/civilian/androgynous/clean_pixel/unknown/kenney_cc0_2d/action/8b5be9cfc23c2188_purple_hand.png,civilian,androgynous,unknown,clean_pixel,kenney_cc0_2d,https://github.com/shorepine/kenney,CC0,action,128x128,False,8b5be9cfc23c2188795d218782cf9ed3b3d726b36046ecf903bef232f5976d0c,2d/Scribble Dungeons/Double (128px)/Characters/purple_hand.png,2d
53972123ecbc0265,images/civilian/androgynous/clean_pixel/unknown/kenney_cc0_2d/action/53972123ecbc0265_red_character.png,civilian,androgynous,unknown,clean_pixel,kenney_cc0_2d,https://github.com/shorepine/kenney,CC0,action,128x128,False,53972123ecbc0265ca39df71717296bceea42a33fc67b7517c7a61ad26fd7cab,2d/Scribble Dungeons/Double (128px)/Characters/red_character.png,2d
e91148da4c960b18,images/civilian/androgynous/clean_pixel/unknown/kenney_cc0_2d/action/e91148da4c960b18_red_hand.png,civilian,androgynous,unknown,clean_pixel,kenney_cc0_2d,https://github.com/shorepine/kenney,CC0,action,128x128,False,e91148da4c960b18ddbbc1ba9505dfbff286b56ed7c1ea40a3d87f03bc83ae7a,2d/Scribble Dungeons/Double (128px)/Characters/red_hand.png,2d
d8adc54b1c8c4f65,images/civilian/androgynous/clean_pixel/unknown/kenney_cc0_2d/action/d8adc54b1c8c4f65_yellow_character.png,civilian,androgynous,unknown,clean_pixel,kenney_cc0_2d,https://github.com/shorepine/kenney,CC0,action,128x128,False,d8adc54b1c8c4f65e965203fd6faaa022c195e7b652d5aea48585261fd0c9663,2d/Scribble Dungeons/Double (128px)/Characters/yellow_character.png,2d
7077673459e8c53a,images/civilian/androgynous/clean_pixel/unknown/kenney_cc0_2d/action/7077673459e8c53a_yellow_hand.png,civilian,androgynous,unknown,clean_pixel,kenney_cc0_2d,https://github.com/shorepine/kenney,CC0,action,128x128,False,7077673459e8c53a269ebfebed0a8a44c5525aa26a9e2ba36b14ef6d15c937e1,2d/Scribble Dungeons/Double (128px)/Characters/yellow_hand.png,2d
b681cdbc0187d8b9,images/civilian/androgynous/clean_pixel/unknown/kenney_cc0_2d/action/b681cdbc0187d8b9_character_handGreen.png,civilian,androgynous,unknown,clean_pixel,kenney_cc0_2d,https://github.com/shorepine/kenney,CC0,action,64x64,False,b681cdbc0187d8b9309ed34c0a82a86ed99c98d3e4468fa672cd48fc5fd985bd,2d/Scribble Platformer/character_handGreen.png,2d
7ffb84e3094dd6f4,images/civilian/androgynous/clean_pixel/unknown/kenney_cc0_2d/action/7ffb84e3094dd6f4_character_handPurple.png,civilian,androgynous,unknown,clean_pixel,kenney_cc0_2d,https://github.com/shorepine/kenney,CC0,action,64x64,False,7ffb84e3094dd6f4bd52fe70aafe916d9350ea7cbe8b7d39a2b0e623d765dc84,2d/Scribble Platformer/character_handPurple.png,2d
79c695473297ee3b,images/civilian/androgynous/clean_pixel/unknown/kenney_cc0_2d/action/79c695473297ee3b_character_handRed.png,civilian,androgynous,unknown,clean_pixel,kenney_cc0_2d,https://github.com/shorepine/kenney,CC0,action,64x64,False,79c695473297ee3b432fbdd80578e0e13a5dc31c616546fb207e614cbea7ab23,2d/Scribble Platformer/character_handRed.png,2d
336e624af811ac84,images/civilian/androgynous/clean_pixel/unknown/kenney_cc0_2d/action/336e624af811ac84_character_handYellow.png,civilian,androgynous,unknown,clean_pixel,kenney_cc0_2d,https://github.com/shorepine/kenney,CC0,action,64x64,False,336e624af811ac84c61f1b5e96e615816154c24e612fcbcebbd5a4cd9820dc75,2d/Scribble Platformer/character_handYellow.png,2d
51fa1d5308899fa1,images/civilian/androgynous/clean_pixel/unknown/kenney_cc0_2d/action/51fa1d5308899fa1_character_roundGreen.png,civilian,androgynous,unknown,clean_pixel,kenney_cc0_2d,https://github.com/shorepine/kenney,CC0,action,64x64,False,51fa1d5308899fa10cf3ab458a108e7655874e22f81b639be3b9475fd1a0a693,2d/Scribble Platformer/character_roundGreen.png,2d
32143586f6af77df,images/civilian/androgynous/clean_pixel/unknown/kenney_cc0_2d/action/32143586f6af77df_character_roundPurple.png,civilian,androgynous,unknown,clean_pixel,kenney_cc0_2d,https://github.com/shorepine/kenney,CC0,action,64x64,False,32143586f6af77df6054b600cd71b7847cba44a55e1f1aa5aaf9ecdecfcfd8a5,2d/Scribble Platformer/character_roundPurple.png,2d
37e1a98bc0ac36c6,images/civilian/androgynous/clean_pixel/unknown/kenney_cc0_2d/action/37e1a98bc0ac36c6_character_roundRed.png,civilian,androgynous,unknown,clean_pixel,kenney_cc0_2d,https://github.com/shorepine/kenney,CC0,action,64x64,False,37e1a98bc0ac36c670f056ed19a182c0bf58e8853b517f8aa9a2e3549a590541,2d/Scribble Platformer/character_roundRed.png,2d
4bac7b576fcf079b,images/civilian/androgynous/clean_pixel/unknown/kenney_cc0_2d/action/4bac7b576fcf079b_character_roundYellow.png,civilian,androgynous,unknown,clean_pixel,kenney_cc0_2d,https://github.com/shorepine/kenney,CC0,action,64x64,False,4bac7b576fcf079b0805a3889e780f525dc6e4c14a6fa978cbd5d4d4faff71c6,2d/Scribble Platformer/character_roundYellow.png,2d
c04df3b098e7884d,images/civilian/androgynous/clean_pixel/unknown/kenney_cc0_2d/action/c04df3b098e7884d_character_squareGreen.png,civilian,androgynous,unknown,clean_pixel,kenney_cc0_2d,https://github.com/shorepine/kenney,CC0,action,64x64,False,c04df3b098e7884d6c244969f5dc7a0178d575bf64ef1badfca0557475f6c4a3,2d/Scribble Platformer/character_squareGreen.png,2d
68f027d83a18de45,images/civilian/androgynous/clean_pixel/unknown/kenney_cc0_2d/action/68f027d83a18de45_character_squarePurple.png,civilian,androgynous,unknown,clean_pixel,kenney_cc0_2d,https://github.com/shorepine/kenney,CC0,action,64x64,False,68f027d83a18de45106cbb2f9517380ad3115245557465cab21a36549fc409ef,2d/Scribble Platformer/character_squarePurple.png,2d
9f568b38bc583797,images/civilian/androgynous/clean_pixel/unknown/kenney_cc0_2d/action/9f568b38bc583797_character_squareRed.png,civilian,androgynous,unknown,clean_pixel,kenney_cc0_2d,https://github.com/shorepine/kenney,CC0,action,64x64,False,9f568b38bc58379701e6ba90d6250704d877b140f0e467e86b93d4edcff8d15d,2d/Scribble Platformer/character_squareRed.png,2d
9e3e23b03023db43,images/civilian/androgynous/clean_pixel/unknown/kenney_cc0_2d/action/9e3e23b03023db43_character_squareYellow.png,civilian,androgynous,unknown,clean_pixel,kenney_cc0_2d,https://github.com/shorepine/kenney,CC0,action,64x64,False,9e3e23b03023db439333d9839480f0552a8f99dd11b9564ca43644cd0ca21f4b,2d/Scribble Platformer/character_squareYellow.png,2d
821073db98c3d201,images/civilian/androgynous/clean_pixel/unknown/kenney_cc0_2d/action/821073db98c3d201_character_handGreen.png,civilian,androgynous,unknown,clean_pixel,kenney_cc0_2d,https://github.com/shorepine/kenney,CC0,action,128x129,False,821073db98c3d201e9909ed178a4932f30c45ad6a2a94d0755f20ec6d2dea6dd,2d/Scribble Platformer/Retina/character_handGreen.png,2d
1f95e79ae0d8d604,images/civilian/androgynous/clean_pixel/unknown/kenney_cc0_2d/action/1f95e79ae0d8d604_character_handPurple.png,civilian,androgynous,unknown,clean_pixel,kenney_cc0_2d,https://github.com/shorepine/kenney,CC0,action,128x129,False,1f95e79ae0d8d604e502096945e63a6fdd7c5e77d73facdc5d038cf0d60851b7,2d/Scribble Platformer/Retina/character_handPurple.png,2d
2dbfbab4799848c5,images/civilian/androgynous/clean_pixel/unknown/kenney_cc0_2d/action/2dbfbab4799848c5_character_handRed.png,civilian,androgynous,unknown,clean_pixel,kenney_cc0_2d,https://github.com/shorepine/kenney,CC0,action,128x129,False,2dbfbab4799848c59d70030b8ab647c6cf01574474a2d01d00bc86f4f5cdffcb,2d/Scribble Platformer/Retina/character_handRed.png,2d
ea93e55d9aea6181,images/civilian/androgynous/clean_pixel/unknown/kenney_cc0_2d/action/ea93e55d9aea6181_character_handYellow.png,civilian,androgynous,unknown,clean_pixel,kenney_cc0_2d,https://github.com/shorepine/kenney,CC0,action,128x129,False,ea93e55d9aea61811ca163ffbbdc43c8a905c89d6a4f9cb7917256f959f50d8c,2d/Scribble Platformer/Retina/character_handYellow.png,2d
d597e7c1c4bd1c3b,images/civilian/androgynous/clean_pixel/unknown/kenney_cc0_2d/action/d597e7c1c4bd1c3b_character_roundGreen.png,civilian,androgynous,unknown,clean_pixel,kenney_cc0_2d,https://github.com/shorepine/kenney,CC0,action,128x128,False,d597e7c1c4bd1c3b0927eac607f550e41d4ad90a18fdecbc630435a2f16a502e,2d/Scribble Platformer/Retina/character_roundGreen.png,2d
16666aaea5aeead3,images/civilian/androgynous/clean_pixel/unknown/kenney_cc0_2d/action/16666aaea5aeead3_character_roundPurple.png,civilian,androgynous,unknown,clean_pixel,kenney_cc0_2d,https://github.com/shorepine/kenney,CC0,action,128x128,False,16666aaea5aeead34041f0fda4ab8768733146408b7012e918f204d591499fbc,2d/Scribble Platformer/Retina/character_roundPurple.png,2d
b21a5b3cc5bb5a50,images/civilian/androgynous/clean_pixel/unknown/kenney_cc0_2d/action/b21a5b3cc5bb5a50_character_roundRed.png,civilian,androgynous,unknown,clean_pixel,kenney_cc0_2d,https://github.com/shorepine/kenney,CC0,action,128x128,False,b21a5b3cc5bb5a500a8ee3f8b28387813b7e5e4b856d9152510a1afd805ccb04,2d/Scribble Platformer/Retina/character_roundRed.png,2d
21a55cb8c09ab8ab,images/civilian/androgynous/clean_pixel/unknown/kenney_cc0_2d/action/21a55cb8c09ab8ab_character_roundYellow.png,civilian,androgynous,unknown,clean_pixel,kenney_cc0_2d,https://github.com/shorepine/kenney,CC0,action,128x128,False,21a55cb8c09ab8ab6838950e53bc50d1d3c9d270cba9c5377ad12c20a826c82e,2d/Scribble Platformer/Retina/character_roundYellow.png,2d
e3dc410e44f66182,images/civilian/androgynous/clean_pixel/unknown/kenney_cc0_2d/action/e3dc410e44f66182_character_squareGreen.png,civilian,androgynous,unknown,clean_pixel,kenney_cc0_2d,https://github.com/shorepine/kenney,CC0,action,128x128,False,e3dc410e44f661829ec74a2bc5cbae3502c27fabe687d2b84eebec9c20981b86,2d/Scribble Platformer/Retina/character_squareGreen.png,2d
bf25affb43114229,images/civilian/androgynous/clean_pixel/unknown/kenney_cc0_2d/action/bf25affb43114229_character_squarePurple.png,civilian,androgynous,unknown,clean_pixel,kenney_cc0_2d,https://github.com/shorepine/kenney,CC0,action,128x128,False,bf25affb43114229520ec4e91f9a4788a6f2b0f3ba9c7d9a74336c10e1a15d53,2d/Scribble Platformer/Retina/character_squarePurple.png,2d
70b160887349abd9,images/civilian/androgynous/clean_pixel/unknown/kenney_cc0_2d/action/70b160887349abd9_character_squareRed.png,civilian,androgynous,unknown,clean_pixel,kenney_cc0_2d,https://github.com/shorepine/kenney,CC0,action,128x128,False,70b160887349abd92eceaca28721b31a6433193eac298c834e1e6e04736237ab,2d/Scribble Platformer/Retina/character_squareRed.png,2d
4137679dad24620d,images/civilian/androgynous/clean_pixel/unknown/kenney_cc0_2d/action/4137679dad24620d_character_squareYellow.png,civilian,androgynous,unknown,clean_pixel,kenney_cc0_2d,https://github.com/shorepine/kenney,CC0,action,128x128,False,4137679dad24620d1c017631e5d15dc324be68c3a3f2b1c7e9bde13431dc8319,2d/Scribble Platformer/Retina/character_squareYellow.png,2d
f5608d63dab527cb,images/civilian/androgynous/clean_pixel/unknown/kenney_cc0_2d/action/f5608d63dab527cb_blue_body_circle.png,civilian,androgynous,unknown,clean_pixel,kenney_cc0_2d,https://github.com/shorepine/kenney,CC0,action,80x80,False,f5608d63dab527cbb5a9afefbbd87e14cf05add9589b7c85db3c79c0b48c0993,2d/Shape Characters/blue_body_circle.png,2d
d3f8530c7e04c9ce,images/civilian/androgynous/clean_pixel/unknown/kenney_cc0_2d/action/d3f8530c7e04c9ce_blue_body_rhombus.png,civilian,androgynous,unknown,clean_pixel,kenney_cc0_2d,https://github.com/shorepine/kenney,CC0,action,80x80,False,d3f8530c7e04c9cee6cf8a2d6daedaf7ad29c776b776a0890d522d71bc3bc17a,2d/Shape Characters/blue_body_rhombus.png,2d
c73aa080d6964bf7,images/civilian/androgynous/clean_pixel/unknown/kenney_cc0_2d/action/c73aa080d6964bf7_blue_body_square.png,civilian,androgynous,unknown,clean_pixel,kenney_cc0_2d,https://github.com/shorepine/kenney,CC0,action,80x80,False,c73aa080d6964bf7f4ad2b509aadac658c1f476b523ffff8b17bc452738cbdae,2d/Shape Characters/blue_body_square.png,2d
bfbf437bae64ff34,images/civilian/androgynous/clean_pixel/unknown/kenney_cc0_2d/action/bfbf437bae64ff34_blue_body_squircle.png,civilian,androgynous,unknown,clean_pixel,kenney_cc0_2d,https://github.com/shorepine/kenney,CC0,action,80x80,False,bfbf437bae64ff34049eb1927c042b350ecaf7d96b30df0534c220cf9bbf1f28,2d/Shape Characters/blue_body_squircle.png,2d
91685afd26786e62,images/civilian/androgynous/clean_pixel/unknown/kenney_cc0_2d/action/91685afd26786e62_blue_hand_closed.png,civilian,androgynous,unknown,clean_pixel,kenney_cc0_2d,https://github.com/shorepine/kenney,CC0,action,35x34,False,91685afd26786e62130b4e24c65f6ce2283acaec2a3c7f536ff56077783d0563,2d/Shape Characters/blue_hand_closed.png,2d
bcd1d29028f31ac3,images/civilian/androgynous/clean_pixel/unknown/kenney_cc0_2d/action/bcd1d29028f31ac3_blue_hand_open.png,civilian,androgynous,unknown,clean_pixel,kenney_cc0_2d,https://github.com/shorepine/kenney,CC0,action,34x38,False,bcd1d29028f31ac30f797afe92a5fee5377c61c1cea7389dce87ac6fd5ecae79,2d/Shape Characters/blue_hand_open.png,2d
91a745a4d290ce47,images/civilian/androgynous/clean_pixel/unknown/kenney_cc0_2d/action/91a745a4d290ce47_blue_hand_peace.png,civilian,androgynous,unknown,clean_pixel,kenney_cc0_2d,https://github.com/shorepine/kenney,CC0,action,28x40,False,91a745a4d290ce4706b3a7a2ca953bc4ded1d521e56b668df60a37945b0ac793,2d/Shape Characters/blue_hand_peace.png,2d
c94bc8b71735ae43,images/civilian/androgynous/clean_pixel/unknown/kenney_cc0_2d/action/c94bc8b71735ae43_blue_hand_point.png,civilian,androgynous,unknown,clean_pixel,kenney_cc0_2d,https://github.com/shorepine/kenney,CC0,action,34x36,False,c94bc8b71735ae430d3a681f1629175594e77f0cb5ab26c7db2a7e6cc32d485c,2d/Shape Characters/blue_hand_point.png,2d
3ae8662220082371,images/civilian/androgynous/clean_pixel/unknown/kenney_cc0_2d/action/3ae8662220082371_blue_hand_rock.png,civilian,androgynous,unknown,clean_pixel,kenney_cc0_2d,https://github.com/shorepine/kenney,CC0,action,36x38,False,3ae86622200823718fe2fd489c88cf8afa6ee84c1b511cbe3193f9eb23b03931,2d/Shape Characters/blue_hand_rock.png,2d
aaa66a5563f236bb,images/civilian/androgynous/clean_pixel/unknown/kenney_cc0_2d/action/aaa66a5563f236bb_blue_hand_thumb.png,civilian,androgynous,unknown,clean_pixel,kenney_cc0_2d,https://github.com/shorepine/kenney,CC0,action,32x38,False,aaa66a5563f236bb70915b987cd6e3f6cc5edbadcec58ce1349c5bf6a5003b84,2d/Shape Characters/blue_hand_thumb.png,2d
b9fa9654cb508c3c,images/civilian/androgynous/clean_pixel/unknown/kenney_cc0_2d/action/b9fa9654cb508c3c_blue_body_circle.png,civilian,androgynous,unknown,clean_pixel,kenney_cc0_2d,https://github.com/shorepine/kenney,CC0,action,160x160,False,b9fa9654cb508c3c36f91d873c7bbc9ac8ca568c86769c4cc324d159c6f43add,2d/Shape Characters/Double/blue_body_circle.png,2d
c48aa1502eaa2f5e,images/civilian/androgynous/clean_pixel/unknown/kenney_cc0_2d/action/c48aa1502eaa2f5e_blue_body_rhombus.png,civilian,androgynous,unknown,clean_pixel,kenney_cc0_2d,https://github.com/shorepine/kenney,CC0,action,160x160,False,c48aa1502eaa2f5ee346bb4f4049518fd57fe2faf64359c4b52756d4256093cb,2d/Shape Characters/Double/blue_body_rhombus.png,2d
b349e25f038f3276,images/civilian/androgynous/clean_pixel/unknown/kenney_cc0_2d/action/b349e25f038f3276_blue_body_square.png,civilian,androgynous,unknown,clean_pixel,kenney_cc0_2d,https://github.com/shorepine/kenney,CC0,action,160x160,False,b349e25f038f3276bfb1e246dead334a8ad1a1b8c748d075198ac8421a9f6f9c,2d/Shape Characters/Double/blue_body_square.png,2d
26d18f8ae4ff5c00,images/civilian/androgynous/clean_pixel/unknown/kenney_cc0_2d/action/26d18f8ae4ff5c00_blue_body_squircle.png,civilian,androgynous,unknown,clean_pixel,kenney_cc0_2d,https://github.com/shorepine/kenney,CC0,action,160x160,False,26d18f8ae4ff5c00d07b6768cc79451d9b560d1d25a0e83e3e13dbc95a5674c0,2d/Shape Characters/Double/blue_body_squircle.png,2d
b53042618fc410fb,images/civilian/androgynous/clean_pixel/unknown/kenney_cc0_2d/action/b53042618fc410fb_blue_hand_closed.png,civilian,androgynous,unknown,clean_pixel,kenney_cc0_2d,https://github.com/shorepine/kenney,CC0,action,70x68,False,b53042618fc410fb01a796b195c197b34f1f74049b9a14d7f4a5a4ceaa17bd6e,2d/Shape Characters/Double/blue_hand_closed.png,2d
0c99e95c3fa651ef,images/civilian/androgynous/clean_pixel/unknown/kenney_cc0_2d/action/0c99e95c3fa651ef_blue_hand_open.png,civilian,androgynous,unknown,clean_pixel,kenney_cc0_2d,https://github.com/shorepine/kenney,CC0,action,68x76,False,0c99e95c3fa651ef496d32c1dd1b19203bca7798b164f47143948f31eb99f213,2d/Shape Characters/Double/blue_hand_open.png,2d
f0f7d8ccc278fa61,images/civilian/androgynous/clean_pixel/unknown/kenney_cc0_2d/action/f0f7d8ccc278fa61_blue_hand_peace.png,civilian,androgynous,unknown,clean_pixel,kenney_cc0_2d,https://github.com/shorepine/kenney,CC0,action,56x80,False,f0f7d8ccc278fa611ac263aea77219530464be7bfec3b6e9eb33c0f11d0a3b98,2d/Shape Characters/Double/blue_hand_peace.png,2d
61ce4781ebd51769,images/civilian/androgynous/clean_pixel/unknown/kenney_cc0_2d/action/61ce4781ebd51769_blue_hand_point.png,civilian,androgynous,unknown,clean_pixel,kenney_cc0_2d,https://github.com/shorepine/kenney,CC0,action,68x72,False,61ce4781ebd51769a3ca219aaf80486ecd3fa4bac25e84225329329a3438bc91,2d/Shape Characters/Double/blue_hand_point.png,2d
f1bd894fda896a66,images/civilian/androgynous/clean_pixel/unknown/kenney_cc0_2d/action/f1bd894fda896a66_blue_hand_rock.png,civilian,androgynous,unknown,clean_pixel,kenney_cc0_2d,https://github.com/shorepine/kenney,CC0,action,72x76,False,f1bd894fda896a6698aa703682f7fb4435c4056196b800f15254627a0fca5ea7,2d/Shape Characters/Double/blue_hand_rock.png,2d
746f166dca4fa6b9,images/civilian/androgynous/clean_pixel/unknown/kenney_cc0_2d/action/746f166dca4fa6b9_blue_hand_thumb.png,civilian,androgynous,unknown,clean_pixel,kenney_cc0_2d,https://github.com/shorepine/kenney,CC0,action,64x76,False,746f166dca4fa6b998c209487e5a87adea65976f0b88ac3d2c2cd1223089baf2,2d/Shape Characters/Double/blue_hand_thumb.png,2d
b23b3a839e48eb63,images/civilian/androgynous/clean_pixel/unknown/kenney_cc0_2d/action/b23b3a839e48eb63_face_a.png,civilian,androgynous,unknown,clean_pixel,kenney_cc0_2d,https://github.com/shorepine/kenney,CC0,action,100x58,False,b23b3a839e48eb6395fea5a5901c66d66834e936db0cff250fddc8c2be29b759,2d/Shape Characters/Double/face_a.png,2d
f4de3c196b2faf18,images/civilian/androgynous/clean_pixel/unknown/kenney_cc0_2d/action/f4de3c196b2faf18_face_b.png,civilian,androgynous,unknown,clean_pixel,kenney_cc0_2d,https://github.com/shorepine/kenney,CC0,action,100x48,False,f4de3c196b2faf188df45473dbd00baec229d30c92dcc0016033b918ae828b7a,2d/Shape Characters/Double/face_b.png,2d
005ec71a2b127ddb,images/civilian/androgynous/clean_pixel/unknown/kenney_cc0_2d/action/005ec71a2b127ddb_face_c.png,civilian,androgynous,unknown,clean_pixel,kenney_cc0_2d,https://github.com/shorepine/kenney,CC0,action,118x60,False,005ec71a2b127ddb490474ed40b7df01c5a0535bf12b6b29da52658f53d31fba,2d/Shape Characters/Double/face_c.png,2d
7e1801279fc48387,images/civilian/androgynous/clean_pixel/unknown/kenney_cc0_2d/action/7e1801279fc48387_face_d.png,civilian,androgynous,unknown,clean_pixel,kenney_cc0_2d,https://github.com/shorepine/kenney,CC0,action,106x66,False,7e1801279fc4838707bd0f9f97204e0a5e161d90d0e047a947812e9497329806,2d/Shape Characters/Double/face_d.png,2d
c564ea4b6d04460f,images/civilian/androgynous/clean_pixel/unknown/kenney_cc0_2d/action/c564ea4b6d04460f_face_e.png,civilian,androgynous,unknown,clean_pixel,kenney_cc0_2d,https://github.com/shorepine/kenney,CC0,action,110x80,False,c564ea4b6d04460f64086020aeb161d5372d0bd849d9b03bd6e79c7aec6c836c,2d/Shape Characters/Double/face_e.png,2d
a9d0a09633d505b9,images/civilian/androgynous/clean_pixel/unknown/kenney_cc0_2d/action/a9d0a09633d505b9_face_f.png,civilian,androgynous,unknown,clean_pixel,kenney_cc0_2d,https://github.com/shorepine/kenney,CC0,action,110x66,False,a9d0a09633d505b93bfdb8925aa39eb2e42c3ad0e4b720e3ac62cdaba388da88,2d/Shape Characters/Double/face_f.png,2d
4b3cd254bbfc5392,images/civilian/androgynous/clean_pixel/unknown/kenney_cc0_2d/action/4b3cd254bbfc5392_face_g.png,civilian,androgynous,unknown,clean_pixel,kenney_cc0_2d,https://github.com/shorepine/kenney,CC0,action,110x64,False,4b3cd254bbfc539286d329e7822ad48b28ddb23a03014b71c034d358e4dea253,2d/Shape Characters/Double/face_g.png,2d
797c034b3666e14a,images/civilian/androgynous/clean_pixel/unknown/kenney_cc0_2d/action/797c034b3666e14a_face_h.png,civilian,androgynous,unknown,clean_pixel,kenney_cc0_2d,https://github.com/shorepine/kenney,CC0,action,110x72,False,797c034b3666e14a62e5c6ae97f69f9edb2cc4a8fa4752c6b5ee99243de9cdd5,2d/Shape Characters/Double/face_h.png,2d
aa3ccd65fed62a30,images/civilian/androgynous/clean_pixel/unknown/kenney_cc0_2d/action/aa3ccd65fed62a30_face_i.png,civilian,androgynous,unknown,clean_pixel,kenney_cc0_2d,https://github.com/shorepine/kenney,CC0,action,118x84,False,aa3ccd65fed62a30157051467de1010f1d212757e7e761e765ed6631929dcd7e,2d/Shape Characters/Double/face_i.png,2d
74f9472359f28133,images/civilian/androgynous/clean_pixel/unknown/kenney_cc0_2d/action/74f9472359f28133_face_j.png,civilian,androgynous,unknown,clean_pixel,kenney_cc0_2d,https://github.com/shorepine/kenney,CC0,action,100x78,False,74f9472359f281331142d970e2b9989f8204e6e1909d2b979c6ca9093381698d,2d/Shape Characters/Double/face_j.png,2d
0d4a10044ae77bcb,images/civilian/androgynous/clean_pixel/unknown/kenney_cc0_2d/action/0d4a10044ae77bcb_face_k.png,civilian,androgynous,unknown,clean_pixel,kenney_cc0_2d,https://github.com/shorepine/kenney,CC0,action,110x80,False,0d4a10044ae77bcb9a0145d87836f03df7926fe7fb2b19773a307aacb33dd58c,2d/Shape Characters/Double/face_k.png,2d
75af58c52f00a78b,images/civilian/androgynous/clean_pixel/unknown/kenney_cc0_2d/action/75af58c52f00a78b_face_l.png,civilian,androgynous,unknown,clean_pixel,kenney_cc0_2d,https://github.com/shorepine/kenney,CC0,action,106x74,False,75af58c52f00a78b98832cb7d509a61423ed464fc93400d2905b874964f0d531,2d/Shape Characters/Double/face_l.png,2d
5a11ab3a14f5b951,images/civilian/androgynous/clean_pixel/unknown/kenney_cc0_2d/action/5a11ab3a14f5b951_facial_part_eye_closed_down.png,civilian,androgynous,unknown,clean_pixel,kenney_cc0_2d,https://github.com/shorepine/kenney,CC0,action,46x22,False,5a11ab3a14f5b951c03747e7f31ba2b12aa85b6fb97f48076b0646c3e7a4b67a,2d/Shape Characters/Double/facial_part_eye_closed_down.png,2d
869d502cd0f53703,images/civilian/androgynous/clean_pixel/unknown/kenney_cc0_2d/action/869d502cd0f53703_facial_part_eye_closed_up.png,civilian,androgynous,unknown,clean_pixel,kenney_cc0_2d,https://github.com/shorepine/kenney,CC0,action,46x22,False,869d502cd0f53703fd1bde5f755adfc42843e5456eac57f6965af0e8eb38ee97,2d/Shape Characters/Double/facial_part_eye_closed_up.png,2d
32344cbb37d06074,images/civilian/androgynous/clean_pixel/unknown/kenney_cc0_2d/action/32344cbb37d06074_facial_part_eye_half_bottom.png,civilian,androgynous,unknown,clean_pixel,kenney_cc0_2d,https://github.com/shorepine/kenney,CC0,action,40x20,False,32344cbb37d0607425fd9388438db1d5c4f27dc25d1105951d8f2a7eb51293b2,2d/Shape Characters/Double/facial_part_eye_half_bottom.png,2d
c817539a76805227,images/civilian/androgynous/clean_pixel/unknown/kenney_cc0_2d/action/c817539a76805227_facial_part_eye_half_top.png,civilian,androgynous,unknown,clean_pixel,kenney_cc0_2d,https://github.com/shorepine/kenney,CC0,action,40x20,False,c817539a76805227464920eb3d2e902cd1ab3ef8a32eca5f496e92186a589b2d,2d/Shape Characters/Double/facial_part_eye_half_top.png,2d
cee40cc3e36456a8,images/civilian/androgynous/clean_pixel/unknown/kenney_cc0_2d/action/cee40cc3e36456a8_facial_part_eye_half_top_wing.png,civilian,androgynous,unknown,clean_pixel,kenney_cc0_2d,https://github.com/shorepine/kenney,CC0,action,50x20,False,cee40cc3e36456a8b8a7bfbeb07eae3e03479b6e77c2e1ed0c2e391a7d2fb550,2d/Shape Characters/Double/facial_part_eye_half_top_wing.png,2d
ab56c3df5b1935ec,images/civilian/androgynous/clean_pixel/unknown/kenney_cc0_2d/action/ab56c3df5b1935ec_facial_part_eye_open.png,civilian,androgynous,unknown,clean_pixel,kenney_cc0_2d,https://github.com/shorepine/kenney,CC0,action,40x40,False,ab56c3df5b1935ec0eeed180246773ad130cdbb9ef7dbb3b36f473797ffbc1df,2d/Shape Characters/Double/facial_part_eye_open.png,2d
4801eb85f411047f,images/civilian/androgynous/clean_pixel/unknown/kenney_cc0_2d/action/4801eb85f411047f_facial_part_eyebrow_a.png,civilian,androgynous,unknown,clean_pixel,kenney_cc0_2d,https://github.com/shorepine/kenney,CC0,action,40x10,False,4801eb85f411047f52c7bd9d71d4840b32d176322cb5ce918c1533fb1d9708f9,2d/Shape Characters/Double/facial_part_eyebrow_a.png,2d
046a6b1087018c05,images/civilian/androgynous/clean_pixel/unknown/kenney_cc0_2d/action/046a6b1087018c05_facial_part_eyebrow_b.png,civilian,androgynous,unknown,clean_pixel,kenney_cc0_2d,https://github.com/shorepine/kenney,CC0,action,40x14,False,046a6b1087018c05b4a1bf00654d844fbccffd8db3b2ac89c57c173afe14d6ef,2d/Shape Characters/Double/facial_part_eyebrow_b.png,2d
